{"texture_size":[32,32],"elements":[{"from":[4,6,4],"to":[12,10,12],"rotation":{"angle":0,"axis":"y","origin":[8,7,8]},"faces":{"north":{"uv":[4,4,8,6],"texture":"#0"},"east":{"uv":[4,6,8,8],"texture":"#0"},"south":{"uv":[0,8,4,10],"texture":"#0"},"west":{"uv":[4,8,8,10],"texture":"#0"},"up":{"uv":[4,4,0,0],"texture":"#0"},"down":{"uv":[4,4,0,8],"texture":"#0"}}},{"from":[7,9.4,-0.4],"to":[9,9.4,3.6],"rotation":{"angle":45,"axis":"x","origin":[8,8,2]},"faces":{"north":{"uv":[8,4,12,6],"texture":"#1"},"east":{"uv":[8,7,12,9],"texture":"#1"},"south":{"uv":[0,11,4,13],"texture":"#1"},"west":{"uv":[4,11,8,13],"texture":"#1"},"up":{"uv":[2,5,0,0],"texture":"#1"},"down":{"uv":[2,0,0,5],"texture":"#1"}}},{"from":[10,9,3.9],"to":[13,12,5.9],"rotation":{"angle":-22.5,"axis":"z","origin":[11.5,10.5,4.9]},"faces":{"north":{"uv":[8,4,9.5,5.5],"texture":"#0"},"east":{"uv":[9.5,4,10.5,5.5],"texture":"#0"},"south":{"uv":[8,5.5,9.5,7],"texture":"#0"},"west":{"uv":[9.5,5.5,10.5,7],"texture":"#0"},"up":{"uv":[11,8,9.5,7],"texture":"#0"},"down":{"uv":[11,8,9.5,9],"texture":"#0"}}},{"from":[3,9,3.9],"to":[6,12,5.9],"rotation":{"angle":22.5,"axis":"z","origin":[4.5,10.5,4.9]},"faces":{"north":{"uv":[8,7,9.5,8.5],"texture":"#0"},"east":{"uv":[9.5,9,10.5,10.5],"texture":"#0"},"south":{"uv":[8,8.5,9.5,10],"texture":"#0"},"west":{"uv":[0,10,1,11.5],"texture":"#0"},"up":{"uv":[11.5,1,10,0],"texture":"#0"},"down":{"uv":[2.5,10,1,11],"texture":"#0"}}},{"from":[2,4.93863,0.44005],"to":[14,4.93863,4.44005],"rotation":{"angle":-45,"axis":"x","origin":[7,4.93863,2.94005]},"faces":{"north":{"uv":[0,0,6,0],"texture":"#0"},"east":{"uv":[0,0,2,0],"texture":"#0"},"south":{"uv":[0,0,6,0],"texture":"#0"},"west":{"uv":[0,0,2,0],"texture":"#0"},"up":{"uv":[10,2,4,0],"texture":"#0"},"down":{"uv":[10,0,4,2],"texture":"#0"}}},{"from":[9.82793,8.41301,2],"to":[13.82793,8.41301,14],"rotation":{"angle":-45,"axis":"z","origin":[8,4.58508,8]},"faces":{"north":{"uv":[0,0,2,0],"texture":"#0"},"east":{"uv":[0,0,6,0],"texture":"#0"},"south":{"uv":[0,0,2,0],"texture":"#0"},"west":{"uv":[0,0,6,0],"texture":"#0"},"up":{"uv":[4,0,10,2],"rotation":270,"texture":"#0"},"down":{"uv":[4,0,10,2],"rotation":270,"texture":"#0"}}},{"from":[2.17207,8.41301,2],"to":[6.17207,8.41301,14],"rotation":{"angle":45,"axis":"z","origin":[8,4.58508,8]},"faces":{"north":{"uv":[2,0,0,0],"texture":"#0"},"east":{"uv":[6,0,0,0],"texture":"#0"},"south":{"uv":[2,0,0,0],"texture":"#0"},"west":{"uv":[6,0,0,0],"texture":"#0"},"up":{"uv":[4,2,10,0],"rotation":270,"texture":"#0"},"down":{"uv":[4,2,10,0],"rotation":270,"texture":"#0"}}},{"from":[2,4.93863,11.55995],"to":[14,4.93863,15.55995],"rotation":{"angle":45,"axis":"x","origin":[7,4.93863,13.05995]},"faces":{"north":{"uv":[6,0,0,0],"texture":"#0"},"east":{"uv":[2,0,0,0],"texture":"#0"},"south":{"uv":[6,0,0,0],"texture":"#0"},"west":{"uv":[2,0,0,0],"texture":"#0"},"up":{"uv":[10,0,4,2],"texture":"#0"},"down":{"uv":[4,2,10,0],"texture":"#0"}}}],"gui_light":"front","display":{"thirdperson_righthand":{"rotation":[0,20,0],"translation":[0,2,0.75],"scale":[0.8,0.8,0.8]},"thirdperson_lefthand":{"rotation":[0,20,0],"translation":[0,2,0.75],"scale":[0.8,0.8,0.8]},"firstperson_righthand":{"rotation":[0,23,0],"translation":[3.25,1,0]},"firstperson_lefthand":{"rotation":[0,23,0],"translation":[3.25,1,0]},"ground":{"rotation":[15,32,0],"translation":[0,1.25,0],"scale":[0.8,0.8,0.8]},"gui":{"rotation":[22.5,135,0],"translation":[0,0.5,0]},"head":{"translation":[0,7.25,0],"scale":[1.83,1.83,1.83]},"fixed":{"translation":[0,0,3]}}}