{
	"format_version": "1.21.6",
	"credit": "Made with Blockbench",
	"textures": {
		"0": "civilization:item/tools/paladin_shield/default",
		"1": "civilization:item/tools/paladin_shield/dop",
		"particle": "civilization:item/tools/paladin_shield/default"
	},
	"elements": [
		{
			"from": [2.525, -4, 7],
			"to": [8.525, -3, 9],
			"rotation": {"angle": -22.5, "axis": "z", "origin": [6.525, -3, 8]},
			"faces": {
				"north": {"uv": [11.75, 9.5, 10.25, 9.75], "texture": "#0"},
				"east": {"uv": [12.5, 0.75, 12, 1], "texture": "#0"},
				"south": {"uv": [11.75, 9.25, 10.25, 9.5], "texture": "#0"},
				"west": {"uv": [1.5, 12, 1, 12.25], "texture": "#0"},
				"up": {"uv": [10, 5.25, 8.5, 5.75], "texture": "#0"},
				"down": {"uv": [10, 6.25, 8.5, 5.75], "texture": "#0"}
			}
		},
		{
			"from": [-3.49656, -0.7245, 8],
			"to": [3.50344, 2.2755, 8],
			"rotation": {"angle": -45, "axis": "z", "origin": [1.00344, -0.2245, 8]},
			"faces": {
				"north": {"uv": [9.5, 0, 7.75, 0.75], "texture": "#0"},
				"east": {"uv": [0, 0, 0, 0.75], "texture": "#0"},
				"south": {"uv": [6.75, 2, 5, 2.75], "texture": "#0"},
				"west": {"uv": [0, 0, 0, 0.75], "texture": "#0"},
				"up": {"uv": [1.75, 0, 0, 0], "texture": "#0"},
				"down": {"uv": [1.75, 0, 0, 0], "texture": "#0"}
			}
		},
		{
			"from": [2.45, -2.4, 7],
			"to": [3.45, 2.6, 9],
			"rotation": {"angle": 0, "axis": "y", "origin": [3.45, -3.4, 8]},
			"faces": {
				"north": {"uv": [2.5, 10.5, 2.25, 11.75], "texture": "#0"},
				"east": {"uv": [10, 2, 9.5, 3.25], "texture": "#0"},
				"south": {"uv": [2.25, 10.5, 2, 11.75], "texture": "#0"},
				"west": {"uv": [10.25, 3.25, 9.75, 4.5], "texture": "#0"},
				"up": {"uv": [6.75, 6.75, 6.5, 7.25], "texture": "#0"},
				"down": {"uv": [12.25, 1.5, 12, 1], "texture": "#0"}
			}
		},
		{
			"from": [-0.61572, 2.45082, 7],
			"to": [3.38428, 3.45082, 9],
			"rotation": {"angle": -45, "axis": "z", "origin": [2.38428, 2.95082, 8]},
			"faces": {
				"north": {"uv": [11.5, 9, 10.5, 9.25], "texture": "#0"},
				"east": {"uv": [3.5, 12, 3, 12.25], "texture": "#0"},
				"south": {"uv": [11.5, 8.75, 10.5, 9], "texture": "#0"},
				"west": {"uv": [4.5, 12, 4, 12.25], "texture": "#0"},
				"up": {"uv": [11, 5.25, 10, 5.75], "texture": "#0"},
				"down": {"uv": [11, 6.25, 10, 5.75], "texture": "#0"}
			}
		},
		{
			"from": [7.475, -4, 7],
			"to": [13.475, -3, 9],
			"rotation": {"angle": 22.5, "axis": "z", "origin": [9.475, -3, 8]},
			"faces": {
				"north": {"uv": [1.5, 10.5, 0, 10.75], "texture": "#0"},
				"east": {"uv": [2.5, 12, 2, 12.25], "texture": "#0"},
				"south": {"uv": [11.5, 10.25, 10, 10.5], "texture": "#0"},
				"west": {"uv": [3, 12, 2.5, 12.25], "texture": "#0"},
				"up": {"uv": [10, 6.25, 8.5, 6.75], "texture": "#0"},
				"down": {"uv": [10, 7.25, 8.5, 6.75], "texture": "#0"}
			}
		},
		{
			"from": [12.55, -2.4, 7],
			"to": [13.55, 2.6, 9],
			"rotation": {"angle": 0, "axis": "y", "origin": [12.55, -3.4, 8]},
			"faces": {
				"north": {"uv": [3, 10.5, 2.75, 11.75], "texture": "#0"},
				"east": {"uv": [10.25, 7.25, 9.75, 8.5], "texture": "#0"},
				"south": {"uv": [2.75, 10.5, 2.5, 11.75], "texture": "#0"},
				"west": {"uv": [10.25, 8.5, 9.75, 9.75], "texture": "#0"},
				"up": {"uv": [4.75, 12, 4.5, 12.5], "texture": "#0"},
				"down": {"uv": [5, 12.5, 4.75, 12], "texture": "#0"}
			}
		},
		{
			"from": [12.61572, 2.45082, 7],
			"to": [16.61572, 3.45082, 9],
			"rotation": {"angle": 45, "axis": "z", "origin": [13.61572, 2.95082, 8]},
			"faces": {
				"north": {"uv": [11.75, 7.5, 10.75, 7.75], "texture": "#0"},
				"east": {"uv": [5.5, 12, 5, 12.25], "texture": "#0"},
				"south": {"uv": [11.75, 7.25, 10.75, 7.5], "texture": "#0"},
				"west": {"uv": [12.5, 5.25, 12, 5.5], "texture": "#0"},
				"up": {"uv": [11, 6.25, 10, 6.75], "texture": "#0"},
				"down": {"uv": [11, 7.25, 10, 6.75], "texture": "#0"}
			}
		},
		{
			"from": [15.3227, 4.8828, 7],
			"to": [16.3227, 12.8828, 9],
			"rotation": {"angle": -22.5, "axis": "z", "origin": [15.8227, 5.3828, 8]},
			"faces": {
				"north": {"uv": [8, 9.75, 7.75, 11.75], "texture": "#0"},
				"east": {"uv": [8.5, 5.25, 8, 7.25], "texture": "#0"},
				"south": {"uv": [9.5, 9.5, 9.25, 11.5], "texture": "#0"},
				"west": {"uv": [8.5, 7.25, 8, 9.25], "texture": "#0"},
				"up": {"uv": [5.75, 12, 5.5, 12.5], "texture": "#0"},
				"down": {"uv": [12.25, 6, 12, 5.5], "texture": "#0"}
			}
		},
		{
			"from": [14.00149, 9.89995, 7.5],
			"to": [18.00149, 12.89995, 8.5],
			"rotation": {"angle": 22.5, "axis": "z", "origin": [18.50149, 12.39995, 8]},
			"faces": {
				"north": {"uv": [9.5, 8, 8.5, 8.75], "texture": "#0"},
				"east": {"uv": [9.75, 3.25, 9.5, 4], "texture": "#0"},
				"south": {"uv": [9.5, 7.25, 8.5, 8], "texture": "#0"},
				"west": {"uv": [5.25, 10.75, 5, 11.5], "texture": "#0"},
				"up": {"uv": [11.75, 7.75, 10.75, 8], "texture": "#0"},
				"down": {"uv": [11.75, 8.25, 10.75, 8], "texture": "#0"}
			}
		},
		{
			"from": [13.78097, 10.36922, 7],
			"to": [14.78097, 18.36922, 9],
			"rotation": {"angle": -22.5, "axis": "z", "origin": [14.28097, 10.86922, 8]},
			"faces": {
				"north": {"uv": [9.75, 10, 9.5, 12], "texture": "#0"},
				"east": {"uv": [1.5, 8.5, 1, 10.5], "texture": "#0"},
				"south": {"uv": [6, 10, 5.75, 12], "texture": "#0"},
				"west": {"uv": [2, 8.5, 1.5, 10.5], "texture": "#0"},
				"up": {"uv": [12.25, 6, 12, 6.5], "texture": "#0"},
				"down": {"uv": [6.5, 12.5, 6.25, 12], "texture": "#0"}
			}
		},
		{
			"from": [10.76604, 11.00197, 6.5],
			"to": [11.76604, 16.00197, 7.5],
			"rotation": {"angle": -22.5, "axis": "z", "origin": [11.26604, 13.00197, 7]},
			"faces": {
				"north": {"uv": [10.5, 10.5, 10.25, 11.75], "texture": "#0"},
				"east": {"uv": [10.25, 10.5, 10, 11.75], "texture": "#0"},
				"south": {"uv": [10.75, 7.25, 10.5, 8.5], "texture": "#0"},
				"west": {"uv": [10.75, 10.5, 10.5, 11.75], "texture": "#0"},
				"up": {"uv": [4.75, 12.5, 4.5, 12.75], "texture": "#0"},
				"down": {"uv": [12.75, 4.75, 12.5, 4.5], "texture": "#0"}
			}
		},
		{
			"from": [10.01604, 12.22697, 6.5],
			"to": [14.01604, 13.22697, 7.5],
			"rotation": {"angle": 45, "axis": "z", "origin": [12.01604, 12.72697, 7]},
			"faces": {
				"north": {"uv": [12.25, 1.5, 11.25, 1.75], "texture": "#0"},
				"east": {"uv": [5, 12.5, 4.75, 12.75], "texture": "#0"},
				"south": {"uv": [11.75, 11, 10.75, 11.25], "texture": "#0"},
				"west": {"uv": [12.75, 4.75, 12.5, 5], "texture": "#0"},
				"up": {"uv": [12.25, 1.75, 11.25, 2], "texture": "#0"},
				"down": {"uv": [12.25, 2.25, 11.25, 2], "texture": "#0"}
			}
		},
		{
			"from": [9.78097, -5.63078, 7.5],
			"to": [13.78097, 17.36922, 8.5],
			"rotation": {"angle": -22.5, "axis": "z", "origin": [14.28097, 10.86922, 8]},
			"faces": {
				"north": {"uv": [2, 2.75, 1, 8.5], "texture": "#0"},
				"east": {"uv": [7.25, 7.25, 7, 13], "texture": "#0"},
				"south": {"uv": [1, 2.75, 0, 8.5], "texture": "#0"},
				"west": {"uv": [7.5, 7.25, 7.25, 13], "texture": "#0"},
				"up": {"uv": [12, 0.25, 11, 0.5], "texture": "#0"},
				"down": {"uv": [12, 0.75, 11, 0.5], "texture": "#0"}
			}
		},
		{
			"from": [6.60119, 4.49853, 6.5],
			"to": [7.60119, 9.49853, 7.5],
			"rotation": {"angle": 22.5, "axis": "z", "origin": [8, 6.62623, 7]},
			"faces": {
				"north": {"uv": [6.75, 10.5, 6.5, 11.75], "texture": "#0"},
				"east": {"uv": [6.5, 10.5, 6.25, 11.75], "texture": "#0"},
				"south": {"uv": [6.25, 10.5, 6, 11.75], "texture": "#0"},
				"west": {"uv": [7, 10.5, 6.75, 11.75], "texture": "#0"},
				"up": {"uv": [12.75, 2.25, 12.5, 2.5], "texture": "#0"},
				"down": {"uv": [12.75, 2.75, 12.5, 2.5], "texture": "#0"}
			}
		},
		{
			"from": [9.60119, 0.49853, 6.5],
			"to": [10.60119, 3.49853, 7.5],
			"rotation": {"angle": 22.5, "axis": "z", "origin": [11, 1.62623, 7]},
			"faces": {
				"north": {"uv": [12, 11.25, 11.75, 12], "texture": "#0"},
				"east": {"uv": [12, 10.5, 11.75, 11.25], "texture": "#0"},
				"south": {"uv": [8, 11.75, 7.75, 12.5], "texture": "#0"},
				"west": {"uv": [0.25, 12, 0, 12.75], "texture": "#0"},
				"up": {"uv": [12.75, 9.25, 12.5, 9.5], "texture": "#0"},
				"down": {"uv": [9.75, 12.75, 9.5, 12.5], "texture": "#0"}
			}
		},
		{
			"from": [9.87619, 2.32353, 6.5],
			"to": [10.87619, 4.32353, 7.5],
			"rotation": {"angle": 45, "axis": "z", "origin": [11.275, 2.45123, 7]},
			"faces": {
				"north": {"uv": [8.5, 12.25, 8.25, 12.75], "texture": "#0"},
				"east": {"uv": [8.25, 12.25, 8, 12.75], "texture": "#0"},
				"south": {"uv": [12.5, 6.5, 12.25, 7], "texture": "#0"},
				"west": {"uv": [8.75, 12.25, 8.5, 12.75], "texture": "#0"},
				"up": {"uv": [12.75, 10, 12.5, 10.25], "texture": "#0"},
				"down": {"uv": [12.75, 10.5, 12.5, 10.25], "texture": "#0"}
			}
		},
		{
			"from": [13.78097, -2.63078, 7.5],
			"to": [17.78097, 10.36922, 8.5],
			"rotation": {"angle": -22.5, "axis": "z", "origin": [14.28097, 10.86922, 8]},
			"faces": {
				"north": {"uv": [7, 7.25, 6, 10.5], "texture": "#0"},
				"east": {"uv": [3.75, 8.5, 3.5, 11.75], "texture": "#0"},
				"south": {"uv": [6, 6.75, 5, 10], "texture": "#0"},
				"west": {"uv": [4, 8.5, 3.75, 11.75], "texture": "#0"},
				"up": {"uv": [12, 5.75, 11, 6], "texture": "#0"},
				"down": {"uv": [12, 6.25, 11, 6], "texture": "#0"}
			}
		},
		{
			"from": [2.98924, 18.525, 7],
			"to": [12.98924, 19.525, 9],
			"rotation": {"angle": 0, "axis": "y", "origin": [7.48924, 19.04211, 8]},
			"faces": {
				"north": {"uv": [12, 1, 9.5, 1.25], "texture": "#0"},
				"east": {"uv": [12.5, 7, 12, 7.25], "texture": "#0"},
				"south": {"uv": [12, 0.75, 9.5, 1], "texture": "#0"},
				"west": {"uv": [8.5, 12, 8, 12.25], "texture": "#0"},
				"up": {"uv": [10.25, 1.5, 7.75, 2], "texture": "#0"},
				"down": {"uv": [10.5, 5.25, 8, 4.75], "texture": "#0"}
			}
		},
		{
			"from": [-0.3227, 4.8828, 7],
			"to": [0.6773, 12.8828, 9],
			"rotation": {"angle": 22.5, "axis": "z", "origin": [0.1773, 5.3828, 8]},
			"faces": {
				"north": {"uv": [5.75, 10, 5.5, 12], "texture": "#0"},
				"east": {"uv": [0.5, 8.5, 0, 10.5], "texture": "#0"},
				"south": {"uv": [5.5, 10, 5.25, 12], "texture": "#0"},
				"west": {"uv": [1, 8.5, 0.5, 10.5], "texture": "#0"},
				"up": {"uv": [6, 12, 5.75, 12.5], "texture": "#0"},
				"down": {"uv": [6.25, 12.5, 6, 12], "texture": "#0"}
			}
		},
		{
			"from": [1.33321, 6.29324, 6.5],
			"to": [4.33321, 7.29324, 7.5],
			"rotation": {"angle": 22.5, "axis": "z", "origin": [3.33321, 6.79324, 7.5]},
			"faces": {
				"north": {"uv": [2.75, 11.75, 2, 12], "texture": "#0"},
				"east": {"uv": [10.25, 3, 10, 3.25], "texture": "#0"},
				"south": {"uv": [12.25, 10.25, 11.5, 10.5], "texture": "#0"},
				"west": {"uv": [5.25, 11.5, 5, 11.75], "texture": "#0"},
				"up": {"uv": [3.5, 11.75, 2.75, 12], "texture": "#0"},
				"down": {"uv": [5.25, 12, 4.5, 11.75], "texture": "#0"}
			}
		},
		{
			"from": [-2.00149, 9.89995, 7.5],
			"to": [1.99851, 12.89995, 8.5],
			"rotation": {"angle": -22.5, "axis": "z", "origin": [-2.50149, 12.39995, 8]},
			"faces": {
				"north": {"uv": [10.5, 0, 9.5, 0.75], "texture": "#0"},
				"east": {"uv": [9.5, 11.5, 9.25, 12.25], "texture": "#0"},
				"south": {"uv": [9.5, 8.75, 8.5, 9.5], "texture": "#0"},
				"west": {"uv": [3.75, 11.75, 3.5, 12.5], "texture": "#0"},
				"up": {"uv": [12, 6.25, 11, 6.5], "texture": "#0"},
				"down": {"uv": [12, 6.75, 11, 6.5], "texture": "#0"}
			}
		},
		{
			"from": [1.21903, 10.36922, 7],
			"to": [2.21903, 18.36922, 9],
			"rotation": {"angle": 22.5, "axis": "z", "origin": [1.71903, 10.86922, 8]},
			"faces": {
				"north": {"uv": [10, 10.25, 9.75, 12.25], "texture": "#0"},
				"east": {"uv": [2.5, 8.5, 2, 10.5], "texture": "#0"},
				"south": {"uv": [10.5, 7.25, 10.25, 9.25], "texture": "#0"},
				"west": {"uv": [3, 8.5, 2.5, 10.5], "texture": "#0"},
				"up": {"uv": [6.75, 12, 6.5, 12.5], "texture": "#0"},
				"down": {"uv": [12.25, 7, 12, 6.5], "texture": "#0"}
			}
		},
		{
			"from": [1.98396, 12.22697, 6.5],
			"to": [5.98396, 13.22697, 7.5],
			"rotation": {"angle": -45, "axis": "z", "origin": [3.98396, 12.72697, 7]},
			"faces": {
				"north": {"uv": [11.75, 10.5, 10.75, 10.75], "texture": "#0"},
				"east": {"uv": [12.75, 1.25, 12.5, 1.5], "texture": "#0"},
				"south": {"uv": [11.75, 8.25, 10.75, 8.5], "texture": "#0"},
				"west": {"uv": [12.75, 1.5, 12.5, 1.75], "texture": "#0"},
				"up": {"uv": [11.75, 10.75, 10.75, 11], "texture": "#0"},
				"down": {"uv": [12, 0.25, 11, 0], "texture": "#0"}
			}
		},
		{
			"from": [-1.78097, -2.63078, 7.5],
			"to": [2.21903, 10.36922, 8.5],
			"rotation": {"angle": 22.5, "axis": "z", "origin": [1.71903, 10.86922, 8]},
			"faces": {
				"north": {"uv": [7.75, 4, 6.75, 7.25], "texture": "#0"},
				"east": {"uv": [3.25, 8.5, 3, 11.75], "texture": "#0"},
				"south": {"uv": [5, 6.75, 4, 10], "texture": "#0"},
				"west": {"uv": [3.5, 8.5, 3.25, 11.75], "texture": "#0"},
				"up": {"uv": [12, 5.25, 11, 5.5], "texture": "#0"},
				"down": {"uv": [12, 5.75, 11, 5.5], "texture": "#0"}
			}
		},
		{
			"from": [3.01076, 7.525, 7.5],
			"to": [13.01076, 18.525, 8.5],
			"rotation": {"angle": 0, "axis": "y", "origin": [8.51076, 19.14211, 8]},
			"faces": {
				"north": {"uv": [5, 0, 2.5, 2.75], "texture": "#0"},
				"east": {"uv": [8.25, 9.25, 8, 12], "texture": "#0"},
				"south": {"uv": [2.5, 0, 0, 2.75], "texture": "#0"},
				"west": {"uv": [8.5, 9.25, 8.25, 12], "texture": "#0"},
				"up": {"uv": [12, 1.25, 9.5, 1.5], "texture": "#0"},
				"down": {"uv": [12.25, 4.75, 9.75, 4.5], "texture": "#0"}
			}
		},
		{
			"from": [7.51076, 13.4, 8.375],
			"to": [8.51076, 15.4, 9.375],
			"rotation": {"angle": -45, "axis": "x", "origin": [8.01076, 14.4, 8.875]},
			"faces": {
				"north": {"uv": [4.5, 12.25, 4.25, 12.75], "texture": "#0"},
				"east": {"uv": [4.25, 12.25, 4, 12.75], "texture": "#0"},
				"south": {"uv": [12.5, 3.75, 12.25, 4.25], "texture": "#0"},
				"west": {"uv": [12.5, 4.25, 12.25, 4.75], "texture": "#0"},
				"up": {"uv": [12.75, 7.5, 12.5, 7.75], "texture": "#0"},
				"down": {"uv": [8, 12.75, 7.75, 12.5], "texture": "#0"}
			}
		},
		{
			"from": [7.26076, 12.4, 8.125],
			"to": [8.76076, 13.4, 9.625],
			"rotation": {"angle": -45, "axis": "x", "origin": [8.01076, 14.4, 8.875]},
			"faces": {
				"north": {"uv": [1.25, 12.75, 1, 13], "texture": "#0"},
				"east": {"uv": [13, 0.75, 12.75, 1], "texture": "#0"},
				"south": {"uv": [1, 12.75, 0.75, 13], "texture": "#0"},
				"west": {"uv": [13, 1, 12.75, 1.25], "texture": "#0"},
				"up": {"uv": [1.5, 12.75, 1.25, 13], "texture": "#0"},
				"down": {"uv": [13, 1.5, 12.75, 1.25], "texture": "#0"}
			}
		},
		{
			"from": [7.41076, 2.21434, 9.53566],
			"to": [8.61076, 13.46434, 10.73566],
			"rotation": {"angle": 0, "axis": "y", "origin": [8.01076, 12.83934, 10.13566]},
			"faces": {
				"north": {"uv": [9, 9.5, 8.75, 12.25], "texture": "#0"},
				"east": {"uv": [8.75, 9.5, 8.5, 12.25], "texture": "#0"},
				"south": {"uv": [9.75, 7.25, 9.5, 10], "texture": "#0"},
				"west": {"uv": [9.25, 9.5, 9, 12.25], "texture": "#0"},
				"up": {"uv": [12.75, 8.25, 12.5, 8.5], "texture": "#0"},
				"down": {"uv": [12.75, 8.75, 12.5, 8.5], "texture": "#0"}
			}
		},
		{
			"from": [7.51076, 0.25, 8.375],
			"to": [8.51076, 2.25, 9.375],
			"rotation": {"angle": 45, "axis": "x", "origin": [8.01076, 1.25, 8.875]},
			"faces": {
				"north": {"uv": [12.5, 5.5, 12.25, 6], "texture": "#0"},
				"east": {"uv": [5.5, 12.25, 5.25, 12.75], "texture": "#0"},
				"south": {"uv": [5.25, 12.25, 5, 12.75], "texture": "#0"},
				"west": {"uv": [12.5, 6, 12.25, 6.5], "texture": "#0"},
				"up": {"uv": [12.75, 7.75, 12.5, 8], "texture": "#0"},
				"down": {"uv": [12.75, 8.25, 12.5, 8], "texture": "#0"}
			}
		},
		{
			"from": [7.26076, 2.25, 8.125],
			"to": [8.76076, 3.25, 9.625],
			"rotation": {"angle": 45, "axis": "x", "origin": [8.01076, 1.25, 8.875]},
			"faces": {
				"north": {"uv": [0.5, 12.75, 0.25, 13], "texture": "#0"},
				"east": {"uv": [13, 0, 12.75, 0.25], "texture": "#0"},
				"south": {"uv": [0.25, 12.75, 0, 13], "texture": "#0"},
				"west": {"uv": [13, 0.25, 12.75, 0.5], "texture": "#0"},
				"up": {"uv": [0.75, 12.75, 0.5, 13], "texture": "#0"},
				"down": {"uv": [13, 0.75, 12.75, 0.5], "texture": "#0"}
			}
		},
		{
			"from": [5.12381, 2.32353, 6.5],
			"to": [6.12381, 4.32353, 7.5],
			"rotation": {"angle": -45, "axis": "z", "origin": [4.725, 2.45123, 7]},
			"faces": {
				"north": {"uv": [12.25, 9.75, 12, 10.25], "texture": "#0"},
				"east": {"uv": [9.75, 12, 9.5, 12.5], "texture": "#0"},
				"south": {"uv": [12.25, 8.75, 12, 9.25], "texture": "#0"},
				"west": {"uv": [10.25, 12, 10, 12.5], "texture": "#0"},
				"up": {"uv": [12.75, 1.75, 12.5, 2], "texture": "#0"},
				"down": {"uv": [12.75, 2.25, 12.5, 2], "texture": "#0"}
			}
		},
		{
			"from": [14.00149, 11.89995, 7],
			"to": [19.00149, 12.89995, 9],
			"rotation": {"angle": 22.5, "axis": "z", "origin": [18.50149, 12.39995, 8]},
			"faces": {
				"north": {"uv": [11.75, 4.75, 10.5, 5], "texture": "#0"},
				"east": {"uv": [10.75, 12, 10.25, 12.25], "texture": "#0"},
				"south": {"uv": [5.25, 10.5, 4, 10.75], "texture": "#0"},
				"west": {"uv": [12.5, 10.5, 12, 10.75], "texture": "#0"},
				"up": {"uv": [11, 9.75, 9.75, 10.25], "texture": "#0"},
				"down": {"uv": [11.25, 2.5, 10, 2], "texture": "#0"}
			}
		},
		{
			"from": [14.00149, 11.89995, 8],
			"to": [25.00149, 19.89995, 8],
			"rotation": {"angle": 22.5, "axis": "z", "origin": [18.50149, 12.39995, 8]},
			"faces": {
				"north": {"uv": [6.75, 4.75, 4, 6.75], "texture": "#0"},
				"east": {"uv": [0, 0, 0, 2], "texture": "#0"},
				"south": {"uv": [6.75, 2.75, 4, 4.75], "texture": "#0"},
				"west": {"uv": [0, 0, 0, 2], "texture": "#0"},
				"up": {"uv": [2.75, 0, 0, 0], "texture": "#0"},
				"down": {"uv": [2.75, 0, 0, 0], "texture": "#0"}
			}
		},
		{
			"from": [11.00149, 8.39995, 6.5],
			"to": [15.00149, 9.39995, 7.5],
			"rotation": {"angle": 22.5, "axis": "z", "origin": [15.50149, 8.89995, 7.5]},
			"faces": {
				"north": {"uv": [12.25, 2.5, 11.25, 2.75], "texture": "#0"},
				"east": {"uv": [6.75, 12.5, 6.5, 12.75], "texture": "#0"},
				"south": {"uv": [12.25, 2.25, 11.25, 2.5], "texture": "#0"},
				"west": {"uv": [12.75, 6.5, 12.5, 6.75], "texture": "#0"},
				"up": {"uv": [12.25, 2.75, 11.25, 3], "texture": "#0"},
				"down": {"uv": [12.25, 3.25, 11.25, 3], "texture": "#0"}
			}
		},
		{
			"from": [2.21903, -5.63078, 7.5],
			"to": [6.21903, 17.36922, 8.5],
			"rotation": {"angle": 22.5, "axis": "z", "origin": [1.71903, 10.86922, 8]},
			"faces": {
				"north": {"uv": [4, 2.75, 3, 8.5], "texture": "#0"},
				"east": {"uv": [7.75, 7.25, 7.5, 13], "texture": "#0"},
				"south": {"uv": [3, 2.75, 2, 8.5], "texture": "#0"},
				"west": {"uv": [8, 4, 7.75, 9.75], "texture": "#0"},
				"up": {"uv": [12, 6.75, 11, 7], "texture": "#0"},
				"down": {"uv": [12, 7.25, 11, 7], "texture": "#0"}
			}
		},
		{
			"from": [7.51076, 4.125, 6.5],
			"to": [8.51076, 5.125, 7.5],
			"rotation": {"angle": 0, "axis": "y", "origin": [8.51076, 4.64211, 7.5]},
			"faces": {
				"north": {"uv": [12.75, 3.25, 12.5, 3.5], "texture": "#0"},
				"east": {"uv": [12.75, 3, 12.5, 3.25], "texture": "#0"},
				"south": {"uv": [12.75, 2.75, 12.5, 3], "texture": "#0"},
				"west": {"uv": [3.75, 12.5, 3.5, 12.75], "texture": "#0"},
				"up": {"uv": [4, 12.5, 3.75, 12.75], "texture": "#0"},
				"down": {"uv": [12.75, 4, 12.5, 3.75], "texture": "#0"}
			}
		},
		{
			"from": [7.51076, -4.25, 7],
			"to": [8.51076, -1.25, 8.5],
			"rotation": {"angle": 0, "axis": "y", "origin": [8.51076, -1.73289, 8]},
			"faces": {
				"north": {"uv": [7, 11.75, 6.75, 12.5], "texture": "#0"},
				"east": {"uv": [11, 0, 10.5, 0.75], "texture": "#0"},
				"south": {"uv": [4, 11.75, 3.75, 12.5], "texture": "#0"},
				"west": {"uv": [2, 10.5, 1.5, 11.25], "texture": "#0"},
				"up": {"uv": [11, 12, 10.75, 12.5], "texture": "#0"},
				"down": {"uv": [12.25, 11.25, 12, 10.75], "texture": "#0"}
			}
		},
		{
			"from": [6.76076, 6.1, 6],
			"to": [9.26076, 8.6, 7],
			"rotation": {"angle": 45, "axis": "z", "origin": [8.01076, 7.35, 6.5]},
			"faces": {
				"north": {"uv": [5, 10.75, 4.5, 11.25], "texture": "#0"},
				"east": {"uv": [12.5, 3, 12.25, 3.5], "texture": "#0"},
				"south": {"uv": [6.5, 6.75, 6, 7.25], "texture": "#0"},
				"west": {"uv": [3.5, 12.25, 3.25, 12.75], "texture": "#0"},
				"up": {"uv": [12.75, 0.5, 12.25, 0.75], "texture": "#0"},
				"down": {"uv": [12.75, 3.75, 12.25, 3.5], "texture": "#0"}
			}
		},
		{
			"from": [6.60119, 17.04853, 7],
			"to": [7.60119, 19.04853, 7.5],
			"rotation": {"angle": 22.5, "axis": "z", "origin": [8, 19.17623, 7]},
			"faces": {
				"north": {"uv": [1.75, 12.25, 1.5, 12.75], "texture": "#0"},
				"east": {"uv": [1.5, 12.25, 1.25, 12.75], "texture": "#0"},
				"south": {"uv": [12.5, 1, 12.25, 1.5], "texture": "#0"},
				"west": {"uv": [12.5, 1.5, 12.25, 2], "texture": "#0"},
				"up": {"uv": [6, 12.5, 5.75, 12.75], "texture": "#0"},
				"down": {"uv": [12.75, 6, 12.5, 5.75], "texture": "#0"}
			}
		},
		{
			"from": [7.51076, 16.675, 7],
			"to": [8.51076, 18.675, 7],
			"rotation": {"angle": 0, "axis": "y", "origin": [8.51076, 17.15789, 8]},
			"faces": {
				"north": {"uv": [1.25, 12.25, 1, 12.75], "texture": "#0"},
				"east": {"uv": [0, 0, 0, 0.5], "texture": "#0"},
				"south": {"uv": [12.5, 0, 12.25, 0.5], "texture": "#0"},
				"west": {"uv": [0, 0, 0, 0.5], "texture": "#0"},
				"up": {"uv": [0.25, 0, 0, 0], "texture": "#0"},
				"down": {"uv": [0.25, 0, 0, 0], "texture": "#0"}
			}
		},
		{
			"from": [7.51076, 13.675, 6.5],
			"to": [8.51076, 14.675, 7.5],
			"rotation": {"angle": 0, "axis": "y", "origin": [8.51076, 13.15789, 8]},
			"faces": {
				"north": {"uv": [12.75, 11.25, 12.5, 11.5], "texture": "#0"},
				"east": {"uv": [12.75, 11, 12.5, 11.25], "texture": "#0"},
				"south": {"uv": [12.75, 10.75, 12.5, 11], "texture": "#0"},
				"west": {"uv": [11.75, 12.5, 11.5, 12.75], "texture": "#0"},
				"up": {"uv": [12.75, 11.5, 12.5, 11.75], "texture": "#0"},
				"down": {"uv": [12, 12.75, 11.75, 12.5], "texture": "#0"}
			}
		},
		{
			"from": [8.39881, 17.04853, 7],
			"to": [9.39881, 19.04853, 7.5],
			"rotation": {"angle": -22.5, "axis": "z", "origin": [8, 19.17623, 7]},
			"faces": {
				"north": {"uv": [12, 12, 11.75, 12.5], "texture": "#0"},
				"east": {"uv": [12.25, 11.5, 12, 12], "texture": "#0"},
				"south": {"uv": [11.75, 12, 11.5, 12.5], "texture": "#0"},
				"west": {"uv": [12.25, 12, 12, 12.5], "texture": "#0"},
				"up": {"uv": [5.75, 12.5, 5.5, 12.75], "texture": "#0"},
				"down": {"uv": [12.75, 5.75, 12.5, 5.5], "texture": "#0"}
			}
		},
		{
			"from": [6.60119, 18.95147, 7],
			"to": [7.60119, 20.95147, 9],
			"rotation": {"angle": -22.5, "axis": "z", "origin": [8, 18.82377, 7]},
			"faces": {
				"north": {"uv": [12.5, 12, 12.25, 12.5], "texture": "#0"},
				"east": {"uv": [11.75, 11.5, 11.25, 12], "texture": "#0"},
				"south": {"uv": [12.5, 11.5, 12.25, 12], "texture": "#0"},
				"west": {"uv": [2, 11.75, 1.5, 12.25], "texture": "#0"},
				"up": {"uv": [12.75, 0, 12.5, 0.5], "texture": "#0"},
				"down": {"uv": [12.75, 1.25, 12.5, 0.75], "texture": "#0"}
			}
		},
		{
			"from": [7.51076, 19.325, 7],
			"to": [8.51076, 21.325, 9],
			"rotation": {"angle": 0, "axis": "y", "origin": [8.51076, 20.84211, 8]},
			"faces": {
				"north": {"uv": [12.5, 10.75, 12.25, 11.25], "texture": "#0"},
				"east": {"uv": [12, 8.75, 11.5, 9.25], "texture": "#0"},
				"south": {"uv": [10.75, 12.25, 10.5, 12.75], "texture": "#0"},
				"west": {"uv": [11.25, 11.5, 10.75, 12], "texture": "#0"},
				"up": {"uv": [11.25, 12.25, 11, 12.75], "texture": "#0"},
				"down": {"uv": [11.5, 12.75, 11.25, 12.25], "texture": "#0"}
			}
		},
		{
			"from": [8.39881, 18.95147, 7],
			"to": [9.39881, 20.95147, 9],
			"rotation": {"angle": 22.5, "axis": "z", "origin": [8, 18.82377, 7]},
			"faces": {
				"north": {"uv": [10, 12.25, 9.75, 12.75], "texture": "#0"},
				"east": {"uv": [2, 11.25, 1.5, 11.75], "texture": "#0"},
				"south": {"uv": [9.5, 12.25, 9.25, 12.75], "texture": "#0"},
				"west": {"uv": [5, 11.25, 4.5, 11.75], "texture": "#0"},
				"up": {"uv": [12.5, 10, 12.25, 10.5], "texture": "#0"},
				"down": {"uv": [10.5, 12.75, 10.25, 12.25], "texture": "#0"}
			}
		},
		{
			"from": [2.21903, 17.36922, 7],
			"to": [6.21903, 18.36922, 9],
			"rotation": {"angle": 22.5, "axis": "z", "origin": [1.71903, 10.86922, 8]},
			"faces": {
				"north": {"uv": [12, 10, 11, 10.25], "texture": "#0"},
				"east": {"uv": [11.5, 12, 11, 12.25], "texture": "#0"},
				"south": {"uv": [12, 9.75, 11, 10], "texture": "#0"},
				"west": {"uv": [12.5, 11.25, 12, 11.5], "texture": "#0"},
				"up": {"uv": [11.25, 1.5, 10.25, 2], "texture": "#0"},
				"down": {"uv": [11.25, 3.5, 10.25, 3], "texture": "#0"}
			}
		},
		{
			"from": [4.23396, 11.00197, 6.5],
			"to": [5.23396, 16.00197, 7.5],
			"rotation": {"angle": 22.5, "axis": "z", "origin": [4.73396, 13.00197, 7]},
			"faces": {
				"north": {"uv": [0.75, 10.75, 0.5, 12], "texture": "#0"},
				"east": {"uv": [0.5, 10.75, 0.25, 12], "texture": "#0"},
				"south": {"uv": [0.25, 10.75, 0, 12], "texture": "#0"},
				"west": {"uv": [1, 10.75, 0.75, 12], "texture": "#0"},
				"up": {"uv": [12.75, 5, 12.5, 5.25], "texture": "#0"},
				"down": {"uv": [12.75, 5.5, 12.5, 5.25], "texture": "#0"}
			}
		},
		{
			"from": [6.60119, -3.62353, 7],
			"to": [7.60119, -1.62353, 7.5],
			"rotation": {"angle": -22.5, "axis": "z", "origin": [8, -3.75123, 7]},
			"faces": {
				"north": {"uv": [12.5, 2, 12.25, 2.5], "texture": "#0"},
				"east": {"uv": [2.25, 12.25, 2, 12.75], "texture": "#0"},
				"south": {"uv": [2, 12.25, 1.75, 12.75], "texture": "#0"},
				"west": {"uv": [2.5, 12.25, 2.25, 12.75], "texture": "#0"},
				"up": {"uv": [6.25, 12.5, 6, 12.75], "texture": "#0"},
				"down": {"uv": [12.75, 6.25, 12.5, 6], "texture": "#0"}
			}
		},
		{
			"from": [8.39881, -3.62353, 7],
			"to": [9.39881, -1.62353, 7.5],
			"rotation": {"angle": 22.5, "axis": "z", "origin": [8, -3.75123, 7]},
			"faces": {
				"north": {"uv": [3, 12.25, 2.75, 12.75], "texture": "#0"},
				"east": {"uv": [12.5, 2.5, 12.25, 3], "texture": "#0"},
				"south": {"uv": [2.75, 12.25, 2.5, 12.75], "texture": "#0"},
				"west": {"uv": [3.25, 12.25, 3, 12.75], "texture": "#0"},
				"up": {"uv": [6.5, 12.5, 6.25, 12.75], "texture": "#0"},
				"down": {"uv": [12.75, 6.5, 12.5, 6.25], "texture": "#0"}
			}
		},
		{
			"from": [0.99851, 8.39995, 6.5],
			"to": [4.99851, 9.39995, 7.5],
			"rotation": {"angle": -22.5, "axis": "z", "origin": [0.49851, 8.89995, 7.5]},
			"faces": {
				"north": {"uv": [12.25, 3.5, 11.25, 3.75], "texture": "#0"},
				"east": {"uv": [7, 12.5, 6.75, 12.75], "texture": "#0"},
				"south": {"uv": [12.25, 3.25, 11.25, 3.5], "texture": "#0"},
				"west": {"uv": [12.75, 6.75, 12.5, 7], "texture": "#0"},
				"up": {"uv": [12.25, 3.75, 11.25, 4], "texture": "#0"},
				"down": {"uv": [12.25, 4.25, 11.25, 4], "texture": "#0"}
			}
		},
		{
			"from": [6.48924, 8.125, 6.5],
			"to": [9.48924, 9.125, 7.5],
			"rotation": {"angle": 0, "axis": "y", "origin": [7.48924, 8.64211, 7.5]},
			"faces": {
				"north": {"uv": [12.5, 7.75, 11.75, 8], "texture": "#0"},
				"east": {"uv": [12.75, 7, 12.5, 7.25], "texture": "#0"},
				"south": {"uv": [12.5, 7.5, 11.75, 7.75], "texture": "#0"},
				"west": {"uv": [12.75, 7.25, 12.5, 7.5], "texture": "#0"},
				"up": {"uv": [12.5, 8, 11.75, 8.25], "texture": "#0"},
				"down": {"uv": [12.5, 8.5, 11.75, 8.25], "texture": "#0"}
			}
		},
		{
			"from": [11.66679, 6.29324, 6.5],
			"to": [14.66679, 7.29324, 7.5],
			"rotation": {"angle": -22.5, "axis": "z", "origin": [12.66679, 6.79324, 7.5]},
			"faces": {
				"north": {"uv": [12.5, 9.25, 11.75, 9.5], "texture": "#0"},
				"east": {"uv": [9, 12.5, 8.75, 12.75], "texture": "#0"},
				"south": {"uv": [12.5, 8.5, 11.75, 8.75], "texture": "#0"},
				"west": {"uv": [9.25, 12.5, 9, 12.75], "texture": "#0"},
				"up": {"uv": [12.5, 9.5, 11.75, 9.75], "texture": "#0"},
				"down": {"uv": [10.75, 12, 10, 11.75], "texture": "#0"}
			}
		},
		{
			"from": [8.39881, 4.49853, 6.5],
			"to": [9.39881, 9.49853, 7.5],
			"rotation": {"angle": -22.5, "axis": "z", "origin": [8, 6.62623, 7]},
			"faces": {
				"north": {"uv": [4.25, 10.75, 4, 12], "texture": "#0"},
				"east": {"uv": [1.5, 10.75, 1.25, 12], "texture": "#0"},
				"south": {"uv": [1.25, 10.75, 1, 12], "texture": "#0"},
				"west": {"uv": [4.5, 10.75, 4.25, 12], "texture": "#0"},
				"up": {"uv": [12.75, 9.5, 12.5, 9.75], "texture": "#0"},
				"down": {"uv": [10.25, 12.75, 10, 12.5], "texture": "#0"}
			}
		},
		{
			"from": [5.39881, 0.49853, 6.5],
			"to": [6.39881, 3.49853, 7.5],
			"rotation": {"angle": -22.5, "axis": "z", "origin": [5, 1.62623, 7]},
			"faces": {
				"north": {"uv": [0.75, 12, 0.5, 12.75], "texture": "#0"},
				"east": {"uv": [0.5, 12, 0.25, 12.75], "texture": "#0"},
				"south": {"uv": [12.25, 0, 12, 0.75], "texture": "#0"},
				"west": {"uv": [1, 12, 0.75, 12.75], "texture": "#0"},
				"up": {"uv": [12.75, 10.5, 12.5, 10.75], "texture": "#0"},
				"down": {"uv": [11, 12.75, 10.75, 12.5], "texture": "#0"}
			}
		},
		{
			"from": [-3.00149, 11.89995, 7],
			"to": [1.99851, 12.89995, 9],
			"rotation": {"angle": -22.5, "axis": "z", "origin": [-2.50149, 12.39995, 8]},
			"faces": {
				"north": {"uv": [11.75, 8.5, 10.5, 8.75], "texture": "#0"},
				"east": {"uv": [9.25, 12.25, 8.75, 12.5], "texture": "#0"},
				"south": {"uv": [11.75, 5, 10.5, 5.25], "texture": "#0"},
				"west": {"uv": [12.75, 8.75, 12.25, 9], "texture": "#0"},
				"up": {"uv": [11.25, 2.5, 10, 3], "texture": "#0"},
				"down": {"uv": [5.25, 10.5, 4, 10], "texture": "#0"}
			}
		},
		{
			"from": [-9.00149, 11.89995, 8],
			"to": [1.99851, 19.89995, 8],
			"rotation": {"angle": -22.5, "axis": "z", "origin": [-2.50149, 12.39995, 8]},
			"faces": {
				"north": {"uv": [9.5, 2, 6.75, 4], "texture": "#0"},
				"east": {"uv": [0, 0, 0, 2], "texture": "#0"},
				"south": {"uv": [7.75, 0, 5, 2], "texture": "#0"},
				"west": {"uv": [0, 0, 0, 2], "texture": "#0"},
				"up": {"uv": [2.75, 0, 0, 0], "texture": "#0"},
				"down": {"uv": [2.75, 0, 0, 0], "texture": "#0"}
			}
		},
		{
			"from": [12.49656, -0.7245, 8],
			"to": [19.49656, 2.2755, 8],
			"rotation": {"angle": 45, "axis": "z", "origin": [14.99656, -0.2245, 8]},
			"faces": {
				"north": {"uv": [9.75, 4, 8, 4.75], "texture": "#0"},
				"east": {"uv": [0, 0, 0, 0.75], "texture": "#0"},
				"south": {"uv": [9.5, 0.75, 7.75, 1.5], "texture": "#0"},
				"west": {"uv": [0, 0, 0, 0.75], "texture": "#0"},
				"up": {"uv": [1.75, 0, 0, 0], "texture": "#0"},
				"down": {"uv": [1.75, 0, 0, 0], "texture": "#0"}
			}
		},
		{
			"from": [7.48924, 13.675, 6.5],
			"to": [8.48924, 14.675, 7.5],
			"rotation": {"angle": 0, "axis": "y", "origin": [7.48924, 13.15789, 8]},
			"faces": {
				"north": {"uv": [12.75, 12, 12.5, 12.25], "texture": "#0"},
				"east": {"uv": [12.25, 12.5, 12, 12.75], "texture": "#0"},
				"south": {"uv": [12.75, 11.75, 12.5, 12], "texture": "#0"},
				"west": {"uv": [12.5, 12.5, 12.25, 12.75], "texture": "#0"},
				"up": {"uv": [12.75, 12.25, 12.5, 12.5], "texture": "#0"},
				"down": {"uv": [12.75, 12.75, 12.5, 12.5], "texture": "#0"}
			}
		},
		{
			"from": [9.78097, 17.36922, 7],
			"to": [13.78097, 18.36922, 9],
			"rotation": {"angle": -22.5, "axis": "z", "origin": [14.28097, 10.86922, 8]},
			"faces": {
				"north": {"uv": [11.75, 11.25, 10.75, 11.5], "texture": "#0"},
				"east": {"uv": [12.75, 9, 12.25, 9.25], "texture": "#0"},
				"south": {"uv": [12.25, 4.25, 11.25, 4.5], "texture": "#0"},
				"west": {"uv": [12.75, 9.75, 12.25, 10], "texture": "#0"},
				"up": {"uv": [11.25, 3.5, 10.25, 4], "texture": "#0"},
				"down": {"uv": [11.25, 4.5, 10.25, 4], "texture": "#0"}
			}
		},
		{
			"from": [11.82435, 7.46928, 7],
			"to": [14.82435, 8.46928, 8],
			"rotation": {"angle": 45, "axis": "z", "origin": [9.82435, 5.96928, 7.5]},
			"faces": {
				"north": {"uv": [1, 3, 4, 4], "texture": "#1"},
				"east": {"uv": [0, 3, 1, 4], "texture": "#1"},
				"south": {"uv": [5, 3, 8, 4], "texture": "#1"},
				"west": {"uv": [4, 3, 5, 4], "texture": "#1"},
				"up": {"uv": [4, 3, 1, 2], "texture": "#1"},
				"down": {"uv": [7, 2, 4, 3], "texture": "#1"}
			}
		},
		{
			"from": [11.58434, 10.24768, 7],
			"to": [14.58434, 11.24768, 8],
			"rotation": {"angle": 0, "axis": "y", "origin": [13.23434, 11.37268, 7.5]},
			"faces": {
				"north": {"uv": [1, 1, 4, 2], "texture": "#1"},
				"east": {"uv": [0, 1, 1, 2], "texture": "#1"},
				"south": {"uv": [5, 1, 8, 2], "texture": "#1"},
				"west": {"uv": [4, 1, 5, 2], "texture": "#1"},
				"up": {"uv": [4, 1, 1, 0], "texture": "#1"},
				"down": {"uv": [7, 0, 4, 1], "texture": "#1"}
			}
		},
		{
			"from": [1.17565, 7.46928, 7],
			"to": [4.17565, 8.46928, 8],
			"rotation": {"angle": -45, "axis": "z", "origin": [6.17565, 5.96928, 7.5]},
			"faces": {
				"north": {"uv": [1, 5, 4, 6], "texture": "#1"},
				"east": {"uv": [0, 5, 1, 6], "texture": "#1"},
				"south": {"uv": [5, 5, 8, 6], "texture": "#1"},
				"west": {"uv": [4, 5, 5, 6], "texture": "#1"},
				"up": {"uv": [4, 5, 1, 4], "texture": "#1"},
				"down": {"uv": [7, 4, 4, 5], "texture": "#1"}
			}
		},
		{
			"from": [1.41566, 10.24768, 7],
			"to": [4.41566, 11.24768, 8],
			"rotation": {"angle": 0, "axis": "y", "origin": [2.76566, 11.37268, 7.5]},
			"faces": {
				"north": {"uv": [1, 7, 4, 8], "texture": "#1"},
				"east": {"uv": [0, 7, 1, 8], "texture": "#1"},
				"south": {"uv": [5, 7, 8, 8], "texture": "#1"},
				"west": {"uv": [4, 7, 5, 8], "texture": "#1"},
				"up": {"uv": [4, 7, 1, 6], "texture": "#1"},
				"down": {"uv": [7, 6, 4, 7], "texture": "#1"}
			}
		},
		{
			"from": [2.5, 1.85, 7],
			"to": [3.5, 5.85, 8],
			"rotation": {"angle": -22.5, "axis": "z", "origin": [3.5, 2.35, 7.5]},
			"faces": {
				"north": {"uv": [5, 9, 6, 13], "texture": "#1"},
				"east": {"uv": [4, 9, 5, 13], "texture": "#1"},
				"south": {"uv": [7, 9, 8, 13], "texture": "#1"},
				"west": {"uv": [6, 9, 7, 13], "texture": "#1"},
				"up": {"uv": [6, 9, 5, 8], "texture": "#1"},
				"down": {"uv": [7, 8, 6, 9], "texture": "#1"}
			}
		},
		{
			"from": [4.55343, 2.8891, 7],
			"to": [5.55343, 5.8891, 8],
			"rotation": {"angle": 22.5, "axis": "z", "origin": [3.80343, 4.3891, 7.5]},
			"faces": {
				"north": {"uv": [13, 1, 14, 4], "texture": "#1"},
				"east": {"uv": [12, 1, 13, 4], "texture": "#1"},
				"south": {"uv": [15, 1, 16, 4], "texture": "#1"},
				"west": {"uv": [14, 1, 15, 4], "texture": "#1"},
				"up": {"uv": [14, 1, 13, 0], "texture": "#1"},
				"down": {"uv": [15, 0, 14, 1], "texture": "#1"}
			}
		},
		{
			"from": [10.725, 4.525, 7],
			"to": [11.725, 8.525, 8],
			"rotation": {"angle": 22.5, "axis": "z", "origin": [12.5, 2.35, 7.5]},
			"faces": {
				"north": {"uv": [9, 1, 10, 5], "texture": "#1"},
				"east": {"uv": [8, 1, 9, 5], "texture": "#1"},
				"south": {"uv": [11, 1, 12, 5], "texture": "#1"},
				"west": {"uv": [10, 1, 11, 5], "texture": "#1"},
				"up": {"uv": [10, 1, 9, 0], "texture": "#1"},
				"down": {"uv": [11, 0, 10, 1], "texture": "#1"}
			}
		},
		{
			"from": [10.44657, 2.8891, 7],
			"to": [11.44657, 5.8891, 8],
			"rotation": {"angle": -22.5, "axis": "z", "origin": [12.19657, 4.3891, 7.5]},
			"faces": {
				"north": {"uv": [9, 11, 10, 14], "texture": "#1"},
				"east": {"uv": [8, 11, 9, 14], "texture": "#1"},
				"south": {"uv": [11, 11, 12, 14], "texture": "#1"},
				"west": {"uv": [10, 11, 11, 14], "texture": "#1"},
				"up": {"uv": [10, 11, 9, 10], "texture": "#1"},
				"down": {"uv": [11, 10, 10, 11], "texture": "#1"}
			}
		},
		{
			"from": [12.5, 1.85, 7],
			"to": [13.5, 5.85, 8],
			"rotation": {"angle": 22.5, "axis": "z", "origin": [12.5, 2.35, 7.5]},
			"faces": {
				"north": {"uv": [1, 9, 2, 13], "texture": "#1"},
				"east": {"uv": [0, 9, 1, 13], "texture": "#1"},
				"south": {"uv": [3, 9, 4, 13], "texture": "#1"},
				"west": {"uv": [2, 9, 3, 13], "texture": "#1"},
				"up": {"uv": [2, 9, 1, 8], "texture": "#1"},
				"down": {"uv": [3, 8, 2, 9], "texture": "#1"}
			}
		},
		{
			"from": [4.275, 4.525, 7],
			"to": [5.275, 8.525, 8],
			"rotation": {"angle": -22.5, "axis": "z", "origin": [3.5, 2.35, 7.5]},
			"faces": {
				"north": {"uv": [9, 6, 10, 10], "texture": "#1"},
				"east": {"uv": [8, 6, 9, 10], "texture": "#1"},
				"south": {"uv": [11, 6, 12, 10], "texture": "#1"},
				"west": {"uv": [10, 6, 11, 10], "texture": "#1"},
				"up": {"uv": [10, 6, 9, 5], "texture": "#1"},
				"down": {"uv": [11, 5, 10, 6], "texture": "#1"}
			}
		}
	],
	"gui_light": "front",
	"display": {
		"thirdperson_righthand": {
			"rotation": [-172, -113, -172],
			"translation": [2.25, -1.5, 0],
			"scale": [0.85, 0.85, 0.85]
		},
		"thirdperson_lefthand": {
			"rotation": [-172, -101, -172],
			"translation": [2.25, -1.5, 0],
			"scale": [0.85, 0.85, 0.85]
		},
		"firstperson_righthand": {
			"translation": [0, -5.75, 0],
			"scale": [0.85, 0.85, 0.85]
		},
		"firstperson_lefthand": {
			"translation": [0, -5.75, 0],
			"scale": [0.85, 0.85, 0.85]
		},
		"ground": {
			"rotation": [52, -28, -52]
		},
		"gui": {
			"rotation": [-24, 160, 44],
			"scale": [0.9, 0.9, 0.9]
		},
		"head": {
			"translation": [0, 0, -3.75],
			"scale": [0.97, 0.43, 0]
		}
	}
}