{
	"format_version": "1.21.6",
	"credit": "Made with Blockbench",
	"texture_size": [64, 64],
	"textures": {
		"0": "civilization:item/tools/egg_staff/default",
		"particle": "civilization:item/tools/egg_staff/default"
	},
	"elements": [
		{
			"from": [7, -3, 7],
			"to": [9, -2, 9],
			"rotation": {"angle": 0, "axis": "y", "origin": [7, 0, 7]},
			"faces": {
				"north": {"uv": [3, 10, 3.5, 10.25], "texture": "#0"},
				"east": {"uv": [10, 5, 10.5, 5.25], "texture": "#0"},
				"south": {"uv": [10, 5.25, 10.5, 5.5], "texture": "#0"},
				"west": {"uv": [10, 6, 10.5, 6.25], "texture": "#0"},
				"up": {"uv": [9.5, 6.5, 9, 6], "texture": "#0"},
				"down": {"uv": [9.75, 3.5, 9.25, 4], "texture": "#0"}
			}
		},
		{
			"from": [6.9, -1, 6.9],
			"to": [9.1, 9, 9.1],
			"rotation": {"angle": 0, "axis": "y", "origin": [7, 0, 7]},
			"faces": {
				"north": {"uv": [3, 6, 3.5, 8.5], "texture": "#0"},
				"east": {"uv": [6.25, 3, 6.75, 5.5], "texture": "#0"},
				"south": {"uv": [3.5, 6.25, 4, 8.75], "texture": "#0"},
				"west": {"uv": [4, 6.25, 4.5, 8.75], "texture": "#0"},
				"up": {"uv": [0.5, 10, 0, 9.5], "texture": "#0"},
				"down": {"uv": [10, 2, 9.5, 2.5], "texture": "#0"}
			}
		},
		{
			"from": [7, 10, 7],
			"to": [9, 11, 9],
			"rotation": {"angle": 0, "axis": "y", "origin": [7, 1, 7]},
			"faces": {
				"north": {"uv": [10, 8.5, 10.5, 8.75], "texture": "#0"},
				"east": {"uv": [10, 8.75, 10.5, 9], "texture": "#0"},
				"south": {"uv": [9.25, 10, 9.75, 10.25], "texture": "#0"},
				"west": {"uv": [9.75, 10, 10.25, 10.25], "texture": "#0"},
				"up": {"uv": [10, 3, 9.5, 2.5], "texture": "#0"},
				"down": {"uv": [3.5, 9.5, 3, 10], "texture": "#0"}
			}
		},
		{
			"from": [6.75, 9, 6.75],
			"to": [9.25, 10, 9.25],
			"rotation": {"angle": 0, "axis": "y", "origin": [7, 0, 7]},
			"faces": {
				"north": {"uv": [1, 10.25, 1.5, 10.5], "texture": "#0"},
				"east": {"uv": [3, 10.25, 3.5, 10.5], "texture": "#0"},
				"south": {"uv": [10.25, 3.5, 10.75, 3.75], "texture": "#0"},
				"west": {"uv": [10.25, 3.75, 10.75, 4], "texture": "#0"},
				"up": {"uv": [10, 3.5, 9.5, 3], "texture": "#0"},
				"down": {"uv": [10, 4.5, 9.5, 5], "texture": "#0"}
			}
		},
		{
			"from": [6.75, -2, 6.75],
			"to": [9.25, -1, 9.25],
			"rotation": {"angle": 0, "axis": "y", "origin": [7, -11, 7]},
			"faces": {
				"north": {"uv": [10.25, 4, 10.75, 4.25], "texture": "#0"},
				"east": {"uv": [10.25, 4.25, 10.75, 4.5], "texture": "#0"},
				"south": {"uv": [4.5, 10.25, 5, 10.5], "texture": "#0"},
				"west": {"uv": [5, 10.25, 5.5, 10.5], "texture": "#0"},
				"up": {"uv": [10, 5.5, 9.5, 5], "texture": "#0"},
				"down": {"uv": [10, 6, 9.5, 6.5], "texture": "#0"}
			}
		},
		{
			"from": [7.5, 5, 5.35],
			"to": [8.5, 12, 6.35],
			"rotation": {"angle": 45, "axis": "x", "origin": [8, 9.5, 5.85]},
			"faces": {
				"north": {"uv": [2.25, 8, 2.5, 9.75], "texture": "#0"},
				"east": {"uv": [0.75, 8.25, 1, 10], "texture": "#0"},
				"south": {"uv": [7.5, 8.5, 7.75, 10.25], "texture": "#0"},
				"west": {"uv": [7.75, 8.5, 8, 10.25], "texture": "#0"},
				"up": {"uv": [2.5, 6, 2.25, 5.75], "texture": "#0"},
				"down": {"uv": [3.75, 6, 3.5, 6.25], "texture": "#0"}
			}
		},
		{
			"from": [7.5, -3.5, 5.5],
			"to": [8.5, 7.5, 6.5],
			"rotation": {"angle": -22.5, "axis": "x", "origin": [8, -1, 6]},
			"faces": {
				"north": {"uv": [8, 0, 8.25, 2.75], "texture": "#0"},
				"east": {"uv": [1.5, 8, 1.75, 10.75], "texture": "#0"},
				"south": {"uv": [1.75, 8, 2, 10.75], "texture": "#0"},
				"west": {"uv": [2, 8, 2.25, 10.75], "texture": "#0"},
				"up": {"uv": [7.75, 5.5, 7.5, 5.25], "texture": "#0"},
				"down": {"uv": [8.5, 5.75, 8.25, 6], "texture": "#0"}
			}
		},
		{
			"from": [7, 12, 7],
			"to": [9, 17, 9],
			"rotation": {"angle": 0, "axis": "y", "origin": [7, 15, 7]},
			"faces": {
				"north": {"uv": [7.75, 3.75, 8.25, 5], "texture": "#0"},
				"east": {"uv": [7.75, 5, 8.25, 6.25], "texture": "#0"},
				"south": {"uv": [4.5, 8, 5, 9.25], "texture": "#0"},
				"west": {"uv": [5, 8, 5.5, 9.25], "texture": "#0"},
				"up": {"uv": [6, 9.75, 5.5, 9.25], "texture": "#0"},
				"down": {"uv": [9.75, 5.5, 9.25, 6], "texture": "#0"}
			}
		},
		{
			"from": [7, 18, 7],
			"to": [9, 20, 9],
			"rotation": {"angle": 0, "axis": "y", "origin": [7, 21, 7]},
			"faces": {
				"north": {"uv": [6, 9.25, 6.5, 9.75], "texture": "#0"},
				"east": {"uv": [6.5, 9.25, 7, 9.75], "texture": "#0"},
				"south": {"uv": [9.25, 6.5, 9.75, 7], "texture": "#0"},
				"west": {"uv": [9.25, 7, 9.75, 7.5], "texture": "#0"},
				"up": {"uv": [9.75, 8, 9.25, 7.5], "texture": "#0"},
				"down": {"uv": [9.75, 9, 9.25, 9.5], "texture": "#0"}
			}
		},
		{
			"from": [6, 20.775, -0.95],
			"to": [10, 21.775, 3.05],
			"rotation": {"angle": 22.5, "axis": "x", "origin": [8, 20.775, 2.05]},
			"faces": {
				"north": {"uv": [9.5, 0, 10.5, 0.25], "texture": "#0"},
				"east": {"uv": [9.5, 0.25, 10.5, 0.5], "texture": "#0"},
				"south": {"uv": [9.5, 0.5, 10.5, 0.75], "texture": "#0"},
				"west": {"uv": [9.5, 0.75, 10.5, 1], "texture": "#0"},
				"up": {"uv": [5.5, 8, 4.5, 7], "texture": "#0"},
				"down": {"uv": [6.5, 7, 5.5, 8], "texture": "#0"}
			}
		},
		{
			"from": [7.5, 16.5, 1.025],
			"to": [8.5, 23.5, 2.025],
			"rotation": {"angle": -45, "axis": "x", "origin": [8, 20.5, 2.025]},
			"faces": {
				"north": {"uv": [8, 8.5, 8.25, 10.25], "texture": "#0"},
				"east": {"uv": [2.5, 8.75, 2.75, 10.5], "texture": "#0"},
				"south": {"uv": [2.75, 8.75, 3, 10.5], "texture": "#0"},
				"west": {"uv": [3.5, 8.75, 3.75, 10.5], "texture": "#0"},
				"up": {"uv": [8.5, 6.25, 8.25, 6], "texture": "#0"},
				"down": {"uv": [9, 5.5, 8.75, 5.75], "texture": "#0"}
			}
		},
		{
			"from": [7.5, 16.55, 3.5],
			"to": [8.5, 21.55, 4.5],
			"rotation": {"angle": -22.5, "axis": "x", "origin": [8, 18.55, 4.5]},
			"faces": {
				"north": {"uv": [9, 2.25, 9.25, 3.5], "texture": "#0"},
				"east": {"uv": [9, 3.5, 9.25, 4.75], "texture": "#0"},
				"south": {"uv": [9, 4.75, 9.25, 6], "texture": "#0"},
				"west": {"uv": [8.25, 9, 8.5, 10.25], "texture": "#0"},
				"up": {"uv": [9.25, 6.75, 9, 6.5], "texture": "#0"},
				"down": {"uv": [0.75, 9.5, 0.5, 9.75], "texture": "#0"}
			}
		},
		{
			"from": [7.5, 16.55, 11.5],
			"to": [8.5, 21.55, 12.5],
			"rotation": {"angle": 22.5, "axis": "x", "origin": [8, 18.55, 11.5]},
			"faces": {
				"north": {"uv": [8.5, 9, 8.75, 10.25], "texture": "#0"},
				"east": {"uv": [8.75, 9, 9, 10.25], "texture": "#0"},
				"south": {"uv": [9, 9, 9.25, 10.25], "texture": "#0"},
				"west": {"uv": [9.25, 2.25, 9.5, 3.5], "texture": "#0"},
				"up": {"uv": [2.5, 10.25, 2.25, 10], "texture": "#0"},
				"down": {"uv": [2.5, 10.25, 2.25, 10.5], "texture": "#0"}
			}
		},
		{
			"from": [7.5, 16.5, 13.975],
			"to": [8.5, 23.5, 14.975],
			"rotation": {"angle": 45, "axis": "x", "origin": [8, 20.5, 13.975]},
			"faces": {
				"north": {"uv": [3.75, 8.75, 4, 10.5], "texture": "#0"},
				"east": {"uv": [8.75, 3.75, 9, 5.5], "texture": "#0"},
				"south": {"uv": [4, 8.75, 4.25, 10.5], "texture": "#0"},
				"west": {"uv": [4.25, 8.75, 4.5, 10.5], "texture": "#0"},
				"up": {"uv": [0.75, 10, 0.5, 9.75], "texture": "#0"},
				"down": {"uv": [2.5, 9.75, 2.25, 10], "texture": "#0"}
			}
		},
		{
			"from": [6, 20.775, 12.95],
			"to": [10, 21.775, 16.95],
			"rotation": {"angle": -22.5, "axis": "x", "origin": [8, 20.775, 13.95]},
			"faces": {
				"north": {"uv": [9.5, 1, 10.5, 1.25], "texture": "#0"},
				"east": {"uv": [9.5, 1.25, 10.5, 1.5], "texture": "#0"},
				"south": {"uv": [9.5, 1.5, 10.5, 1.75], "texture": "#0"},
				"west": {"uv": [9.5, 1.75, 10.5, 2], "texture": "#0"},
				"up": {"uv": [7.5, 8, 6.5, 7], "texture": "#0"},
				"down": {"uv": [1, 7.25, 0, 8.25], "texture": "#0"}
			}
		},
		{
			"from": [7.5, -14, 7],
			"to": [8.5, -7, 9],
			"rotation": {"angle": 0, "axis": "y", "origin": [7, 0, 7]},
			"faces": {
				"north": {"uv": [2.5, 7, 3, 8.75], "texture": "#0"},
				"east": {"uv": [1, 7.25, 1.5, 9], "texture": "#0"},
				"south": {"uv": [7.5, 1, 8, 2.75], "texture": "#0"},
				"west": {"uv": [7.5, 6.25, 8, 8], "texture": "#0"},
				"up": {"uv": [9.75, 4.5, 9.25, 4], "texture": "#0"},
				"down": {"uv": [5, 9.25, 4.5, 9.75], "texture": "#0"}
			}
		},
		{
			"from": [7, -9.5, 6.5],
			"to": [9, -6.5, 9.5],
			"rotation": {"angle": -45, "axis": "x", "origin": [8, -8, 8]},
			"faces": {
				"north": {"uv": [9, 0, 9.5, 0.75], "texture": "#0"},
				"east": {"uv": [8.25, 2.25, 9, 3], "texture": "#0"},
				"south": {"uv": [9, 0.75, 9.5, 1.5], "texture": "#0"},
				"west": {"uv": [8.25, 3, 9, 3.75], "texture": "#0"},
				"up": {"uv": [1.5, 9.75, 1, 9], "texture": "#0"},
				"down": {"uv": [9.5, 1.5, 9, 2.25], "texture": "#0"}
			}
		},
		{
			"from": [8, -16, 5.5],
			"to": [8, -7, 10.5],
			"rotation": {"angle": 0, "axis": "y", "origin": [7, -2, 7.5]},
			"faces": {
				"north": {"uv": [0, 0, 0, 2.25], "texture": "#0"},
				"east": {"uv": [0, 0, 1.25, 2.25], "texture": "#0"},
				"south": {"uv": [0, 0, 0, 2.25], "texture": "#0"},
				"west": {"uv": [1.25, 0, 2.5, 2.25], "texture": "#0"},
				"up": {"uv": [0, 1.25, 0, 0], "texture": "#0"},
				"down": {"uv": [0, 0, 0, 1.25], "texture": "#0"}
			}
		},
		{
			"from": [7, -8, 6],
			"to": [9, -4, 7],
			"rotation": {"angle": 22.5, "axis": "x", "origin": [8, -5.5, 6.5]},
			"faces": {
				"north": {"uv": [8.25, 3.75, 8.75, 4.75], "texture": "#0"},
				"east": {"uv": [7.75, 0, 8, 1], "texture": "#0"},
				"south": {"uv": [8.25, 4.75, 8.75, 5.75], "texture": "#0"},
				"west": {"uv": [9.25, 4.5, 9.5, 5.5], "texture": "#0"},
				"up": {"uv": [10.5, 6.5, 10, 6.25], "texture": "#0"},
				"down": {"uv": [7.5, 10, 7, 10.25], "texture": "#0"}
			}
		},
		{
			"from": [7, -8, 9],
			"to": [9, -4, 10],
			"rotation": {"angle": -22.5, "axis": "x", "origin": [8, -5.5, 9.5]},
			"faces": {
				"north": {"uv": [8.25, 8, 8.75, 9], "texture": "#0"},
				"east": {"uv": [5, 9.25, 5.25, 10.25], "texture": "#0"},
				"south": {"uv": [3, 8.5, 3.5, 9.5], "texture": "#0"},
				"west": {"uv": [5.25, 9.25, 5.5, 10.25], "texture": "#0"},
				"up": {"uv": [10.5, 8.25, 10, 8], "texture": "#0"},
				"down": {"uv": [10.5, 8.25, 10, 8.5], "texture": "#0"}
			}
		},
		{
			"from": [6.5, -5, 6.5],
			"to": [9.5, -3, 9.5],
			"rotation": {"angle": 0, "axis": "y", "origin": [6.5, 0, 7.5]},
			"faces": {
				"north": {"uv": [8.5, 6.75, 9.25, 7.25], "texture": "#0"},
				"east": {"uv": [8.75, 8, 9.5, 8.5], "texture": "#0"},
				"south": {"uv": [8.75, 8.5, 9.5, 9], "texture": "#0"},
				"west": {"uv": [0, 9, 0.75, 9.5], "texture": "#0"},
				"up": {"uv": [2.25, 6, 1.5, 5.25], "texture": "#0"},
				"down": {"uv": [7.5, 4.75, 6.75, 5.5], "texture": "#0"}
			}
		},
		{
			"from": [6.5, 11, 6.5],
			"to": [9.5, 12, 9.5],
			"rotation": {"angle": 0, "axis": "y", "origin": [6.5, 16, 7.5]},
			"faces": {
				"north": {"uv": [7.5, 2.75, 8.25, 3], "texture": "#0"},
				"east": {"uv": [8.5, 7.25, 9.25, 7.5], "texture": "#0"},
				"south": {"uv": [10, 2.5, 10.75, 2.75], "texture": "#0"},
				"west": {"uv": [10, 2.75, 10.75, 3], "texture": "#0"},
				"up": {"uv": [0.75, 9, 0, 8.25], "texture": "#0"},
				"down": {"uv": [9, 0, 8.25, 0.75], "texture": "#0"}
			}
		},
		{
			"from": [6.5, 17, 6.5],
			"to": [9.5, 18, 9.5],
			"rotation": {"angle": 0, "axis": "y", "origin": [6.5, 22, 7.5]},
			"faces": {
				"north": {"uv": [10, 3, 10.75, 3.25], "texture": "#0"},
				"east": {"uv": [10, 3.25, 10.75, 3.5], "texture": "#0"},
				"south": {"uv": [10, 4.5, 10.75, 4.75], "texture": "#0"},
				"west": {"uv": [10, 4.75, 10.75, 5], "texture": "#0"},
				"up": {"uv": [9, 1.5, 8.25, 0.75], "texture": "#0"},
				"down": {"uv": [9, 1.5, 8.25, 2.25], "texture": "#0"}
			}
		},
		{
			"from": [3.075, 13.325, 5.5],
			"to": [3.075, 18.325, 10.5],
			"rotation": {"angle": 0, "axis": "y", "origin": [3.075, 15.825, 8]},
			"faces": {
				"north": {"uv": [0, 0, 0, 1.25], "texture": "#0"},
				"east": {"uv": [5, 2.5, 6.25, 3.75], "texture": "#0"},
				"south": {"uv": [0, 0, 0, 1.25], "texture": "#0"},
				"west": {"uv": [3.75, 5, 5, 6.25], "texture": "#0"},
				"up": {"uv": [0, 1.25, 0, 0], "texture": "#0"},
				"down": {"uv": [0, 0, 0, 1.25], "texture": "#0"}
			}
		},
		{
			"from": [12.925, 13.325, 5.5],
			"to": [12.925, 18.325, 10.5],
			"rotation": {"angle": 0, "axis": "y", "origin": [12.925, 15.825, 8]},
			"faces": {
				"north": {"uv": [0, 0, 0, 1.25], "texture": "#0"},
				"east": {"uv": [5, 3.75, 6.25, 5], "texture": "#0"},
				"south": {"uv": [0, 0, 0, 1.25], "texture": "#0"},
				"west": {"uv": [5, 5, 6.25, 6.25], "texture": "#0"},
				"up": {"uv": [0, 1.25, 0, 0], "texture": "#0"},
				"down": {"uv": [0, 0, 0, 1.25], "texture": "#0"}
			}
		},
		{
			"from": [8.425, 16.2, 8],
			"to": [14.425, 19.2, 8],
			"rotation": {"angle": 22.5, "axis": "z", "origin": [14.425, 14.7, 7.5]},
			"faces": {
				"north": {"uv": [4.5, 6.25, 6, 7], "texture": "#0"},
				"east": {"uv": [0, 0, 0, 0.75], "texture": "#0"},
				"south": {"uv": [6.25, 5.5, 7.75, 6.25], "texture": "#0"},
				"west": {"uv": [0, 0, 0, 0.75], "texture": "#0"},
				"up": {"uv": [1.5, 0, 0, 0], "texture": "#0"},
				"down": {"uv": [1.5, 0, 0, 0], "texture": "#0"}
			}
		},
		{
			"from": [1.575, 16.2, 8],
			"to": [7.575, 19.2, 8],
			"rotation": {"angle": -22.5, "axis": "z", "origin": [1.575, 14.7, 7.5]},
			"faces": {
				"north": {"uv": [6, 6.25, 7.5, 7], "texture": "#0"},
				"east": {"uv": [0, 0, 0, 0.75], "texture": "#0"},
				"south": {"uv": [6.75, 3, 8.25, 3.75], "texture": "#0"},
				"west": {"uv": [0, 0, 0, 0.75], "texture": "#0"},
				"up": {"uv": [1.5, 0, 0, 0], "texture": "#0"},
				"down": {"uv": [1.5, 0, 0, 0], "texture": "#0"}
			}
		},
		{
			"from": [5.5, 23, 5.5],
			"to": [10.5, 23.5, 10.5],
			"rotation": {"angle": 0, "axis": "y", "origin": [4, 23, 4]},
			"faces": {
				"north": {"uv": [0.75, 12, 3.25, 12.25], "texture": "#0"},
				"east": {"uv": [0.75, 12, 3.25, 12.25], "texture": "#0"},
				"south": {"uv": [0.75, 12, 3.25, 12.25], "texture": "#0"},
				"west": {"uv": [0.75, 12, 3.25, 12.25], "texture": "#0"},
				"up": {"uv": [0.75, 12.75, 3.25, 15.25], "texture": "#0"},
				"down": {"uv": [0.75, 12.75, 3.25, 15.25], "texture": "#0"}
			}
		},
		{
			"from": [7, 30.5, 7],
			"to": [9, 31, 9],
			"rotation": {"angle": 0, "axis": "y", "origin": [4, 23, 4]},
			"faces": {
				"north": {"uv": [1.5, 15.75, 2.5, 16], "texture": "#0"},
				"east": {"uv": [1.5, 15.75, 2.5, 16], "texture": "#0"},
				"south": {"uv": [1.5, 15.75, 2.5, 16], "texture": "#0"},
				"west": {"uv": [1.5, 15.75, 2.5, 16], "texture": "#0"},
				"up": {"uv": [1.5, 13.5, 2.5, 14.5], "texture": "#0"},
				"down": {"uv": [1.5, 13.5, 2.5, 14.5], "texture": "#0"}
			}
		},
		{
			"from": [6.5, 30, 6.5],
			"to": [9.5, 30.5, 9.5],
			"rotation": {"angle": 0, "axis": "y", "origin": [4, 23, 4]},
			"faces": {
				"north": {"uv": [1.25, 15.5, 2.75, 15.75], "texture": "#0"},
				"east": {"uv": [1.25, 15.5, 2.75, 15.75], "texture": "#0"},
				"south": {"uv": [1.25, 15.5, 2.75, 15.75], "texture": "#0"},
				"west": {"uv": [1.25, 15.5, 2.75, 15.75], "texture": "#0"},
				"up": {"uv": [1.25, 13.25, 2.75, 14.75], "texture": "#0"},
				"down": {"uv": [1.25, 13.25, 2.75, 14.75], "texture": "#0"}
			}
		},
		{
			"from": [6.5, 29.5, 6.5],
			"to": [9.5, 30, 9.5],
			"rotation": {"angle": 0, "axis": "y", "origin": [4, 23, 4]},
			"faces": {
				"north": {"uv": [1, 15.25, 3, 15.5], "texture": "#0"},
				"east": {"uv": [1, 15.25, 3, 15.5], "texture": "#0"},
				"south": {"uv": [1, 15.25, 3, 15.5], "texture": "#0"},
				"west": {"uv": [1, 15.25, 3, 15.5], "texture": "#0"},
				"up": {"uv": [1, 13, 3, 15], "texture": "#0"},
				"down": {"uv": [1, 13, 3, 15], "texture": "#0"}
			}
		},
		{
			"from": [5.5, 28.5, 5.5],
			"to": [10.5, 29.5, 10.5],
			"rotation": {"angle": 0, "axis": "y", "origin": [4, 23, 4]},
			"faces": {
				"north": {"uv": [0.75, 14.75, 3.25, 15.25], "texture": "#0"},
				"east": {"uv": [0.75, 14.75, 3.25, 15.25], "texture": "#0"},
				"south": {"uv": [0.75, 14.75, 3.25, 15.25], "texture": "#0"},
				"west": {"uv": [0.75, 14.75, 3.25, 15.25], "texture": "#0"},
				"up": {"uv": [0.75, 12.75, 3.25, 15.25], "texture": "#0"},
				"down": {"uv": [0.75, 12.75, 3.25, 15.25], "texture": "#0"}
			}
		},
		{
			"from": [5, 27, 5],
			"to": [11, 28.5, 11],
			"rotation": {"angle": 0, "axis": "y", "origin": [4, 23, 4]},
			"faces": {
				"north": {"uv": [0.5, 14, 3.5, 14.75], "texture": "#0"},
				"east": {"uv": [0.5, 14, 3.5, 14.75], "texture": "#0"},
				"south": {"uv": [0.5, 14, 3.5, 14.75], "texture": "#0"},
				"west": {"uv": [0.5, 14, 3.5, 14.75], "texture": "#0"},
				"up": {"uv": [0.5, 12.5, 3.5, 15.5], "texture": "#0"},
				"down": {"uv": [0.5, 12.5, 3.5, 15.5], "texture": "#0"}
			}
		},
		{
			"from": [4.5, 24.5, 4.5],
			"to": [11.5, 27, 11.5],
			"rotation": {"angle": 0, "axis": "y", "origin": [4, 23, 4]},
			"faces": {
				"north": {"uv": [0.25, 12.75, 3.75, 14], "texture": "#0"},
				"east": {"uv": [0.25, 12.75, 3.75, 14], "texture": "#0"},
				"south": {"uv": [0.25, 12.75, 3.75, 14], "texture": "#0"},
				"west": {"uv": [0.25, 12.75, 3.75, 14], "texture": "#0"},
				"up": {"uv": [0.25, 12.25, 3.75, 15.75], "texture": "#0"},
				"down": {"uv": [0.25, 12.25, 3.75, 15.75], "texture": "#0"}
			}
		},
		{
			"from": [5, 23.5, 5],
			"to": [11, 24.5, 11],
			"rotation": {"angle": 0, "axis": "y", "origin": [4, 23, 4]},
			"faces": {
				"north": {"uv": [0.5, 12.25, 3.5, 12.75], "texture": "#0"},
				"east": {"uv": [0.5, 12.25, 3.5, 12.75], "texture": "#0"},
				"south": {"uv": [0.5, 12.25, 3.5, 12.75], "texture": "#0"},
				"west": {"uv": [0.5, 12.25, 3.5, 12.75], "texture": "#0"},
				"up": {"uv": [0.5, 12.5, 3.5, 15.5], "texture": "#0"},
				"down": {"uv": [0.5, 12.5, 3.5, 15.5], "texture": "#0"}
			}
		}
	],
	"gui_light": "front",
	"display": {
		"thirdperson_righthand": {
			"translation": [0, 3, 1],
			"scale": [0.7, 0.7, 0.7]
		},
		"thirdperson_lefthand": {
			"translation": [0, 3, 1],
			"scale": [0.7, 0.7, 0.7]
		},
		"firstperson_righthand": {
			"rotation": [0, -5.75, 0],
			"translation": [2, 1.75, 0],
			"scale": [0.6, 0.6, 0.6]
		},
		"firstperson_lefthand": {
			"rotation": [0, -90, 25],
			"translation": [1.13, 3.2, 1.13],
			"scale": [0.68, 0.68, 0.68]
		},
		"ground": {
			"rotation": [67.32, 17.61, -76.22],
			"translation": [0, 3.25, 0],
			"scale": [0.5, 0.5, 0.5]
		},
		"gui": {
			"rotation": [60, 45, -60],
			"scale": [0.5, 0.5, 0.5]
		},
		"head": {
			"rotation": [0, -180, 0],
			"translation": [0, 13, 7]
		},
		"fixed": {
			"rotation": [60, 45, -60],
			"scale": [0.5, 0.5, 0.5]
		}
	},
	"groups": [
		{
			"name": "Staff",
			"origin": [1.575, 14.7, 7.5],
			"color": 0,
			"children": [0, 1, 2, 3, 4, 5, 6, 7, 8, 9, 10, 11, 12, 13, 14, 15, 16, 17, 18, 19, 20, 21, 22, 23, 24, 25, 26]
		},
		{
			"name": "Egg",
			"origin": [0, 0, 0],
			"color": 0,
			"children": [27, 28, 29, 30, 31, 32, 33, 34]
		}
	]
}