{
	"credit": "",
	"textures": {
		"0": "item/fire_crate_may_2024",
		"particle": "item/fire_crate_may_2024"
	},
	"elements": [
		{
			"from": [15, 8.25784, 12.75524],
			"to": [18, 18.25784, 14.75524],
			"rotation": {"angle": -22.5, "axis": "x", "origin": [9, 14.00784, 9.25524]},
			"faces": {
				"north": {"uv": [1, 6.3125, 1.1875, 6.9375], "texture": "#0", "tintindex": 0},
				"east": {"uv": [2.0625, 7.25, 2.1875, 7.875], "texture": "#0", "tintindex": 0},
				"south": {"uv": [6.5, 6.1875, 6.6875, 6.8125], "texture": "#0", "tintindex": 0},
				"west": {"uv": [3.5625, 7.25, 3.6875, 7.875], "texture": "#0", "tintindex": 0},
				"up": {"uv": [7.875, 7.5, 7.6875, 7.375], "texture": "#0", "tintindex": 0},
				"down": {"uv": [7.9375, 4.8125, 7.75, 4.9375], "texture": "#0", "tintindex": 0}
			}
		},
		{
			"from": [-2, 8.25784, -0.3349],
			"to": [1, 18.25784, 1.6651],
			"rotation": {"angle": 22.5, "axis": "x", "origin": [7, 14.00784, 5.1651]},
			"faces": {
				"north": {"uv": [2.125, 6.5625, 2.3125, 7.1875], "texture": "#0", "tintindex": 0},
				"east": {"uv": [6.75, 7.375, 6.875, 8], "texture": "#0", "tintindex": 0},
				"south": {"uv": [6.5625, 2.6875, 6.75, 3.3125], "texture": "#0", "tintindex": 0},
				"west": {"uv": [6.9375, 7.375, 7.0625, 8], "texture": "#0", "tintindex": 0},
				"up": {"uv": [5.625, 7.875, 5.4375, 7.75], "texture": "#0", "tintindex": 0},
				"down": {"uv": [8, 0.25, 7.8125, 0.375], "texture": "#0", "tintindex": 0}
			}
		},
		{
			"from": [-1, 8.5644, 1.12391],
			"to": [17, 16.5644, 4.12391],
			"rotation": {"angle": 22.5, "axis": "x", "origin": [8, 13.3144, 5.62391]},
			"faces": {
				"north": {"uv": [2.625, 0.625, 3.75, 1.125], "texture": "#0", "tintindex": 0},
				"east": {"uv": [1.1875, 2.625, 1.375, 3.125], "texture": "#0", "tintindex": 0},
				"south": {"uv": [2.625, 1.1875, 3.75, 1.6875], "texture": "#0", "tintindex": 0},
				"west": {"uv": [0, 6.6875, 0.1875, 7.1875], "texture": "#0", "tintindex": 0},
				"up": {"uv": [6.0625, 0.6875, 4.9375, 0.5], "texture": "#0", "tintindex": 0},
				"down": {"uv": [6.0625, 2.25, 4.9375, 2.4375], "texture": "#0", "tintindex": 0}
			}
		},
		{
			"from": [-2, 8.25784, 12.75524],
			"to": [1, 18.25784, 14.75524],
			"rotation": {"angle": -22.5, "axis": "x", "origin": [7, 14.00784, 9.25524]},
			"faces": {
				"north": {"uv": [6.5625, 1.3125, 6.75, 1.9375], "texture": "#0", "tintindex": 0},
				"east": {"uv": [3.75, 7.25, 3.875, 7.875], "texture": "#0", "tintindex": 0},
				"south": {"uv": [1.875, 6.5625, 2.0625, 7.1875], "texture": "#0", "tintindex": 0},
				"west": {"uv": [7.25, 6.1875, 7.375, 6.8125], "texture": "#0", "tintindex": 0},
				"up": {"uv": [5.375, 7.875, 5.1875, 7.75], "texture": "#0", "tintindex": 0},
				"down": {"uv": [7.9375, 5.1875, 7.75, 5.3125], "texture": "#0", "tintindex": 0}
			}
		},
		{
			"from": [0, 9.5, 2.45017],
			"to": [16, 12.5, 11.95017],
			"faces": {
				"north": {"uv": [6.5, 2.9375, 5.375, 2.75], "rotation": 180, "texture": "#0", "tintindex": 0},
				"east": {"uv": [3.75, 6.5625, 3.5625, 7.1875], "rotation": 270, "texture": "#0", "tintindex": 0},
				"south": {"uv": [6.4375, 5.1875, 5.3125, 5.375], "texture": "#0", "tintindex": 0},
				"west": {"uv": [4, 6.5625, 3.8125, 7.1875], "rotation": 90, "texture": "#0", "tintindex": 0},
				"up": {"uv": [1.4375, 3.1875, 2.5625, 2.5625], "texture": "#0", "tintindex": 0},
				"down": {"uv": [1.5, 2.5, 2.5, 1.875], "rotation": 180, "texture": "#0", "tintindex": 0}
			}
		},
		{
			"from": [14.99, 18.02908, 1.70017],
			"to": [18.01, 20.04909, 12.72017],
			"faces": {
				"north": {"uv": [5.375, 3.4375, 5.5625, 3.5625], "texture": "#0", "tintindex": 0},
				"east": {"uv": [6.875, 6, 7.5625, 6.125], "texture": "#0", "tintindex": 0},
				"south": {"uv": [5.625, 3.4375, 5.8125, 3.5625], "texture": "#0", "tintindex": 0},
				"west": {"uv": [7, 4.875, 7.6875, 5], "texture": "#0", "tintindex": 0},
				"up": {"uv": [2.75, 6.9375, 2.5625, 6.25], "texture": "#0", "tintindex": 0},
				"down": {"uv": [3, 6.25, 2.8125, 6.9375], "texture": "#0", "tintindex": 0}
			}
		},
		{
			"from": [-1.01, 11.02909, 2.70017],
			"to": [17.01, 18.04909, 11.72017],
			"faces": {
				"north": {"uv": [0.875, 3.25, 2, 3.6875], "texture": "#0", "tintindex": 0},
				"east": {"uv": [4.5625, 3.875, 5.125, 4.3125], "texture": "#0", "tintindex": 0},
				"south": {"uv": [3.5, 2.875, 4.625, 3.3125], "texture": "#0", "tintindex": 0},
				"west": {"uv": [1.625, 4.625, 2.1875, 5.0625], "texture": "#0", "tintindex": 0},
				"up": {"uv": [1.125, 3.1875, 0, 2.625], "texture": "#0", "tintindex": 0},
				"down": {"uv": [3.75, 0, 2.625, 0.5625], "texture": "#0", "tintindex": 0}
			}
		},
		{
			"from": [-2.01, 18.02908, 1.70017],
			"to": [1.01, 20.04909, 12.72017],
			"faces": {
				"north": {"uv": [4.9375, 7.75, 5.125, 7.875], "texture": "#0", "tintindex": 0},
				"east": {"uv": [7.0625, 1.3125, 7.75, 1.4375], "texture": "#0", "tintindex": 0},
				"south": {"uv": [7.75, 5, 7.9375, 5.125], "texture": "#0", "tintindex": 0},
				"west": {"uv": [7.0625, 1.5, 7.75, 1.625], "texture": "#0", "tintindex": 0},
				"up": {"uv": [3.25, 6.9375, 3.0625, 6.25], "texture": "#0", "tintindex": 0},
				"down": {"uv": [3.5, 6.25, 3.3125, 6.9375], "texture": "#0", "tintindex": 0}
			}
		},
		{
			"from": [-1, 8.5644, 10.29643],
			"to": [17, 16.5644, 13.29643],
			"rotation": {"angle": -22.5, "axis": "x", "origin": [8, 13.3144, 8.79643]},
			"faces": {
				"north": {"uv": [2.625, 1.75, 3.75, 2.25], "texture": "#0", "tintindex": 0},
				"east": {"uv": [6.75, 6.5, 6.9375, 7], "texture": "#0", "tintindex": 0},
				"south": {"uv": [2.625, 2.3125, 3.75, 2.8125], "texture": "#0", "tintindex": 0},
				"west": {"uv": [6.8125, 1.3125, 7, 1.8125], "texture": "#0", "tintindex": 0},
				"up": {"uv": [6.375, 2.6875, 5.25, 2.5], "texture": "#0", "tintindex": 0},
				"down": {"uv": [6.4375, 4.9375, 5.3125, 5.125], "texture": "#0", "tintindex": 0}
			}
		},
		{
			"from": [15, 8.25784, -0.3349],
			"to": [18, 18.25784, 1.6651],
			"rotation": {"angle": 22.5, "axis": "x", "origin": [9, 14.00784, 5.1651]},
			"faces": {
				"north": {"uv": [5.75, 6.25, 5.9375, 6.875], "texture": "#0", "tintindex": 0},
				"east": {"uv": [0, 7.25, 0.125, 7.875], "texture": "#0", "tintindex": 0},
				"south": {"uv": [0.75, 6.3125, 0.9375, 6.9375], "texture": "#0", "tintindex": 0},
				"west": {"uv": [1.875, 7.25, 2, 7.875], "texture": "#0", "tintindex": 0},
				"up": {"uv": [6.75, 0.4375, 6.5625, 0.3125], "texture": "#0", "tintindex": 0},
				"down": {"uv": [7, 0.3125, 6.8125, 0.4375], "texture": "#0", "tintindex": 0}
			}
		},
		{
			"from": [-3.03669, 8.23912, -2.86392],
			"to": [-0.05669, 11.21912, 17.11608],
			"rotation": {"angle": 0, "axis": "y", "origin": [0, 2, 7]},
			"faces": {
				"north": {"uv": [7.5, 1.9375, 7.6875, 2.125], "texture": "#0", "tintindex": 0},
				"east": {"uv": [4.75, 0.75, 6, 0.9375], "texture": "#0", "tintindex": 0},
				"south": {"uv": [7.5, 2.4375, 7.6875, 2.625], "texture": "#0", "tintindex": 0},
				"west": {"uv": [4.75, 1, 6, 1.1875], "texture": "#0", "tintindex": 0},
				"up": {"uv": [4.6875, 6.1875, 4.5, 4.9375], "texture": "#0", "tintindex": 0},
				"down": {"uv": [4.9375, 4.9375, 4.75, 6.1875], "texture": "#0", "tintindex": 0}
			}
		},
		{
			"from": [0, 5.93909, 1],
			"to": [0, 11.93909, 14],
			"faces": {
				"north": {"uv": [8, 5.25, 9, 5.625], "texture": "#0", "tintindex": 0},
				"east": {"uv": [8.875, 7.1875, 8.0625, 7.5625], "texture": "#0", "tintindex": 0},
				"south": {"uv": [8, 5.6875, 9, 6.0625], "texture": "#0", "tintindex": 0},
				"west": {"uv": [8.0625, 7.1875, 8.875, 7.5625], "texture": "#0", "tintindex": 0},
				"up": {"uv": [8, 3.8125, 9, 4.625], "texture": "#0", "tintindex": 0},
				"down": {"uv": [8, 4.75, 9, 5.5625], "texture": "#0", "tintindex": 0}
			}
		},
		{
			"from": [16, 5.93909, 1],
			"to": [16, 11.93909, 14],
			"faces": {
				"north": {"uv": [8, 5.3125, 9, 5.6875], "texture": "#0", "tintindex": 0},
				"east": {"uv": [8.0625, 6.6875, 8.875, 7.0625], "texture": "#0", "tintindex": 0},
				"south": {"uv": [8, 5.3125, 9, 5.6875], "texture": "#0", "tintindex": 0},
				"west": {"uv": [8.875, 6.6875, 8.0625, 7.0625], "texture": "#0", "tintindex": 0},
				"up": {"uv": [8, 3.8125, 9, 4.625], "texture": "#0", "tintindex": 0},
				"down": {"uv": [8, 4.75, 9, 5.5625], "texture": "#0", "tintindex": 0}
			}
		},
		{
			"from": [0, 5.93909, 14],
			"to": [16, 11.93909, 14],
			"faces": {
				"north": {"uv": [9, 5.6875, 8, 6.0625], "texture": "#0", "tintindex": 0},
				"east": {"uv": [8.0625, 5.3125, 8.875, 5.6875], "texture": "#0", "tintindex": 0},
				"south": {"uv": [8, 5.6875, 9, 6.0625], "texture": "#0", "tintindex": 0},
				"west": {"uv": [8, 5.25, 8.8125, 5.625], "texture": "#0", "tintindex": 0},
				"up": {"uv": [8, 3.8125, 9, 4.625], "texture": "#0", "tintindex": 0},
				"down": {"uv": [8, 4.75, 9, 5.5625], "texture": "#0", "tintindex": 0}
			}
		},
		{
			"from": [0, 5.93909, 1],
			"to": [16, 11.93909, 1],
			"faces": {
				"north": {"uv": [8, 6.1875, 9, 6.5625], "texture": "#0", "tintindex": 0},
				"east": {"uv": [8.0625, 5.3125, 8.875, 5.6875], "texture": "#0", "tintindex": 0},
				"south": {"uv": [9, 6.1875, 8, 6.5625], "texture": "#0", "tintindex": 0},
				"west": {"uv": [8.0625, 5.25, 8.875, 5.625], "texture": "#0", "tintindex": 0},
				"up": {"uv": [8, 3.8125, 9, 4.625], "texture": "#0", "tintindex": 0},
				"down": {"uv": [8, 4.75, 9, 5.5625], "texture": "#0", "tintindex": 0}
			}
		},
		{
			"from": [-0.03669, 8.23912, -2.86392],
			"to": [15.94331, 11.21912, 0.11607],
			"rotation": {"angle": 0, "axis": "y", "origin": [0, 2, 7]},
			"faces": {
				"north": {"uv": [5.3125, 5.4375, 6.3125, 5.625], "texture": "#0", "tintindex": 0},
				"east": {"uv": [3.25, 3.5625, 3.4375, 3.75], "texture": "#0", "tintindex": 0},
				"south": {"uv": [5.5, 0, 6.5, 0.1875], "texture": "#0", "tintindex": 0},
				"west": {"uv": [7.3125, 0.3125, 7.5, 0.5], "texture": "#0", "tintindex": 0},
				"up": {"uv": [6.5, 0.4375, 5.5, 0.25], "texture": "#0", "tintindex": 0},
				"down": {"uv": [6.5, 1.75, 5.5, 1.9375], "texture": "#0", "tintindex": 0}
			}
		},
		{
			"from": [-0.03669, 8.23912, 14.13608],
			"to": [15.94331, 11.21912, 17.11608],
			"rotation": {"angle": 0, "axis": "y", "origin": [0, 2, 7]},
			"faces": {
				"north": {"uv": [5.5, 2, 6.5, 2.1875], "texture": "#0", "tintindex": 0},
				"east": {"uv": [0.1875, 7.5, 0.375, 7.6875], "texture": "#0", "tintindex": 0},
				"south": {"uv": [2.75, 5.625, 3.75, 5.8125], "texture": "#0", "tintindex": 0},
				"west": {"uv": [1.5625, 7.5, 1.75, 7.6875], "texture": "#0", "tintindex": 0},
				"up": {"uv": [6.3125, 5.875, 5.3125, 5.6875], "texture": "#0", "tintindex": 0},
				"down": {"uv": [6.8125, 3.875, 5.8125, 4.0625], "texture": "#0", "tintindex": 0}
			}
		},
		{
			"from": [5.125, 5.74122, 16.07104],
			"to": [11.125, 11.74122, 18.07104],
			"rotation": {"angle": -45, "axis": "z", "origin": [8.125, 8.74122, 16.07104]},
			"faces": {
				"north": {"uv": [1.8125, 5.0625, 2.1875, 5.4375], "texture": "#0", "tintindex": 0},
				"east": {"uv": [1.9375, 5.4375, 2.0625, 5.8125], "texture": "#0", "tintindex": 0},
				"south": {"uv": [1.4375, 5.0625, 1.8125, 5.4375], "texture": "#0", "tintindex": 0},
				"west": {"uv": [2.0625, 5.4375, 2.1875, 5.8125], "texture": "#0", "tintindex": 0},
				"up": {"uv": [1.5625, 5.625, 1.9375, 5.75], "texture": "#0", "tintindex": 0},
				"down": {"uv": [1.5625, 5.4375, 1.9375, 5.5625], "texture": "#0", "tintindex": 0}
			}
		},
		{
			"from": [6.125, 5.74122, 15.07104],
			"to": [10.125, 9.74122, 17.07104],
			"rotation": {"angle": -45, "axis": "z", "origin": [8.125, 7.74122, 16.07104]},
			"faces": {
				"north": {"uv": [0.3125, 4.8125, 0.5625, 5.0625], "texture": "#0", "tintindex": 0},
				"east": {"uv": [0.1875, 5.0625, 0.3125, 5.3125], "texture": "#0", "tintindex": 0},
				"south": {"uv": [0.625, 4.8125, 0.875, 5.0625], "texture": "#0", "tintindex": 0},
				"west": {"uv": [0.1875, 4.8125, 0.3125, 5.0625], "texture": "#0", "tintindex": 0},
				"up": {"uv": [0.3125, 5.125, 0.5625, 5.25], "texture": "#0", "tintindex": 0},
				"down": {"uv": [0.625, 5.125, 0.875, 5.25], "texture": "#0", "tintindex": 0}
			}
		},
		{
			"from": [15.96331, 8.23912, -2.86392],
			"to": [18.94331, 11.21912, 17.11608],
			"rotation": {"angle": 0, "axis": "y", "origin": [0, 2, 7]},
			"faces": {
				"north": {"uv": [7.4375, 1.0625, 7.625, 1.25], "texture": "#0", "tintindex": 0},
				"east": {"uv": [4.6875, 3.625, 5.9375, 3.8125], "texture": "#0", "tintindex": 0},
				"south": {"uv": [7.4375, 7.3125, 7.625, 7.5], "texture": "#0", "tintindex": 0},
				"west": {"uv": [4.5, 4.6875, 5.75, 4.875], "texture": "#0", "tintindex": 0},
				"up": {"uv": [2.4375, 5.875, 2.25, 4.625], "texture": "#0", "tintindex": 0},
				"down": {"uv": [2.6875, 4.625, 2.5, 5.875], "texture": "#0", "tintindex": 0}
			}
		},
		{
			"from": [-1.89, 0.01, -0.89],
			"to": [1.09, 2.99, 2.09],
			"rotation": {"angle": 45, "axis": "z", "origin": [-0.4, 1.5, 0.6]},
			"faces": {
				"north": {"uv": [7.5625, 2.6875, 7.75, 2.875], "texture": "#0", "tintindex": 0},
				"east": {"uv": [2.75, 7.5625, 2.9375, 7.75], "texture": "#0", "tintindex": 0},
				"south": {"uv": [7.5625, 2.9375, 7.75, 3.125], "texture": "#0", "tintindex": 0},
				"west": {"uv": [3, 7.5625, 3.1875, 7.75], "texture": "#0", "tintindex": 0},
				"up": {"uv": [7.75, 3.75, 7.5625, 3.5625], "texture": "#0", "tintindex": 0},
				"down": {"uv": [7.75, 4.0625, 7.5625, 4.25], "texture": "#0", "tintindex": 0}
			}
		},
		{
			"from": [14.24643, 0.3076, 12.1],
			"to": [17.24643, 8.3076, 15.1],
			"rotation": {"angle": -22.5, "axis": "z", "origin": [15.74643, 3.8076, 13.6]},
			"faces": {
				"north": {"uv": [6.5, 6.875, 6.3125, 7.375], "texture": "#0", "tintindex": 0},
				"east": {"uv": [4.8125, 6.875, 4.625, 7.375], "texture": "#0", "tintindex": 0},
				"south": {"uv": [4.5625, 6.875, 4.375, 7.375], "texture": "#0", "tintindex": 0},
				"west": {"uv": [5.0625, 6.9375, 4.875, 7.4375], "texture": "#0", "tintindex": 0},
				"up": {"uv": [7.6875, 3.3125, 7.5, 3.5], "texture": "#0", "tintindex": 0},
				"down": {"uv": [7.6875, 4.5, 7.5, 4.3125], "texture": "#0", "tintindex": 0}
			}
		},
		{
			"from": [-1.35357, 0.3076, 12.1],
			"to": [1.64643, 8.3076, 15.1],
			"rotation": {"angle": 22.5, "axis": "z", "origin": [0.14643, 3.8076, 13.6]},
			"faces": {
				"north": {"uv": [1, 7, 0.8125, 7.5], "texture": "#0", "tintindex": 0},
				"east": {"uv": [0.75, 7, 0.5625, 7.5], "texture": "#0", "tintindex": 0},
				"south": {"uv": [5.8125, 6.9375, 5.625, 7.4375], "texture": "#0", "tintindex": 0},
				"west": {"uv": [2.5625, 7, 2.375, 7.5], "texture": "#0", "tintindex": 0},
				"up": {"uv": [2.4375, 7.5625, 2.25, 7.75], "texture": "#0", "tintindex": 0},
				"down": {"uv": [2.6875, 7.75, 2.5, 7.5625], "texture": "#0", "tintindex": 0}
			}
		},
		{
			"from": [-3.03357, 7.3276, -2.88],
			"to": [18.92643, 10.2876, 17.08],
			"rotation": {"angle": 0, "axis": "y", "origin": [-6.4, -6.5, -7.4]},
			"faces": {
				"north": {"uv": [3.8125, 2.5, 5.1875, 2.6875], "texture": "#0", "tintindex": 0},
				"east": {"uv": [4.75, 1.25, 6, 1.4375], "texture": "#0", "tintindex": 0},
				"south": {"uv": [4.5, 4.4375, 5.875, 4.625], "texture": "#0", "tintindex": 0},
				"west": {"uv": [4.75, 1.5, 6, 1.6875], "texture": "#0", "tintindex": 0},
				"up": {"uv": [1.375, 1.25, 0, 0], "texture": "#0", "tintindex": 0},
				"down": {"uv": [1.375, 1.3125, 0, 2.5625], "texture": "#0", "tintindex": 0}
			}
		},
		{
			"from": [14.80286, 0.01, 12.11],
			"to": [17.78285, 2.99, 15.09],
			"rotation": {"angle": -45, "axis": "z", "origin": [16.29285, 1.5, 13.6]},
			"faces": {
				"north": {"uv": [7.75, 0.3125, 7.5625, 0.5], "texture": "#0", "tintindex": 0},
				"east": {"uv": [5.8125, 7.5, 5.625, 7.6875], "texture": "#0", "tintindex": 0},
				"south": {"uv": [5.0625, 7.5, 4.875, 7.6875], "texture": "#0", "tintindex": 0},
				"west": {"uv": [0.625, 7.5625, 0.4375, 7.75], "texture": "#0", "tintindex": 0},
				"up": {"uv": [0.875, 7.5625, 0.6875, 7.75], "texture": "#0", "tintindex": 0},
				"down": {"uv": [7.75, 1.875, 7.5625, 1.6875], "texture": "#0", "tintindex": 0}
			}
		},
		{
			"from": [-1.05357, 2.3076, 0.1],
			"to": [16.94643, 9.3076, 14.1],
			"rotation": {"angle": 0, "axis": "y", "origin": [-6.4, -6.5, -7.4]},
			"faces": {
				"north": {"uv": [3.5, 3.375, 4.625, 3.8125], "texture": "#0", "tintindex": 0},
				"east": {"uv": [4.6875, 1.25, 3.8125, 1.6875], "texture": "#0", "tintindex": 0},
				"south": {"uv": [4.625, 3.375, 3.5, 3.8125], "texture": "#0", "tintindex": 0},
				"west": {"uv": [3.8125, 1.25, 4.6875, 1.6875], "texture": "#0", "tintindex": 0},
				"up": {"uv": [2.5625, 0.875, 1.4375, 0], "texture": "#0", "tintindex": 0},
				"down": {"uv": [2.5625, 0.9375, 1.4375, 1.8125], "texture": "#0", "tintindex": 0}
			}
		},
		{
			"from": [-0.05357, 1.3076, 13.05],
			"to": [15.94643, 3.3076, 15.05],
			"rotation": {"angle": 0, "axis": "y", "origin": [-6.4, -6.5, -7.4]},
			"faces": {
				"north": {"uv": [7.375, 5.625, 6.375, 5.75], "texture": "#0", "tintindex": 0},
				"east": {"uv": [1.8125, 7.75, 1.6875, 7.875], "texture": "#0", "tintindex": 0},
				"south": {"uv": [7.375, 5.4375, 6.375, 5.5625], "texture": "#0", "tintindex": 0},
				"west": {"uv": [5.8125, 7.75, 5.6875, 7.875], "texture": "#0", "tintindex": 0},
				"up": {"uv": [7.4375, 2.5, 6.4375, 2.625], "texture": "#0", "tintindex": 0},
				"down": {"uv": [7.4375, 4.5625, 6.4375, 4.4375], "texture": "#0", "tintindex": 0}
			}
		},
		{
			"from": [14.80286, 0.01, -0.89],
			"to": [17.78285, 2.99, 2.09],
			"rotation": {"angle": -45, "axis": "z", "origin": [16.29285, 1.5, 0.6]},
			"faces": {
				"north": {"uv": [4.875, 7.5, 5.0625, 7.6875], "texture": "#0", "tintindex": 0},
				"east": {"uv": [5.625, 7.5, 5.8125, 7.6875], "texture": "#0", "tintindex": 0},
				"south": {"uv": [7.5625, 0.3125, 7.75, 0.5], "texture": "#0", "tintindex": 0},
				"west": {"uv": [0.4375, 7.5625, 0.625, 7.75], "texture": "#0", "tintindex": 0},
				"up": {"uv": [0.875, 7.75, 0.6875, 7.5625], "texture": "#0", "tintindex": 0},
				"down": {"uv": [7.75, 1.6875, 7.5625, 1.875], "texture": "#0", "tintindex": 0}
			}
		},
		{
			"from": [14.24643, 0.3076, -0.9],
			"to": [17.24643, 8.3076, 2.1],
			"rotation": {"angle": -22.5, "axis": "z", "origin": [15.74643, 3.8076, 0.6]},
			"faces": {
				"north": {"uv": [4.375, 6.875, 4.5625, 7.375], "texture": "#0", "tintindex": 0},
				"east": {"uv": [4.625, 6.875, 4.8125, 7.375], "texture": "#0", "tintindex": 0},
				"south": {"uv": [6.3125, 6.875, 6.5, 7.375], "texture": "#0", "tintindex": 0},
				"west": {"uv": [4.875, 6.9375, 5.0625, 7.4375], "texture": "#0", "tintindex": 0},
				"up": {"uv": [7.6875, 3.5, 7.5, 3.3125], "texture": "#0", "tintindex": 0},
				"down": {"uv": [7.6875, 4.3125, 7.5, 4.5], "texture": "#0", "tintindex": 0}
			}
		},
		{
			"from": [-1.89, 0.01, 12.11],
			"to": [1.09, 2.99, 15.09],
			"rotation": {"angle": 45, "axis": "z", "origin": [-0.4, 1.5, 13.6]},
			"faces": {
				"north": {"uv": [7.75, 2.9375, 7.5625, 3.125], "texture": "#0", "tintindex": 0},
				"east": {"uv": [2.9375, 7.5625, 2.75, 7.75], "texture": "#0", "tintindex": 0},
				"south": {"uv": [7.75, 2.6875, 7.5625, 2.875], "texture": "#0", "tintindex": 0},
				"west": {"uv": [3.1875, 7.5625, 3, 7.75], "texture": "#0", "tintindex": 0},
				"up": {"uv": [7.75, 3.5625, 7.5625, 3.75], "texture": "#0", "tintindex": 0},
				"down": {"uv": [7.75, 4.25, 7.5625, 4.0625], "texture": "#0", "tintindex": 0}
			}
		},
		{
			"from": [15.94643, 1.3076, 1.1],
			"to": [17.94643, 3.3076, 13.1],
			"rotation": {"angle": -45, "axis": "z", "origin": [16.94643, 2.3076, 7.1]},
			"faces": {
				"north": {"uv": [0.6875, 4.3125, 0.8125, 4.4375], "texture": "#0", "tintindex": 0},
				"east": {"uv": [6.875, 0.5625, 7.625, 0.6875], "texture": "#0", "tintindex": 0},
				"south": {"uv": [2.5625, 5.9375, 2.6875, 6.0625], "texture": "#0", "tintindex": 0},
				"west": {"uv": [6.875, 2.25, 7.625, 2.375], "texture": "#0", "tintindex": 0},
				"up": {"uv": [6.6875, 7.625, 6.5625, 6.875], "texture": "#0", "tintindex": 0},
				"down": {"uv": [5.25, 6.9375, 5.125, 7.6875], "texture": "#0", "tintindex": 0}
			}
		},
		{
			"from": [-2.05357, 1.3076, 1.1],
			"to": [-0.05357, 3.3076, 13.1],
			"rotation": {"angle": 45, "axis": "z", "origin": [-1.05357, 2.3076, 7.1]},
			"faces": {
				"north": {"uv": [6.3125, 6.5625, 6.4375, 6.6875], "texture": "#0", "tintindex": 0},
				"east": {"uv": [6.875, 3.875, 7.625, 4], "texture": "#0", "tintindex": 0},
				"south": {"uv": [0.5625, 6.6875, 0.6875, 6.8125], "texture": "#0", "tintindex": 0},
				"west": {"uv": [6.875, 5.8125, 7.625, 5.9375], "texture": "#0", "tintindex": 0},
				"up": {"uv": [3.5, 7.75, 3.375, 7], "texture": "#0", "tintindex": 0},
				"down": {"uv": [6.25, 7, 6.125, 7.75], "texture": "#0", "tintindex": 0}
			}
		},
		{
			"from": [-1.35357, 0.3076, -0.9],
			"to": [1.64643, 8.3076, 2.1],
			"rotation": {"angle": 22.5, "axis": "z", "origin": [0.14643, 3.8076, 0.6]},
			"faces": {
				"north": {"uv": [5.625, 6.9375, 5.8125, 7.4375], "texture": "#0", "tintindex": 0},
				"east": {"uv": [0.5625, 7, 0.75, 7.5], "texture": "#0", "tintindex": 0},
				"south": {"uv": [0.8125, 7, 1, 7.5], "texture": "#0", "tintindex": 0},
				"west": {"uv": [2.375, 7, 2.5625, 7.5], "texture": "#0", "tintindex": 0},
				"up": {"uv": [2.4375, 7.75, 2.25, 7.5625], "texture": "#0", "tintindex": 0},
				"down": {"uv": [2.6875, 7.5625, 2.5, 7.75], "texture": "#0", "tintindex": 0}
			}
		},
		{
			"from": [-0.05357, 1.3076, -0.85],
			"to": [15.94643, 3.3076, 1.15],
			"rotation": {"angle": 0, "axis": "y", "origin": [-6.4, -6.5, -7.4]},
			"faces": {
				"north": {"uv": [6.375, 5.4375, 7.375, 5.5625], "texture": "#0", "tintindex": 0},
				"east": {"uv": [1.6875, 7.75, 1.8125, 7.875], "texture": "#0", "tintindex": 0},
				"south": {"uv": [6.375, 5.625, 7.375, 5.75], "texture": "#0", "tintindex": 0},
				"west": {"uv": [5.6875, 7.75, 5.8125, 7.875], "texture": "#0", "tintindex": 0},
				"up": {"uv": [7.4375, 2.625, 6.4375, 2.5], "texture": "#0", "tintindex": 0},
				"down": {"uv": [7.4375, 4.4375, 6.4375, 4.5625], "texture": "#0", "tintindex": 0}
			}
		}
	],
	"display": {
		"gui": {
			"rotation": [30, 225, 0]
		},
		"fixed": {
			"rotation": [-90, 0, 0],
			"translation": [0, 0, -16.5],
			"scale": [2.19, 2.19, 2.19]
		}
	}
}