{
    "display": {
        "thirdperson_righthand": {
            "rotation": [
                0,
                -90,
                0
            ],
            "translation": [
                0,
                3,
                1.5
            ],
            "scale": [
                0.78,
                0.78,
                0.78
            ]
        },
        "thirdperson_lefthand": {
            "rotation": [
                0,
                -90,
                0
            ],
            "translation": [
                0,
                3,
                1.5
            ],
            "scale": [
                0.78,
                0.78,
                0.78
            ]
        },
        "firstperson_righthand": {
            "rotation": [
                15,
                90,
                0
            ],
            "translation": [
                1.5,
                2,
                0.25
            ],
            "scale": [
                0.58,
                0.58,
                0.58
            ]
        },
        "firstperson_lefthand": {
            "rotation": [
                15,
                90,
                0
            ],
            "translation": [
                1.5,
                2,
                0.25
            ],
            "scale": [
                0.58,
                0.58,
                0.58
            ]
        },
        "ground": {
            "rotation": [
                71,
                55,
                0
            ],
            "translation": [
                0,
                1,
                0
            ],
            "scale": [
                0.5,
                0.5,
                0.5
            ]
        },
        "gui": {
            "rotation": [
                0,
                0,
                -45
            ],
            "translation": [
                -1.5,
                -1.5,
                0
            ],
            "scale": [
                0.62,
                0.62,
                0.62
            ]
        },
        "head": {
            "translation": [
                0,
                7,
                0
            ]
        },
        "fixed": {
            "rotation": [
                0,
                0,
                45
            ],
            "translation": [
                1.5,
                -1.75,
                0
            ],
            "scale": [
                0.7,
                0.7,
                0.7
            ]
        }
    },
    "texture_size": [
        64,
        64
    ],
    "textures": {
        "0": "civilization:item/tools/excalibur_sword/normal/default",
        "particle": "civilization:item/tools/excalibur_sword/normal/default"
    },
    "elements": [
        {
            "from": [
                6,
                13,
                7.5
            ],
            "to": [
                10,
                25,
                8.5
            ],
            "rotation": {
                "angle": 0,
                "axis": "y",
                "origin": [
                    8,
                    1,
                    8.5
                ]
            },
            "faces": {
                "north": {
                    "uv": [
                        0,
                        3,
                        1,
                        6
                    ],
                    "texture": "#0"
                },
                "east": {
                    "uv": [
                        1.25,
                        6,
                        1.5,
                        9
                    ],
                    "texture": "#0"
                },
                "south": {
                    "uv": [
                        0,
                        3,
                        1,
                        6
                    ],
                    "texture": "#0"
                },
                "west": {
                    "uv": [
                        1.5,
                        6,
                        1.75,
                        9
                    ],
                    "texture": "#0"
                },
                "up": {
                    "uv": [
                        9.5,
                        3.75,
                        8.5,
                        3.5
                    ],
                    "texture": "#0"
                },
                "down": {
                    "uv": [
                        9.5,
                        3.75,
                        8.5,
                        4
                    ],
                    "texture": "#0"
                }
            }
        },
        {
            "from": [
                7.49,
                22.99,
                7.49
            ],
            "to": [
                10.51,
                26.01,
                8.51
            ],
            "rotation": {
                "angle": 45,
                "axis": "z",
                "origin": [
                    8,
                    23.5,
                    8
                ]
            },
            "faces": {
                "north": {
                    "uv": [
                        7,
                        0,
                        7.75,
                        0.75
                    ],
                    "texture": "#0"
                },
                "east": {
                    "uv": [
                        1,
                        6.75,
                        1.25,
                        7.5
                    ],
                    "texture": "#0"
                },
                "south": {
                    "uv": [
                        7.75,
                        0,
                        7,
                        0.75
                    ],
                    "texture": "#0"
                },
                "west": {
                    "uv": [
                        2.25,
                        8.75,
                        2.5,
                        9.5
                    ],
                    "texture": "#0"
                },
                "up": {
                    "uv": [
                        9.5,
                        2.5,
                        8.75,
                        2.25
                    ],
                    "texture": "#0"
                },
                "down": {
                    "uv": [
                        3.25,
                        8.75,
                        2.5,
                        9
                    ],
                    "texture": "#0"
                }
            }
        },
        {
            "from": [
                5.45,
                6.95,
                7.45
            ],
            "to": [
                10.55,
                13.05,
                8.55
            ],
            "rotation": {
                "angle": 0,
                "axis": "y",
                "origin": [
                    6.8,
                    -11,
                    8.5
                ]
            },
            "faces": {
                "north": {
                    "uv": [
                        1,
                        4.5,
                        2.25,
                        6
                    ],
                    "texture": "#0"
                },
                "east": {
                    "uv": [
                        6.25,
                        7.5,
                        6.5,
                        9
                    ],
                    "texture": "#0"
                },
                "south": {
                    "uv": [
                        1,
                        4.5,
                        2.25,
                        6
                    ],
                    "texture": "#0"
                },
                "west": {
                    "uv": [
                        6.5,
                        7.5,
                        6.75,
                        9
                    ],
                    "texture": "#0"
                },
                "up": {
                    "uv": [
                        9.75,
                        0.5,
                        8.5,
                        0.25
                    ],
                    "texture": "#0"
                },
                "down": {
                    "uv": [
                        9.75,
                        0.5,
                        8.5,
                        0.75
                    ],
                    "texture": "#0"
                }
            }
        },
        {
            "from": [
                7.23,
                7.90798,
                6.48
            ],
            "to": [
                12.27,
                8.94798,
                9.52
            ],
            "rotation": {
                "angle": -22.5,
                "axis": "z",
                "origin": [
                    8,
                    7.11732,
                    8
                ]
            },
            "faces": {
                "north": {
                    "uv": [
                        8.5,
                        0.75,
                        9.75,
                        1
                    ],
                    "texture": "#0"
                },
                "east": {
                    "uv": [
                        3.25,
                        8.75,
                        4,
                        9
                    ],
                    "texture": "#0"
                },
                "south": {
                    "uv": [
                        8.5,
                        2.75,
                        9.75,
                        3
                    ],
                    "texture": "#0"
                },
                "west": {
                    "uv": [
                        4.75,
                        8.75,
                        5.5,
                        9
                    ],
                    "texture": "#0"
                },
                "up": {
                    "uv": [
                        4.75,
                        6.5,
                        3.5,
                        5.75
                    ],
                    "texture": "#0"
                },
                "down": {
                    "uv": [
                        7,
                        3.5,
                        5.75,
                        4.25
                    ],
                    "texture": "#0"
                }
            }
        },
        {
            "from": [
                7.24,
                6.91798,
                6.49
            ],
            "to": [
                12.26,
                7.93798,
                9.51
            ],
            "rotation": {
                "angle": -22.5,
                "axis": "z",
                "origin": [
                    8,
                    7.11732,
                    8
                ]
            },
            "faces": {
                "north": {
                    "uv": [
                        8.5,
                        3,
                        9.75,
                        3.25
                    ],
                    "texture": "#0"
                },
                "east": {
                    "uv": [
                        6.75,
                        8.75,
                        7.5,
                        9
                    ],
                    "texture": "#0"
                },
                "south": {
                    "uv": [
                        8.25,
                        8.25,
                        9.5,
                        8.5
                    ],
                    "texture": "#0"
                },
                "west": {
                    "uv": [
                        7.5,
                        8.75,
                        8.25,
                        9
                    ],
                    "texture": "#0"
                },
                "up": {
                    "uv": [
                        7,
                        6.5,
                        5.75,
                        5.75
                    ],
                    "texture": "#0"
                },
                "down": {
                    "uv": [
                        1.25,
                        6,
                        0,
                        6.75
                    ],
                    "texture": "#0"
                }
            }
        },
        {
            "from": [
                3.73,
                7.90798,
                6.48
            ],
            "to": [
                8.77,
                8.94798,
                9.52
            ],
            "rotation": {
                "angle": 22.5,
                "axis": "z",
                "origin": [
                    8,
                    7.11732,
                    8
                ]
            },
            "faces": {
                "north": {
                    "uv": [
                        8.5,
                        2.75,
                        9.75,
                        3
                    ],
                    "texture": "#0"
                },
                "east": {
                    "uv": [
                        8.75,
                        6,
                        9.5,
                        6.25
                    ],
                    "texture": "#0"
                },
                "south": {
                    "uv": [
                        8.5,
                        0.75,
                        9.75,
                        1
                    ],
                    "texture": "#0"
                },
                "west": {
                    "uv": [
                        8.75,
                        6.25,
                        9.5,
                        6.5
                    ],
                    "texture": "#0"
                },
                "up": {
                    "uv": [
                        7,
                        5,
                        5.75,
                        4.25
                    ],
                    "texture": "#0"
                },
                "down": {
                    "uv": [
                        7,
                        5,
                        5.75,
                        5.75
                    ],
                    "texture": "#0"
                }
            }
        },
        {
            "from": [
                12.12721,
                4.80608,
                6.51
            ],
            "to": [
                14.12721,
                7.80608,
                9.51
            ],
            "rotation": {
                "angle": -45,
                "axis": "z",
                "origin": [
                    13.62721,
                    7.80608,
                    8.01
                ]
            },
            "faces": {
                "north": {
                    "uv": [
                        8.5,
                        6.5,
                        8,
                        7.25
                    ],
                    "texture": "#0"
                },
                "east": {
                    "uv": [
                        0.75,
                        7.5,
                        0,
                        8.25
                    ],
                    "texture": "#0"
                },
                "south": {
                    "uv": [
                        7.25,
                        8,
                        6.75,
                        8.75
                    ],
                    "texture": "#0"
                },
                "west": {
                    "uv": [
                        8,
                        6.75,
                        7.25,
                        7.5
                    ],
                    "texture": "#0"
                },
                "up": {
                    "uv": [
                        7.25,
                        8.75,
                        7.75,
                        8
                    ],
                    "texture": "#0"
                },
                "down": {
                    "uv": [
                        7.75,
                        8,
                        8.25,
                        8.75
                    ],
                    "texture": "#0"
                }
            }
        },
        {
            "from": [
                3.74,
                6.91798,
                6.49
            ],
            "to": [
                8.76,
                7.93798,
                9.51
            ],
            "rotation": {
                "angle": 22.5,
                "axis": "z",
                "origin": [
                    8,
                    7.11732,
                    8
                ]
            },
            "faces": {
                "north": {
                    "uv": [
                        9.75,
                        3,
                        8.5,
                        3.25
                    ],
                    "texture": "#0"
                },
                "east": {
                    "uv": [
                        8.25,
                        8.75,
                        7.5,
                        9
                    ],
                    "texture": "#0"
                },
                "south": {
                    "uv": [
                        9.5,
                        8.25,
                        8.25,
                        8.5
                    ],
                    "texture": "#0"
                },
                "west": {
                    "uv": [
                        7.5,
                        8.75,
                        6.75,
                        9
                    ],
                    "texture": "#0"
                },
                "up": {
                    "uv": [
                        5.75,
                        6.5,
                        7,
                        5.75
                    ],
                    "texture": "#0"
                },
                "down": {
                    "uv": [
                        0,
                        6,
                        1.25,
                        6.75
                    ],
                    "texture": "#0"
                }
            }
        },
        {
            "from": [
                1.87279,
                4.80608,
                6.51
            ],
            "to": [
                3.87279,
                7.80608,
                9.51
            ],
            "rotation": {
                "angle": 45,
                "axis": "z",
                "origin": [
                    2.37279,
                    7.80608,
                    8.01
                ]
            },
            "faces": {
                "north": {
                    "uv": [
                        8,
                        6.5,
                        8.5,
                        7.25
                    ],
                    "texture": "#0"
                },
                "east": {
                    "uv": [
                        7.25,
                        6.75,
                        8,
                        7.5
                    ],
                    "texture": "#0"
                },
                "south": {
                    "uv": [
                        6.75,
                        8,
                        7.25,
                        8.75
                    ],
                    "texture": "#0"
                },
                "west": {
                    "uv": [
                        0,
                        7.5,
                        0.75,
                        8.25
                    ],
                    "texture": "#0"
                },
                "up": {
                    "uv": [
                        7.75,
                        8.75,
                        7.25,
                        8
                    ],
                    "texture": "#0"
                },
                "down": {
                    "uv": [
                        8.25,
                        8,
                        7.75,
                        8.75
                    ],
                    "texture": "#0"
                }
            }
        },
        {
            "from": [
                4.25,
                6.52798,
                7
            ],
            "to": [
                7.25,
                8.52798,
                9
            ],
            "rotation": {
                "angle": 22.5,
                "axis": "z",
                "origin": [
                    8,
                    7.11732,
                    7.5
                ]
            },
            "faces": {
                "north": {
                    "uv": [
                        7.75,
                        5,
                        8.5,
                        5.5
                    ],
                    "texture": "#0"
                },
                "east": {
                    "uv": [
                        5.75,
                        8.5,
                        6.25,
                        9
                    ],
                    "texture": "#0"
                },
                "south": {
                    "uv": [
                        7.75,
                        5.5,
                        8.5,
                        6
                    ],
                    "texture": "#0"
                },
                "west": {
                    "uv": [
                        8.5,
                        6.5,
                        9,
                        7
                    ],
                    "texture": "#0"
                },
                "up": {
                    "uv": [
                        4,
                        8.5,
                        3.25,
                        8
                    ],
                    "texture": "#0"
                },
                "down": {
                    "uv": [
                        8.75,
                        6,
                        8,
                        6.5
                    ],
                    "texture": "#0"
                }
            }
        },
        {
            "from": [
                8.75,
                6.52798,
                7
            ],
            "to": [
                11.75,
                8.52798,
                9
            ],
            "rotation": {
                "angle": -22.5,
                "axis": "z",
                "origin": [
                    8,
                    7.11732,
                    7.5
                ]
            },
            "faces": {
                "north": {
                    "uv": [
                        2.25,
                        8.25,
                        3,
                        8.75
                    ],
                    "texture": "#0"
                },
                "east": {
                    "uv": [
                        8.75,
                        1,
                        9.25,
                        1.5
                    ],
                    "texture": "#0"
                },
                "south": {
                    "uv": [
                        4.75,
                        8.25,
                        5.5,
                        8.75
                    ],
                    "texture": "#0"
                },
                "west": {
                    "uv": [
                        8.75,
                        1.5,
                        9.25,
                        2
                    ],
                    "texture": "#0"
                },
                "up": {
                    "uv": [
                        9,
                        7.75,
                        8.25,
                        7.25
                    ],
                    "texture": "#0"
                },
                "down": {
                    "uv": [
                        9,
                        7.75,
                        8.25,
                        8.25
                    ],
                    "texture": "#0"
                }
            }
        },
        {
            "from": [
                6.2,
                3.74016,
                6.5
            ],
            "to": [
                10.2,
                7.74016,
                9.5
            ],
            "rotation": {
                "angle": 45,
                "axis": "z",
                "origin": [
                    8,
                    5.54016,
                    8
                ]
            },
            "faces": {
                "north": {
                    "uv": [
                        5.5,
                        0,
                        6.5,
                        1
                    ],
                    "texture": "#0"
                },
                "east": {
                    "uv": [
                        5.75,
                        6.5,
                        6.5,
                        7.5
                    ],
                    "texture": "#0"
                },
                "south": {
                    "uv": [
                        6.5,
                        0,
                        5.5,
                        1
                    ],
                    "texture": "#0"
                },
                "west": {
                    "uv": [
                        6.5,
                        6.5,
                        7.25,
                        7.5
                    ],
                    "texture": "#0"
                },
                "up": {
                    "uv": [
                        1,
                        7.5,
                        0,
                        6.75
                    ],
                    "texture": "#0"
                },
                "down": {
                    "uv": [
                        7.75,
                        1.5,
                        6.75,
                        2.25
                    ],
                    "texture": "#0"
                }
            }
        },
        {
            "from": [
                5.75,
                -4.92798,
                6.5
            ],
            "to": [
                8.75,
                -2.92798,
                9.5
            ],
            "rotation": {
                "angle": -22.5,
                "axis": "z",
                "origin": [
                    8,
                    -3.11732,
                    8
                ]
            },
            "faces": {
                "north": {
                    "uv": [
                        7.75,
                        3.5,
                        8.5,
                        4
                    ],
                    "texture": "#0"
                },
                "east": {
                    "uv": [
                        7.75,
                        4,
                        8.5,
                        4.5
                    ],
                    "texture": "#0"
                },
                "south": {
                    "uv": [
                        6.75,
                        7.5,
                        7.5,
                        8
                    ],
                    "texture": "#0"
                },
                "west": {
                    "uv": [
                        4.75,
                        7.75,
                        5.5,
                        8.25
                    ],
                    "texture": "#0"
                },
                "up": {
                    "uv": [
                        7.75,
                        6,
                        7,
                        5.25
                    ],
                    "texture": "#0"
                },
                "down": {
                    "uv": [
                        8,
                        6,
                        7.25,
                        6.75
                    ],
                    "texture": "#0"
                }
            }
        },
        {
            "from": [
                7,
                -3.6924,
                7
            ],
            "to": [
                10,
                -0.6924,
                9
            ],
            "rotation": {
                "angle": -45,
                "axis": "z",
                "origin": [
                    8,
                    -1.6924,
                    8
                ]
            },
            "faces": {
                "north": {
                    "uv": [
                        7,
                        3.75,
                        7.75,
                        4.5
                    ],
                    "texture": "#0"
                },
                "east": {
                    "uv": [
                        7.75,
                        1,
                        8.25,
                        1.75
                    ],
                    "texture": "#0"
                },
                "south": {
                    "uv": [
                        7,
                        4.5,
                        7.75,
                        5.25
                    ],
                    "texture": "#0"
                },
                "west": {
                    "uv": [
                        7.75,
                        1.75,
                        8.25,
                        2.5
                    ],
                    "texture": "#0"
                },
                "up": {
                    "uv": [
                        8.5,
                        3,
                        7.75,
                        2.5
                    ],
                    "texture": "#0"
                },
                "down": {
                    "uv": [
                        8.5,
                        3,
                        7.75,
                        3.5
                    ],
                    "texture": "#0"
                }
            }
        },
        {
            "from": [
                7.25,
                -4.92798,
                6.5
            ],
            "to": [
                10.25,
                -2.92798,
                9.5
            ],
            "rotation": {
                "angle": 22.5,
                "axis": "z",
                "origin": [
                    8,
                    -3.11732,
                    8
                ]
            },
            "faces": {
                "north": {
                    "uv": [
                        6.75,
                        7.5,
                        7.5,
                        8
                    ],
                    "texture": "#0"
                },
                "east": {
                    "uv": [
                        7.5,
                        7.5,
                        8.25,
                        8
                    ],
                    "texture": "#0"
                },
                "south": {
                    "uv": [
                        7.75,
                        3.5,
                        8.5,
                        4
                    ],
                    "texture": "#0"
                },
                "west": {
                    "uv": [
                        7.75,
                        0.5,
                        8.5,
                        1
                    ],
                    "texture": "#0"
                },
                "up": {
                    "uv": [
                        7.75,
                        3,
                        7,
                        2.25
                    ],
                    "texture": "#0"
                },
                "down": {
                    "uv": [
                        7.75,
                        3,
                        7,
                        3.75
                    ],
                    "texture": "#0"
                }
            }
        },
        {
            "from": [
                7.01,
                -1.5905,
                7.01
            ],
            "to": [
                8.99,
                4.3895,
                8.99
            ],
            "rotation": {
                "angle": 0,
                "axis": "y",
                "origin": [
                    8,
                    5.3995,
                    8
                ]
            },
            "faces": {
                "north": {
                    "uv": [
                        1.75,
                        6,
                        2.25,
                        7.5
                    ],
                    "texture": "#0"
                },
                "east": {
                    "uv": [
                        2.25,
                        6,
                        2.75,
                        7.5
                    ],
                    "texture": "#0"
                },
                "south": {
                    "uv": [
                        2.75,
                        6,
                        3.25,
                        7.5
                    ],
                    "texture": "#0"
                },
                "west": {
                    "uv": [
                        4.75,
                        6.25,
                        5.25,
                        7.75
                    ],
                    "texture": "#0"
                },
                "up": {
                    "uv": [
                        4.75,
                        9,
                        4.25,
                        8.5
                    ],
                    "texture": "#0"
                },
                "down": {
                    "uv": [
                        9,
                        4.5,
                        8.5,
                        5
                    ],
                    "texture": "#0"
                }
            }
        },
        {
            "from": [
                6.95,
                -0.9505,
                6.95
            ],
            "to": [
                9.05,
                5.1495,
                9.05
            ],
            "rotation": {
                "angle": 0,
                "axis": "y",
                "origin": [
                    8,
                    5.3995,
                    8
                ]
            },
            "faces": {
                "north": {
                    "uv": [
                        5.25,
                        6.25,
                        5.75,
                        7.75
                    ],
                    "texture": "#0"
                },
                "east": {
                    "uv": [
                        6.5,
                        0,
                        7,
                        1.5
                    ],
                    "texture": "#0"
                },
                "south": {
                    "uv": [
                        3.25,
                        6.5,
                        3.75,
                        8
                    ],
                    "texture": "#0"
                },
                "west": {
                    "uv": [
                        3.75,
                        6.5,
                        4.25,
                        8
                    ],
                    "texture": "#0"
                },
                "up": {
                    "uv": [
                        9,
                        5.5,
                        8.5,
                        5
                    ],
                    "texture": "#0"
                },
                "down": {
                    "uv": [
                        9,
                        5.5,
                        8.5,
                        6
                    ],
                    "texture": "#0"
                }
            }
        },
        {
            "from": [
                6.73289,
                9.94,
                7.44
            ],
            "to": [
                10.85289,
                14.06,
                8.56
            ],
            "rotation": {
                "angle": 45,
                "axis": "z",
                "origin": [
                    7.29289,
                    11.5,
                    8
                ]
            },
            "faces": {
                "north": {
                    "uv": [
                        4.75,
                        4.25,
                        5.75,
                        5.25
                    ],
                    "texture": "#0"
                },
                "east": {
                    "uv": [
                        5.5,
                        7.75,
                        5.75,
                        8.75
                    ],
                    "texture": "#0"
                },
                "south": {
                    "uv": [
                        5.75,
                        4.25,
                        4.75,
                        5.25
                    ],
                    "texture": "#0"
                },
                "west": {
                    "uv": [
                        0.5,
                        8.25,
                        0.75,
                        9.25
                    ],
                    "texture": "#0"
                },
                "up": {
                    "uv": [
                        9.5,
                        4.25,
                        8.5,
                        4
                    ],
                    "texture": "#0"
                },
                "down": {
                    "uv": [
                        9.5,
                        4.25,
                        8.5,
                        4.5
                    ],
                    "texture": "#0"
                }
            }
        },
        {
            "from": [
                4.5,
                7,
                8
            ],
            "to": [
                11.5,
                13,
                8
            ],
            "rotation": {
                "angle": 0,
                "axis": "y",
                "origin": [
                    6.8,
                    -11,
                    8
                ]
            },
            "faces": {
                "north": {
                    "uv": [
                        1,
                        3,
                        2.75,
                        4.5
                    ],
                    "texture": "#0"
                },
                "east": {
                    "uv": [
                        0,
                        0,
                        0,
                        1.5
                    ],
                    "texture": "#0"
                },
                "south": {
                    "uv": [
                        1,
                        3,
                        2.75,
                        4.5
                    ],
                    "texture": "#0"
                },
                "west": {
                    "uv": [
                        0,
                        0,
                        0,
                        1.5
                    ],
                    "texture": "#0"
                },
                "up": {
                    "uv": [
                        1.75,
                        0,
                        0,
                        0
                    ],
                    "texture": "#0"
                },
                "down": {
                    "uv": [
                        1.75,
                        0,
                        0,
                        0
                    ],
                    "texture": "#0"
                }
            }
        },
        {
            "from": [
                5.79289,
                9,
                8
            ],
            "to": [
                11.79289,
                15,
                8
            ],
            "rotation": {
                "angle": 45,
                "axis": "z",
                "origin": [
                    7.29289,
                    11.5,
                    7.5
                ]
            },
            "faces": {
                "north": {
                    "uv": [
                        4,
                        0,
                        5.5,
                        1.5
                    ],
                    "texture": "#0"
                },
                "east": {
                    "uv": [
                        0,
                        0,
                        0,
                        1.5
                    ],
                    "texture": "#0"
                },
                "south": {
                    "uv": [
                        5.5,
                        0,
                        4,
                        1.5
                    ],
                    "texture": "#0"
                },
                "west": {
                    "uv": [
                        0,
                        0,
                        0,
                        1.5
                    ],
                    "texture": "#0"
                },
                "up": {
                    "uv": [
                        1.5,
                        0,
                        0,
                        0
                    ],
                    "texture": "#0"
                },
                "down": {
                    "uv": [
                        1.5,
                        0,
                        0,
                        0
                    ],
                    "texture": "#0"
                }
            }
        },
        {
            "from": [
                5,
                13,
                8
            ],
            "to": [
                11,
                25,
                8
            ],
            "rotation": {
                "angle": 0,
                "axis": "y",
                "origin": [
                    8,
                    1,
                    8
                ]
            },
            "faces": {
                "north": {
                    "uv": [
                        0,
                        0,
                        1.5,
                        3
                    ],
                    "texture": "#0"
                },
                "east": {
                    "uv": [
                        0,
                        0,
                        0,
                        3
                    ],
                    "texture": "#0"
                },
                "south": {
                    "uv": [
                        0,
                        0,
                        1.5,
                        3
                    ],
                    "texture": "#0"
                },
                "west": {
                    "uv": [
                        0,
                        0,
                        0,
                        3
                    ],
                    "texture": "#0"
                },
                "up": {
                    "uv": [
                        1.5,
                        0,
                        0,
                        0
                    ],
                    "texture": "#0"
                },
                "down": {
                    "uv": [
                        1.5,
                        0,
                        0,
                        0
                    ],
                    "texture": "#0"
                }
            }
        },
        {
            "from": [
                6.5,
                22,
                8
            ],
            "to": [
                11.5,
                27,
                8
            ],
            "rotation": {
                "angle": 45,
                "axis": "z",
                "origin": [
                    8,
                    23.5,
                    7.5
                ]
            },
            "faces": {
                "north": {
                    "uv": [
                        4.5,
                        3,
                        5.75,
                        4.25
                    ],
                    "texture": "#0"
                },
                "east": {
                    "uv": [
                        0,
                        0,
                        0,
                        1.25
                    ],
                    "texture": "#0"
                },
                "south": {
                    "uv": [
                        5.75,
                        3,
                        4.5,
                        4.25
                    ],
                    "texture": "#0"
                },
                "west": {
                    "uv": [
                        0,
                        0,
                        0,
                        1.25
                    ],
                    "texture": "#0"
                },
                "up": {
                    "uv": [
                        1.25,
                        0,
                        0,
                        0
                    ],
                    "texture": "#0"
                },
                "down": {
                    "uv": [
                        1.25,
                        0,
                        0,
                        0
                    ],
                    "texture": "#0"
                }
            }
        }
    ],
    "gui_light": "front"
}