{
    "display": {
        "thirdperson_righthand": {
            "rotation": [
                0,
                -90,
                0
            ],
            "translation": [
                0,
                3.5,
                1.5
            ],
            "scale": [
                0.78,
                0.78,
                0.78
            ]
        },
        "thirdperson_lefthand": {
            "rotation": [
                0,
                -90,
                0
            ],
            "translation": [
                0,
                3,
                1.5
            ],
            "scale": [
                0.78,
                0.78,
                0.78
            ]
        },
        "firstperson_righthand": {
            "rotation": [
                15,
                90,
                0
            ],
            "translation": [
                1.5,
                2,
                0.25
            ],
            "scale": [
                0.54,
                0.54,
                0.54
            ]
        },
        "firstperson_lefthand": {
            "rotation": [
                15,
                90,
                0
            ],
            "translation": [
                1.5,
                2,
                0.25
            ],
            "scale": [
                0.54,
                0.54,
                0.54
            ]
        },
        "ground": {
            "rotation": [
                71,
                55,
                0
            ],
            "translation": [
                0,
                1,
                0
            ],
            "scale": [
                0.5,
                0.5,
                0.5
            ]
        },
        "gui": {
            "rotation": [
                0,
                0,
                -45
            ],
            "translation": [
                -1.5,
                -1.5,
                0
            ],
            "scale": [
                0.58,
                0.58,
                0.58
            ]
        },
        "head": {
            "translation": [
                0,
                7,
                0
            ]
        },
        "fixed": {
            "rotation": [
                0,
                0,
                45
            ],
            "translation": [
                1.5,
                -1.75,
                0
            ],
            "scale": [
                0.7,
                0.7,
                0.7
            ]
        }
    },
    "texture_size": [
        32,
        32
    ],
    "textures": {
        "0": "civilization:item/tools/excalibur_sword/radiant/default",
        "1": "civilization:item/tools/excalibur_sword/radiant/anim",
        "2": "civilization:item/tools/excalibur_sword/radiant/anim_1",
        "particle": "civilization:item/tools/excalibur_sword/radiant/default"
    },
    "elements": [
        {
            "from": [
                6,
                15,
                7.5
            ],
            "to": [
                10,
                27,
                8.5
            ],
            "rotation": {
                "angle": 0,
                "axis": "y",
                "origin": [
                    8,
                    3,
                    8.5
                ]
            },
            "faces": {
                "north": {
                    "uv": [
                        0,
                        0,
                        4,
                        12
                    ],
                    "texture": "#1"
                },
                "east": {
                    "uv": [
                        0,
                        0,
                        1,
                        12
                    ],
                    "texture": "#1"
                },
                "south": {
                    "uv": [
                        0,
                        0,
                        4,
                        12
                    ],
                    "texture": "#1"
                },
                "west": {
                    "uv": [
                        3,
                        0,
                        4,
                        12
                    ],
                    "texture": "#1"
                },
                "up": {
                    "uv": [
                        4,
                        1,
                        0,
                        0
                    ],
                    "texture": "#1"
                },
                "down": {
                    "uv": [
                        4,
                        11,
                        0,
                        12
                    ],
                    "texture": "#1"
                }
            }
        },
        {
            "from": [
                7.495,
                24.995,
                7.495
            ],
            "to": [
                10.505,
                28.005,
                8.505
            ],
            "rotation": {
                "angle": 45,
                "axis": "z",
                "origin": [
                    8,
                    25.5,
                    8
                ]
            },
            "faces": {
                "north": {
                    "uv": [
                        11,
                        0,
                        14.02,
                        3.02
                    ],
                    "texture": "#1"
                },
                "east": {
                    "uv": [
                        11,
                        0,
                        12,
                        3
                    ],
                    "texture": "#1"
                },
                "south": {
                    "uv": [
                        14,
                        0,
                        11,
                        3.02
                    ],
                    "texture": "#1"
                },
                "west": {
                    "uv": [
                        13,
                        0,
                        14,
                        3
                    ],
                    "texture": "#1"
                },
                "up": {
                    "uv": [
                        14.02,
                        0,
                        11.02,
                        1
                    ],
                    "texture": "#1"
                },
                "down": {
                    "uv": [
                        14.02,
                        2,
                        11.02,
                        3
                    ],
                    "texture": "#1"
                }
            }
        },
        {
            "from": [
                5.45,
                6.95,
                7.45
            ],
            "to": [
                10.55,
                15.05,
                8.55
            ],
            "rotation": {
                "angle": 0,
                "axis": "y",
                "origin": [
                    6.8,
                    -9,
                    8.5
                ]
            },
            "faces": {
                "north": {
                    "uv": [
                        5,
                        0,
                        10,
                        8
                    ],
                    "texture": "#1"
                },
                "east": {
                    "uv": [
                        5,
                        0,
                        6,
                        8
                    ],
                    "texture": "#1"
                },
                "south": {
                    "uv": [
                        5,
                        0,
                        10,
                        8
                    ],
                    "texture": "#1"
                },
                "west": {
                    "uv": [
                        9,
                        0,
                        10,
                        8
                    ],
                    "texture": "#1"
                },
                "up": {
                    "uv": [
                        10,
                        1,
                        5,
                        0
                    ],
                    "texture": "#1"
                },
                "down": {
                    "uv": [
                        10,
                        8,
                        5,
                        7
                    ],
                    "texture": "#1"
                }
            }
        },
        {
            "from": [
                7.23,
                7.90798,
                6.48
            ],
            "to": [
                13.27,
                8.94798,
                9.52
            ],
            "rotation": {
                "angle": -22.5,
                "axis": "z",
                "origin": [
                    8,
                    7.11732,
                    8
                ]
            },
            "faces": {
                "north": {
                    "uv": [
                        8,
                        3,
                        9.5,
                        3.25
                    ],
                    "texture": "#0"
                },
                "east": {
                    "uv": [
                        8.75,
                        5,
                        9.5,
                        5.25
                    ],
                    "texture": "#0"
                },
                "south": {
                    "uv": [
                        8,
                        3.25,
                        9.5,
                        3.5
                    ],
                    "texture": "#0"
                },
                "west": {
                    "uv": [
                        7.5,
                        8.75,
                        8.25,
                        9
                    ],
                    "texture": "#0"
                },
                "up": {
                    "uv": [
                        6.75,
                        3.5,
                        5.25,
                        2.75
                    ],
                    "texture": "#0"
                },
                "down": {
                    "uv": [
                        6.75,
                        3.5,
                        5.25,
                        4.25
                    ],
                    "texture": "#0"
                }
            }
        },
        {
            "from": [
                7.245,
                6.92298,
                6.495
            ],
            "to": [
                13.235,
                7.91298,
                9.485
            ],
            "rotation": {
                "angle": -22.5,
                "axis": "z",
                "origin": [
                    8,
                    7.11732,
                    8
                ]
            },
            "faces": {
                "north": {
                    "uv": [
                        0,
                        8.25,
                        1.5,
                        8.5
                    ],
                    "texture": "#0"
                },
                "east": {
                    "uv": [
                        8.75,
                        7.75,
                        9.5,
                        8
                    ],
                    "texture": "#0"
                },
                "south": {
                    "uv": [
                        2.5,
                        8.25,
                        4,
                        8.5
                    ],
                    "texture": "#0"
                },
                "west": {
                    "uv": [
                        8.75,
                        8,
                        9.5,
                        8.25
                    ],
                    "texture": "#0"
                },
                "up": {
                    "uv": [
                        6.75,
                        5,
                        5.25,
                        4.25
                    ],
                    "texture": "#0"
                },
                "down": {
                    "uv": [
                        6.75,
                        5,
                        5.25,
                        5.75
                    ],
                    "texture": "#0"
                }
            }
        },
        {
            "from": [
                2.765,
                6.92298,
                6.495
            ],
            "to": [
                8.755,
                7.91298,
                9.485
            ],
            "rotation": {
                "angle": 22.5,
                "axis": "z",
                "origin": [
                    8,
                    7.11732,
                    8
                ]
            },
            "faces": {
                "north": {
                    "uv": [
                        1.5,
                        8.25,
                        0,
                        8.5
                    ],
                    "texture": "#0"
                },
                "east": {
                    "uv": [
                        9.5,
                        8,
                        8.75,
                        8.25
                    ],
                    "texture": "#0"
                },
                "south": {
                    "uv": [
                        4,
                        8.25,
                        2.5,
                        8.5
                    ],
                    "texture": "#0"
                },
                "west": {
                    "uv": [
                        9.5,
                        7.75,
                        8.75,
                        8
                    ],
                    "texture": "#0"
                },
                "up": {
                    "uv": [
                        5.25,
                        5,
                        6.75,
                        4.25
                    ],
                    "texture": "#0"
                },
                "down": {
                    "uv": [
                        5.25,
                        5,
                        6.75,
                        5.75
                    ],
                    "texture": "#0"
                }
            }
        },
        {
            "from": [
                2.73,
                7.90798,
                6.48
            ],
            "to": [
                8.77,
                8.94798,
                9.52
            ],
            "rotation": {
                "angle": 22.5,
                "axis": "z",
                "origin": [
                    8,
                    7.11732,
                    8
                ]
            },
            "faces": {
                "north": {
                    "uv": [
                        8.25,
                        3.5,
                        9.75,
                        3.75
                    ],
                    "texture": "#0"
                },
                "east": {
                    "uv": [
                        8.25,
                        8.75,
                        9,
                        9
                    ],
                    "texture": "#0"
                },
                "south": {
                    "uv": [
                        8.25,
                        3.75,
                        9.75,
                        4
                    ],
                    "texture": "#0"
                },
                "west": {
                    "uv": [
                        8.75,
                        8.25,
                        9.5,
                        8.5
                    ],
                    "texture": "#0"
                },
                "up": {
                    "uv": [
                        6.75,
                        6.5,
                        5.25,
                        5.75
                    ],
                    "texture": "#0"
                },
                "down": {
                    "uv": [
                        7.75,
                        0,
                        6.25,
                        0.75
                    ],
                    "texture": "#0"
                }
            }
        },
        {
            "from": [
                14.27691,
                4.8063,
                6.482
            ],
            "to": [
                15.28291,
                8.8123,
                9.488
            ],
            "rotation": {
                "angle": -45,
                "axis": "z",
                "origin": [
                    13.77991,
                    7.8093,
                    7.985
                ]
            },
            "faces": {
                "north": {
                    "uv": [
                        1.5,
                        5,
                        1.75,
                        6
                    ],
                    "texture": "#0"
                },
                "east": {
                    "uv": [
                        4,
                        7,
                        4.75,
                        8
                    ],
                    "texture": "#0"
                },
                "south": {
                    "uv": [
                        6.75,
                        8.25,
                        7,
                        9.25
                    ],
                    "texture": "#0"
                },
                "west": {
                    "uv": [
                        7,
                        6,
                        7.75,
                        7
                    ],
                    "texture": "#0"
                },
                "up": {
                    "uv": [
                        6.25,
                        9.5,
                        6,
                        8.75
                    ],
                    "texture": "#0"
                },
                "down": {
                    "uv": [
                        0.75,
                        9,
                        0.5,
                        9.75
                    ],
                    "texture": "#0"
                }
            }
        },
        {
            "from": [
                0.71709,
                4.8063,
                6.482
            ],
            "to": [
                1.72309,
                8.8123,
                9.488
            ],
            "rotation": {
                "angle": 45,
                "axis": "z",
                "origin": [
                    2.22009,
                    7.8093,
                    7.985
                ]
            },
            "faces": {
                "north": {
                    "uv": [
                        1.75,
                        5,
                        1.5,
                        6
                    ],
                    "texture": "#0"
                },
                "east": {
                    "uv": [
                        7.75,
                        6,
                        7,
                        7
                    ],
                    "texture": "#0"
                },
                "south": {
                    "uv": [
                        7,
                        8.25,
                        6.75,
                        9.25
                    ],
                    "texture": "#0"
                },
                "west": {
                    "uv": [
                        4.75,
                        7,
                        4,
                        8
                    ],
                    "texture": "#0"
                },
                "up": {
                    "uv": [
                        6,
                        9.5,
                        6.25,
                        8.75
                    ],
                    "texture": "#0"
                },
                "down": {
                    "uv": [
                        0.5,
                        9,
                        0.75,
                        9.75
                    ],
                    "texture": "#0"
                }
            }
        },
        {
            "from": [
                4.25,
                5.52798,
                7
            ],
            "to": [
                7.25,
                8.52798,
                9
            ],
            "rotation": {
                "angle": 22.5,
                "axis": "z",
                "origin": [
                    8,
                    7.11732,
                    7.5
                ]
            },
            "faces": {
                "north": {
                    "uv": [
                        7.75,
                        6.5,
                        8.5,
                        7.25
                    ],
                    "texture": "#0"
                },
                "east": {
                    "uv": [
                        8.25,
                        4.5,
                        8.75,
                        5.25
                    ],
                    "texture": "#0"
                },
                "south": {
                    "uv": [
                        7.75,
                        7.25,
                        8.5,
                        8
                    ],
                    "texture": "#0"
                },
                "west": {
                    "uv": [
                        5,
                        8.25,
                        5.5,
                        9
                    ],
                    "texture": "#0"
                },
                "up": {
                    "uv": [
                        9,
                        5.75,
                        8.25,
                        5.25
                    ],
                    "texture": "#0"
                },
                "down": {
                    "uv": [
                        6.25,
                        8.25,
                        5.5,
                        8.75
                    ],
                    "texture": "#0"
                }
            }
        },
        {
            "from": [
                8.75,
                5.52798,
                7
            ],
            "to": [
                11.75,
                8.52798,
                9
            ],
            "rotation": {
                "angle": -22.5,
                "axis": "z",
                "origin": [
                    8,
                    7.11732,
                    7.5
                ]
            },
            "faces": {
                "north": {
                    "uv": [
                        8,
                        2.25,
                        8.75,
                        3
                    ],
                    "texture": "#0"
                },
                "east": {
                    "uv": [
                        6.25,
                        8.25,
                        6.75,
                        9
                    ],
                    "texture": "#0"
                },
                "south": {
                    "uv": [
                        4,
                        8,
                        4.75,
                        8.75
                    ],
                    "texture": "#0"
                },
                "west": {
                    "uv": [
                        0,
                        8.5,
                        0.5,
                        9.25
                    ],
                    "texture": "#0"
                },
                "up": {
                    "uv": [
                        1.25,
                        9,
                        0.5,
                        8.5
                    ],
                    "texture": "#0"
                },
                "down": {
                    "uv": [
                        9.25,
                        0.75,
                        8.5,
                        1.25
                    ],
                    "texture": "#0"
                }
            }
        },
        {
            "from": [
                6.21696,
                3.84714,
                6.5
            ],
            "to": [
                10.19696,
                7.82714,
                9.48
            ],
            "rotation": {
                "angle": 45,
                "axis": "z",
                "origin": [
                    8.00696,
                    5.63714,
                    7.99
                ]
            },
            "faces": {
                "north": {
                    "uv": [
                        4,
                        6,
                        5,
                        7
                    ],
                    "texture": "#0"
                },
                "east": {
                    "uv": [
                        7.25,
                        2.5,
                        8,
                        3.5
                    ],
                    "texture": "#0"
                },
                "south": {
                    "uv": [
                        3,
                        6.25,
                        4,
                        7.25
                    ],
                    "texture": "#0"
                },
                "west": {
                    "uv": [
                        3.25,
                        7.25,
                        4,
                        8.25
                    ],
                    "texture": "#0"
                },
                "up": {
                    "uv": [
                        8.25,
                        4.25,
                        7.25,
                        3.5
                    ],
                    "texture": "#0"
                },
                "down": {
                    "uv": [
                        8.25,
                        4.25,
                        7.25,
                        5
                    ],
                    "texture": "#0"
                }
            }
        },
        {
            "from": [
                4.36732,
                -5.09552,
                6.5
            ],
            "to": [
                8.36732,
                -4.09552,
                9.5
            ],
            "rotation": {
                "angle": -22.5,
                "axis": "z",
                "origin": [
                    7.61732,
                    -4.28486,
                    8
                ]
            },
            "faces": {
                "north": {
                    "uv": [
                        8.5,
                        6.75,
                        9.5,
                        7
                    ],
                    "texture": "#0"
                },
                "east": {
                    "uv": [
                        9,
                        1.5,
                        9.75,
                        1.75
                    ],
                    "texture": "#0"
                },
                "south": {
                    "uv": [
                        8.5,
                        7,
                        9.5,
                        7.25
                    ],
                    "texture": "#0"
                },
                "west": {
                    "uv": [
                        9,
                        1.75,
                        9.75,
                        2
                    ],
                    "texture": "#0"
                },
                "up": {
                    "uv": [
                        8.25,
                        5.75,
                        7.25,
                        5
                    ],
                    "texture": "#0"
                },
                "down": {
                    "uv": [
                        1,
                        7.5,
                        0,
                        8.25
                    ],
                    "texture": "#0"
                }
            }
        },
        {
            "from": [
                6.998,
                -4.8944,
                6.998
            ],
            "to": [
                10.002,
                -1.8904,
                9.002
            ],
            "rotation": {
                "angle": -45,
                "axis": "z",
                "origin": [
                    8,
                    -2.8924,
                    8
                ]
            },
            "faces": {
                "north": {
                    "uv": [
                        7,
                        8,
                        7.75,
                        8.75
                    ],
                    "texture": "#0"
                },
                "east": {
                    "uv": [
                        8.5,
                        1.25,
                        9,
                        2
                    ],
                    "texture": "#0"
                },
                "south": {
                    "uv": [
                        7.75,
                        8,
                        8.5,
                        8.75
                    ],
                    "texture": "#0"
                },
                "west": {
                    "uv": [
                        2.5,
                        8.5,
                        3,
                        9.25
                    ],
                    "texture": "#0"
                },
                "up": {
                    "uv": [
                        3.75,
                        9,
                        3,
                        8.5
                    ],
                    "texture": "#0"
                },
                "down": {
                    "uv": [
                        9.25,
                        5.75,
                        8.5,
                        6.25
                    ],
                    "texture": "#0"
                }
            }
        },
        {
            "from": [
                7,
                -6.2424,
                7.5
            ],
            "to": [
                9,
                -4.2424,
                8.5
            ],
            "rotation": {
                "angle": -45,
                "axis": "z",
                "origin": [
                    8,
                    -5.2424,
                    8.5
                ]
            },
            "faces": {
                "north": {
                    "uv": [
                        4.75,
                        1.5,
                        5.25,
                        2
                    ],
                    "texture": "#0"
                },
                "east": {
                    "uv": [
                        5,
                        6,
                        5.25,
                        6.5
                    ],
                    "texture": "#0"
                },
                "south": {
                    "uv": [
                        8.75,
                        2.25,
                        9.25,
                        2.75
                    ],
                    "texture": "#0"
                },
                "west": {
                    "uv": [
                        6.75,
                        6,
                        7,
                        6.5
                    ],
                    "texture": "#0"
                },
                "up": {
                    "uv": [
                        3,
                        7.25,
                        2.5,
                        7
                    ],
                    "texture": "#0"
                },
                "down": {
                    "uv": [
                        7.75,
                        5.75,
                        7.25,
                        6
                    ],
                    "texture": "#0"
                }
            }
        },
        {
            "from": [
                7.63268,
                -5.09552,
                6.5
            ],
            "to": [
                11.63268,
                -4.09552,
                9.5
            ],
            "rotation": {
                "angle": 22.5,
                "axis": "z",
                "origin": [
                    8.38268,
                    -4.28486,
                    8
                ]
            },
            "faces": {
                "north": {
                    "uv": [
                        8.5,
                        7.25,
                        9.5,
                        7.5
                    ],
                    "texture": "#0"
                },
                "east": {
                    "uv": [
                        3,
                        9,
                        3.75,
                        9.25
                    ],
                    "texture": "#0"
                },
                "south": {
                    "uv": [
                        8.5,
                        7.5,
                        9.5,
                        7.75
                    ],
                    "texture": "#0"
                },
                "west": {
                    "uv": [
                        4.75,
                        9,
                        5.5,
                        9.25
                    ],
                    "texture": "#0"
                },
                "up": {
                    "uv": [
                        8.5,
                        2.25,
                        7.5,
                        1.5
                    ],
                    "texture": "#0"
                },
                "down": {
                    "uv": [
                        8.75,
                        0,
                        7.75,
                        0.75
                    ],
                    "texture": "#0"
                }
            }
        },
        {
            "from": [
                7,
                -2.5905,
                7
            ],
            "to": [
                9,
                4.4095,
                9
            ],
            "rotation": {
                "angle": 0,
                "axis": "y",
                "origin": [
                    8,
                    4.3995,
                    8
                ]
            },
            "faces": {
                "north": {
                    "uv": [
                        1,
                        6.5,
                        1.5,
                        8.25
                    ],
                    "texture": "#0"
                },
                "east": {
                    "uv": [
                        5,
                        6.5,
                        5.5,
                        8.25
                    ],
                    "texture": "#0"
                },
                "south": {
                    "uv": [
                        5.5,
                        6.5,
                        6,
                        8.25
                    ],
                    "texture": "#0"
                },
                "west": {
                    "uv": [
                        6,
                        6.5,
                        6.5,
                        8.25
                    ],
                    "texture": "#0"
                },
                "up": {
                    "uv": [
                        4.5,
                        9.25,
                        4,
                        8.75
                    ],
                    "texture": "#0"
                },
                "down": {
                    "uv": [
                        9.25,
                        4.5,
                        8.75,
                        5
                    ],
                    "texture": "#0"
                }
            }
        },
        {
            "from": [
                6.7,
                -2.8905,
                6.7
            ],
            "to": [
                9.3,
                4.7095,
                9.3
            ],
            "rotation": {
                "angle": 0,
                "axis": "y",
                "origin": [
                    8,
                    4.3995,
                    8
                ]
            },
            "faces": {
                "north": {
                    "uv": [
                        6.5,
                        6.5,
                        7,
                        8.25
                    ],
                    "texture": "#0"
                },
                "east": {
                    "uv": [
                        6.75,
                        2.5,
                        7.25,
                        4.25
                    ],
                    "texture": "#0"
                },
                "south": {
                    "uv": [
                        6.75,
                        4.25,
                        7.25,
                        6
                    ],
                    "texture": "#0"
                },
                "west": {
                    "uv": [
                        1.5,
                        7,
                        2,
                        8.75
                    ],
                    "texture": "#0"
                },
                "up": {
                    "uv": [
                        6,
                        9.25,
                        5.5,
                        8.75
                    ],
                    "texture": "#0"
                },
                "down": {
                    "uv": [
                        7.5,
                        8.75,
                        7,
                        9.25
                    ],
                    "texture": "#0"
                }
            }
        },
        {
            "from": [
                6.73289,
                11.94,
                7.44
            ],
            "to": [
                10.85289,
                16.06,
                8.56
            ],
            "rotation": {
                "angle": 45,
                "axis": "z",
                "origin": [
                    7.29289,
                    13.5,
                    8
                ]
            },
            "faces": {
                "north": {
                    "uv": [
                        11,
                        4,
                        15,
                        8
                    ],
                    "texture": "#1"
                },
                "east": {
                    "uv": [
                        11,
                        4,
                        12,
                        8
                    ],
                    "texture": "#1"
                },
                "south": {
                    "uv": [
                        15,
                        4,
                        11,
                        8
                    ],
                    "texture": "#1"
                },
                "west": {
                    "uv": [
                        14,
                        4,
                        15,
                        8
                    ],
                    "texture": "#1"
                },
                "up": {
                    "uv": [
                        15,
                        5,
                        11,
                        4
                    ],
                    "texture": "#1"
                },
                "down": {
                    "uv": [
                        15,
                        7,
                        11,
                        8
                    ],
                    "texture": "#1"
                }
            }
        },
        {
            "from": [
                6.495,
                23.995,
                7.995
            ],
            "to": [
                11.505,
                29.005,
                8.005
            ],
            "rotation": {
                "angle": 45,
                "axis": "z",
                "origin": [
                    8,
                    25.5,
                    7.5
                ]
            },
            "faces": {
                "north": {
                    "uv": [
                        2.75,
                        5,
                        4,
                        6.25
                    ],
                    "texture": "#0"
                },
                "east": {
                    "uv": [
                        0,
                        0,
                        0,
                        1.25
                    ],
                    "texture": "#0"
                },
                "south": {
                    "uv": [
                        5.25,
                        1.5,
                        6.5,
                        2.75
                    ],
                    "texture": "#0"
                },
                "west": {
                    "uv": [
                        0,
                        0,
                        0,
                        1.25
                    ],
                    "texture": "#0"
                },
                "up": {
                    "uv": [
                        1.25,
                        0,
                        0,
                        0
                    ],
                    "texture": "#0"
                },
                "down": {
                    "uv": [
                        1.25,
                        0,
                        0,
                        0
                    ],
                    "texture": "#0"
                }
            }
        },
        {
            "from": [
                4.997,
                14.997,
                7.997
            ],
            "to": [
                11.003,
                27.003,
                8.003
            ],
            "rotation": {
                "angle": 0,
                "axis": "y",
                "origin": [
                    8,
                    3,
                    8
                ]
            },
            "faces": {
                "north": {
                    "uv": [
                        0,
                        0,
                        1.5,
                        3
                    ],
                    "texture": "#0"
                },
                "east": {
                    "uv": [
                        0,
                        0,
                        0,
                        6
                    ],
                    "texture": "#0"
                },
                "south": {
                    "uv": [
                        1.5,
                        0,
                        3,
                        3
                    ],
                    "texture": "#0"
                },
                "west": {
                    "uv": [
                        0,
                        0,
                        0,
                        6
                    ],
                    "texture": "#0"
                },
                "up": {
                    "uv": [
                        3,
                        0,
                        0,
                        0
                    ],
                    "texture": "#0"
                },
                "down": {
                    "uv": [
                        3,
                        0,
                        0,
                        0
                    ],
                    "texture": "#0"
                }
            }
        },
        {
            "from": [
                5.78789,
                10.995,
                7.995
            ],
            "to": [
                11.79789,
                17.005,
                8.005
            ],
            "rotation": {
                "angle": 45,
                "axis": "z",
                "origin": [
                    7.29289,
                    13.5,
                    7.5
                ]
            },
            "faces": {
                "north": {
                    "uv": [
                        4.75,
                        0,
                        6.25,
                        1.5
                    ],
                    "texture": "#0"
                },
                "east": {
                    "uv": [
                        0,
                        0,
                        0,
                        1.5
                    ],
                    "texture": "#0"
                },
                "south": {
                    "uv": [
                        0,
                        5,
                        1.5,
                        6.5
                    ],
                    "texture": "#0"
                },
                "west": {
                    "uv": [
                        0,
                        0,
                        0,
                        1.5
                    ],
                    "texture": "#0"
                },
                "up": {
                    "uv": [
                        1.5,
                        0,
                        0,
                        0
                    ],
                    "texture": "#0"
                },
                "down": {
                    "uv": [
                        1.5,
                        0,
                        0,
                        0
                    ],
                    "texture": "#0"
                }
            }
        },
        {
            "from": [
                4.497,
                6.997,
                7.997
            ],
            "to": [
                11.503,
                15.003,
                8.003
            ],
            "rotation": {
                "angle": 0,
                "axis": "y",
                "origin": [
                    6.8,
                    -9,
                    8
                ]
            },
            "faces": {
                "north": {
                    "uv": [
                        0,
                        3,
                        1.75,
                        5
                    ],
                    "texture": "#0"
                },
                "east": {
                    "uv": [
                        0,
                        0,
                        0,
                        2
                    ],
                    "texture": "#0"
                },
                "south": {
                    "uv": [
                        3,
                        0,
                        4.75,
                        2
                    ],
                    "texture": "#0"
                },
                "west": {
                    "uv": [
                        0,
                        0,
                        0,
                        2
                    ],
                    "texture": "#0"
                },
                "up": {
                    "uv": [
                        1.75,
                        0,
                        0,
                        0
                    ],
                    "texture": "#0"
                },
                "down": {
                    "uv": [
                        1.75,
                        0,
                        0,
                        0
                    ],
                    "texture": "#0"
                }
            }
        },
        {
            "from": [
                4.498,
                21.248,
                7.998
            ],
            "to": [
                14.502,
                31.25,
                8.002
            ],
            "rotation": {
                "angle": 45,
                "axis": "z",
                "origin": [
                    8,
                    24.75,
                    7.5
                ]
            },
            "faces": {
                "north": {
                    "uv": [
                        11,
                        11.001,
                        6,
                        16
                    ],
                    "texture": "#2"
                },
                "east": {
                    "uv": [
                        0,
                        0,
                        0,
                        4.5
                    ],
                    "texture": "#2"
                },
                "south": {
                    "uv": [
                        6,
                        11.001,
                        11,
                        16
                    ],
                    "texture": "#2"
                },
                "west": {
                    "uv": [
                        0,
                        0,
                        0,
                        4.5
                    ],
                    "texture": "#2"
                },
                "up": {
                    "uv": [
                        4.5,
                        0,
                        0,
                        0
                    ],
                    "texture": "#2"
                },
                "down": {
                    "uv": [
                        4.5,
                        0,
                        0,
                        0
                    ],
                    "texture": "#2"
                }
            }
        },
        {
            "from": [
                2.5,
                15.2,
                8
            ],
            "to": [
                13.5,
                27.2,
                8
            ],
            "rotation": {
                "angle": 0,
                "axis": "y",
                "origin": [
                    8.5,
                    3.2,
                    8
                ]
            },
            "faces": {
                "north": {
                    "uv": [
                        0,
                        0,
                        5.5,
                        6
                    ],
                    "texture": "#2"
                },
                "east": {
                    "uv": [
                        0,
                        0,
                        0,
                        6
                    ],
                    "texture": "#2"
                },
                "south": {
                    "uv": [
                        0,
                        0,
                        5.5,
                        6
                    ],
                    "texture": "#2"
                },
                "west": {
                    "uv": [
                        0,
                        0,
                        0,
                        6
                    ],
                    "texture": "#2"
                },
                "up": {
                    "uv": [
                        5,
                        0,
                        0,
                        0
                    ],
                    "texture": "#2"
                },
                "down": {
                    "uv": [
                        5,
                        0,
                        0,
                        0
                    ],
                    "texture": "#2"
                }
            }
        },
        {
            "from": [
                3.79089,
                8.248,
                7.998
            ],
            "to": [
                14.79489,
                19.252,
                8.002
            ],
            "rotation": {
                "angle": 45,
                "axis": "z",
                "origin": [
                    7.29289,
                    12.75,
                    7.5
                ]
            },
            "faces": {
                "north": {
                    "uv": [
                        0,
                        10.5,
                        5.5,
                        16
                    ],
                    "texture": "#2"
                },
                "east": {
                    "uv": [
                        0,
                        0,
                        0,
                        5
                    ],
                    "texture": "#2"
                },
                "south": {
                    "uv": [
                        5.5,
                        10.5,
                        0,
                        16
                    ],
                    "texture": "#2"
                },
                "west": {
                    "uv": [
                        0,
                        0,
                        0,
                        5
                    ],
                    "texture": "#2"
                },
                "up": {
                    "uv": [
                        5,
                        0,
                        0,
                        0
                    ],
                    "texture": "#2"
                },
                "down": {
                    "uv": [
                        5,
                        0,
                        0,
                        0
                    ],
                    "texture": "#2"
                }
            }
        },
        {
            "from": [
                2,
                6.2,
                8
            ],
            "to": [
                14,
                15.2,
                8
            ],
            "rotation": {
                "angle": 0,
                "axis": "y",
                "origin": [
                    6.3,
                    -8.8,
                    8
                ]
            },
            "faces": {
                "north": {
                    "uv": [
                        10,
                        0,
                        16,
                        4.5
                    ],
                    "texture": "#2"
                },
                "east": {
                    "uv": [
                        0,
                        0,
                        0,
                        4
                    ],
                    "texture": "#2"
                },
                "south": {
                    "uv": [
                        10,
                        0,
                        16,
                        4.5
                    ],
                    "texture": "#2"
                },
                "west": {
                    "uv": [
                        0,
                        0,
                        0,
                        4
                    ],
                    "texture": "#2"
                },
                "up": {
                    "uv": [
                        5.5,
                        0,
                        0,
                        0
                    ],
                    "texture": "#2"
                },
                "down": {
                    "uv": [
                        5.5,
                        0,
                        0,
                        0
                    ],
                    "texture": "#2"
                }
            }
        }
    ],
    "gui_light": "front"
}