{
  "parent": "minecraft:item/generated",
  "textures": {
    "layer0": "minecraft:block/allium"
  },
  "overrides": [
    {
      "predicate": {
        "custom_model_data": 1
      },
      "model": "civilization:item/attachables/camel_armor/camel_armor_diamond"
    },
    {
      "predicate": {
        "custom_model_data": 2
      },
      "model": "civilization:item/attachables/camel_armor/camel_armor_diamond_red"
    },
    {
      "predicate": {
        "custom_model_data": 3
      },
      "model": "civilization:item/attachables/camel_armor/camel_armor_diamond_saddle"
    },
    {
      "predicate": {
        "custom_model_data": 4
      },
      "model": "civilization:item/attachables/camel_armor/camel_armor_diamond_red_saddle"
    },
    {
      "predicate": {
        "custom_model_data": 5
      },
      "model": "minecraft:block/allium"
    }
  ]
}