{
  "parent": "minecraft:item/generated",
  "textures": {
    "layer0": "minecraft:item/angler_pottery_sherd"
  },
  "overrides": [
    {
      "predicate": {
        "custom_model_data": 1
      },
      "model": "civilization:item/blocks/heavy_core_item"
    },
    {
      "predicate": {
        "custom_model_data": 2
      },
      "model": "civilization:item/blocks/dehydrated_ghast/0"
    },
    {
      "predicate": {
        "custom_model_data": 3
      },
      "model": "civilization:item/blocks/dehydrated_ghast/25"
    },
    {
      "predicate": {
        "custom_model_data": 4
      },
      "model": "civilization:item/blocks/dehydrated_ghast/50"
    },
    {
      "predicate": {
        "custom_model_data": 5
      },
      "model": "civilization:item/blocks/dehydrated_ghast/75"
    },
    {
      "predicate": {
        "custom_model_data": 6
      },
      "model": "minecraft:item/angler_pottery_sherd"
    }
  ]
}