{
  "parent": "minecraft:item/generated",
  "textures": {
    "layer0": "minecraft:item/arrow"
  },
  "overrides": [
    {
      "predicate": {
        "custom_model_data": 1
      },
      "model": "civilization:item/cosmetics/models/rocket_launcher/rocket_projectile"
    },
    {
      "predicate": {
        "custom_model_data": 2
      },
      "model": "civilization:item/tools/aiglos/normal/projectile"
    },
    {
      "predicate": {
        "custom_model_data": 3
      },
      "model": "civilization:item/tools/poseidon_trident/normal/projectile"
    },
    {
      "predicate": {
        "custom_model_data": 4
      },
      "model": "civilization:item/tools/harpoon_launcher/projectile"
    },
    {
      "predicate": {
        "custom_model_data": 8
      },
      "model": "civilization:item/tools/aiglos/serpentine/projectile"
    },
    {
      "predicate": {
        "custom_model_data": 9
      },
      "model": "civilization:item/tools/poseidon_trident/guardian/projectile"
    },
    {
      "predicate": {
        "custom_model_data": 11
      },
      "model": "civilization:item/tools/frog_crossbow/projectile"
    },
    {
      "predicate": {
        "custom_model_data": 12
      },
      "model": "item/arrow"
    }
  ]
}