{
  "parent": "minecraft:item/generated",
  "textures": {
    "layer0": "minecraft:item/barrier"
  },
  "overrides": [
    {
      "predicate": {
        "custom_model_data": 1
      },
      "model": "civilization:item/blocks/nether_reactor_core_item"
    },
    {
      "predicate": {
        "custom_model_data": 2
      },
      "model": "civilization:item/blocks/lucky_block_item"
    },
    {
      "predicate": {
        "custom_model_data": 4
      },
      "model": "minecraft:item/barrier"
    }
  ]
}