{
  "parent": "item/handheld",
  "textures": {
    "layer0": "item/bone"
  },
  "display": {
    "head": {
      "rotation": [
        0,
        0,
        -45
      ],
      "translation": [
        0,
        -4.5,
        -6.5
      ],
      "scale": [
        1,
        1,
        1
      ]
    }
  },
  "overrides": [
    {
      "predicate": {
        "custom_model_data": 1
      },
      "model": "civilization:item/cosmetics/pets/snowman_pet"
    },
    {
      "predicate": {
        "custom_model_data": 2
      },
      "model": "civilization:item/cosmetics/pets/baby_ender_dragon_pet"
    },
    {
      "predicate": {
        "custom_model_data": 3
      },
      "model": "civilization:item/cosmetics/pets/pink_fox_pet"
    },
    {
      "predicate": {
        "custom_model_data": 4
      },
      "model": "civilization:item/cosmetics/pets/baby_warden_pet"
    },
    {
      "predicate": {
        "custom_model_data": 5
      },
      "model": "civilization:item/cosmetics/pets/crab_pet"
    },
    {
      "predicate": {
        "custom_model_data": 6
      },
      "model": "civilization:item/cosmetics/pets/flame_sprite_pet"
    },
    {
      "predicate": {
        "custom_model_data": 7
      },
      "model": "civilization:item/cosmetics/pets/shulker_pet"
    },
    {
      "predicate": {
        "custom_model_data": 8
      },
      "model": "civilization:item/cosmetics/pets/cerberus_pet"
    },
    {
      "predicate": {
        "custom_model_data": 9
      },
      "model": "civilization:item/gameplay/ender_dog_bone"
    },
    {
      "predicate": {
        "custom_model_data": 10
      },
      "model": "civilization:item/cosmetics/pets/ghost_pet"
    },
    {
      "predicate": {
        "custom_model_data": 11
      },
      "model": "civilization:item/cosmetics/pets/chonky_pet"
    },
    {
      "predicate": {
        "custom_model_data": 12
      },
      "model": "civilization:item/cosmetics/pets/crazy_turkey"
    },
    {
      "predicate": {
        "custom_model_data": 13
      },
      "model": "civilization:item/cosmetics/pets/bunny_carrot_pet"
    },
    {
      "predicate": {
        "custom_model_data": 14
      },
      "model": "item/bone"
    }
  ]
}