{"parent":"minecraft:item/generated","textures":{"layer0":"minecraft:item/book"},"overrides":[{"predicate":{"custom_model_data":1},"model":"civilization:item/ui/books/book_aqua"},{"predicate":{"custom_model_data":2},"model":"civilization:item/ui/books/book_black"},{"predicate":{"custom_model_data":3},"model":"civilization:item/ui/books/book_blue"},{"predicate":{"custom_model_data":4},"model":"civilization:item/ui/books/book_cyan"},{"predicate":{"custom_model_data":5},"model":"civilization:item/ui/books/book_dark_gray"},{"predicate":{"custom_model_data":6},"model":"civilization:item/ui/books/book_gray"},{"predicate":{"custom_model_data":7},"model":"civilization:item/ui/books/book_indigo"},{"predicate":{"custom_model_data":8},"model":"civilization:item/ui/books/book_lime"},{"predicate":{"custom_model_data":9},"model":"civilization:item/ui/books/book_magenta"},{"predicate":{"custom_model_data":10},"model":"civilization:item/ui/books/book_mint"},{"predicate":{"custom_model_data":11},"model":"civilization:item/ui/books/book_orange"},{"predicate":{"custom_model_data":12},"model":"civilization:item/ui/books/book_pink"},{"predicate":{"custom_model_data":13},"model":"civilization:item/ui/books/book_purple"},{"predicate":{"custom_model_data":14},"model":"civilization:item/ui/books/book_teal"},{"predicate":{"custom_model_data":15},"model":"civilization:item/ui/books/book_yellow"},{"predicate":{"custom_model_data":16},"model":"minecraft:item/book"}]}