{
  "parent": "item/generated",
  "textures": {
    "layer0": "item/bow"
  },
  "display": {
    "thirdperson_righthand": {
      "rotation": [
        -80,
        260,
        -40
      ],
      "translation": [
        -1,
        -2,
        2.5
      ],
      "scale": [
        0.9,
        0.9,
        0.9
      ]
    },
    "thirdperson_lefthand": {
      "rotation": [
        -80,
        -280,
        40
      ],
      "translation": [
        -1,
        -2,
        2.5
      ],
      "scale": [
        0.9,
        0.9,
        0.9
      ]
    },
    "firstperson_righthand": {
      "rotation": [
        0,
        -90,
        25
      ],
      "translation": [
        1.13,
        3.2,
        1.13
      ],
      "scale": [
        0.68,
        0.68,
        0.68
      ]
    },
    "firstperson_lefthand": {
      "rotation": [
        0,
        90,
        -25
      ],
      "translation": [
        1.13,
        3.2,
        1.13
      ],
      "scale": [
        0.68,
        0.68,
        0.68
      ]
    }
  },
  "overrides": [
    {
      "predicate": {
        "pulling": 1
      },
      "model": "item/bow_pulling_0"
    },
    {
      "predicate": {
        "pulling": 1,
        "pull": 0.65
      },
      "model": "item/bow_pulling_1"
    },
    {
      "predicate": {
        "pulling": 1,
        "pull": 0.9
      },
      "model": "item/bow_pulling_2"
    },
    {
      "predicate": {
        "custom_model_data": 1
      },
      "model": "civilization:item/tools/ender_bow/default"
    },
    {
      "predicate": {
        "pulling": 1,
        "custom_model_data": 1
      },
      "model": "civilization:item/tools/ender_bow/arrow/1"
    },
    {
      "predicate": {
        "pulling": 1,
        "pull": 0.45,
        "custom_model_data": 1
      },
      "model": "civilization:item/tools/ender_bow/arrow/2"
    },
    {
      "predicate": {
        "pulling": 1,
        "pull": 0.75,
        "custom_model_data": 1
      },
      "model": "civilization:item/tools/ender_bow/arrow/3"
    },
    {
      "predicate": {
        "pulling": 1,
        "pull": 0.9,
        "custom_model_data": 1
      },
      "model": "civilization:item/tools/ender_bow/arrow/4"
    },
    {
      "predicate": {
        "custom_model_data": 2
      },
      "model": "civilization:item/tools/ender_bow/default"
    },
    {
      "predicate": {
        "pulling": 1,
        "custom_model_data": 2
      },
      "model": "civilization:item/tools/ender_bow/pearl/1"
    },
    {
      "predicate": {
        "pulling": 1,
        "pull": 0.45,
        "custom_model_data": 2
      },
      "model": "civilization:item/tools/ender_bow/pearl/2"
    },
    {
      "predicate": {
        "pulling": 1,
        "pull": 0.75,
        "custom_model_data": 2
      },
      "model": "civilization:item/tools/ender_bow/pearl/3"
    },
    {
      "predicate": {
        "pulling": 1,
        "pull": 0.9,
        "custom_model_data": 2
      },
      "model": "civilization:item/tools/ender_bow/pearl/4"
    },
    {
      "predicate": {
        "custom_model_data": 3
      },
      "model": "civilization:item/tools/artemis_bow/default"
    },
    {
      "predicate": {
        "pulling": 1,
        "custom_model_data": 3
      },
      "model": "civilization:item/tools/artemis_bow/pulling/1"
    },
    {
      "predicate": {
        "pulling": 1,
        "pull": 0.55,
        "custom_model_data": 3
      },
      "model": "civilization:item/tools/artemis_bow/pulling/2"
    },
    {
      "predicate": {
        "pulling": 1,
        "pull": 0.9,
        "custom_model_data": 3
      },
      "model": "civilization:item/tools/artemis_bow/pulling/3"
    },
    {
      "predicate": {
        "custom_model_data": 4
      },
      "model": "civilization:item/tools/shortbow/default"
    },
    {
      "predicate": {
        "pulling": 1,
        "custom_model_data": 4
      },
      "model": "civilization:item/tools/shortbow/pulling/1"
    },
    {
      "predicate": {
        "pulling": 1,
        "pull": 0.65,
        "custom_model_data": 4
      },
      "model": "civilization:item/tools/shortbow/pulling/2"
    },
    {
      "predicate": {
        "pulling": 1,
        "pull": 0.9,
        "custom_model_data": 4
      },
      "model": "civilization:item/tools/shortbow/pulling/3"
    },
    {
      "predicate": {
        "custom_model_data": 5
      },
      "model": "civilization:item/tools/archer_bow/normal/default"
    },
    {
      "predicate": {
        "pulling": 1,
        "custom_model_data": 5
      },
      "model": "civilization:item/tools/archer_bow/normal/pulling/1"
    },
    {
      "predicate": {
        "pulling": 1,
        "pull": 0.65,
        "custom_model_data": 5
      },
      "model": "civilization:item/tools/archer_bow/normal/pulling/2"
    },
    {
      "predicate": {
        "pulling": 1,
        "pull": 0.9,
        "custom_model_data": 5
      },
      "model": "civilization:item/tools/archer_bow/normal/pulling/3"
    },
    {
      "predicate": {
        "custom_model_data": 6
      },
      "model": "civilization:item/tools/archer_bow/prestiged/default"
    },
    {
      "predicate": {
        "pulling": 1,
        "custom_model_data": 6
      },
      "model": "civilization:item/tools/archer_bow/prestiged/pulling/1"
    },
    {
      "predicate": {
        "pulling": 1,
        "pull": 0.65,
        "custom_model_data": 6
      },
      "model": "civilization:item/tools/archer_bow/prestiged/pulling/2"
    },
    {
      "predicate": {
        "pulling": 1,
        "pull": 0.9,
        "custom_model_data": 6
      },
      "model": "civilization:item/tools/archer_bow/prestiged/pulling/3"
    },
    {
      "predicate": {
        "custom_model_data": 7
      },
      "model": "civilization:item/tools/aiglos/normal/default"
    },
    {
      "predicate": {
        "pulling": 1,
        "custom_model_data": 7
      },
      "model": "civilization:item/tools/aiglos/normal/pulling/1"
    },
    {
      "predicate": {
        "pulling": 1,
        "pull": 0.65,
        "custom_model_data": 7
      },
      "model": "civilization:item/tools/aiglos/normal/pulling/2"
    },
    {
      "predicate": {
        "pulling": 1,
        "pull": 0.9,
        "custom_model_data": 7
      },
      "model": "civilization:item/tools/aiglos/normal/pulling/3"
    },
    {
      "predicate": {
        "custom_model_data": 8
      },
      "model": "civilization:item/tools/poseidon_trident/normal/default"
    },
    {
      "predicate": {
        "pulling": 1,
        "custom_model_data": 8
      },
      "model": "civilization:item/tools/poseidon_trident/normal/pulling/1"
    },
    {
      "predicate": {
        "pulling": 1,
        "pull": 0.65,
        "custom_model_data": 8
      },
      "model": "civilization:item/tools/poseidon_trident/normal/pulling/2"
    },
    {
      "predicate": {
        "pulling": 1,
        "pull": 0.9,
        "custom_model_data": 8
      },
      "model": "civilization:item/tools/poseidon_trident/normal/pulling/3"
    },
    {
      "predicate": {
        "custom_model_data": 9
      },
      "model": "civilization:item/tools/beehive_blaster/normal/default"
    },
    {
      "predicate": {
        "pulling": 1,
        "custom_model_data": 9
      },
      "model": "civilization:item/tools/beehive_blaster/normal/pulling/1"
    },
    {
      "predicate": {
        "pulling": 1,
        "pull": 0.65,
        "custom_model_data": 9
      },
      "model": "civilization:item/tools/beehive_blaster/normal/pulling/2"
    },
    {
      "predicate": {
        "pulling": 1,
        "pull": 0.9,
        "custom_model_data": 9
      },
      "model": "civilization:item/tools/beehive_blaster/normal/pulling/3"
    },
    {
      "predicate": {
        "custom_model_data": 10
      },
      "model": "civilization:item/tools/guardian_cannon/default"
    },
    {
      "predicate": {
        "pulling": 1,
        "custom_model_data": 10
      },
      "model": "civilization:item/tools/guardian_cannon/pulling/1"
    },
    {
      "predicate": {
        "pulling": 1,
        "pull": 0.45,
        "custom_model_data": 10
      },
      "model": "civilization:item/tools/guardian_cannon/pulling/2"
    },
    {
      "predicate": {
        "pulling": 1,
        "pull": 0.75,
        "custom_model_data": 10
      },
      "model": "civilization:item/tools/guardian_cannon/pulling/3"
    },
    {
      "predicate": {
        "pulling": 1,
        "pull": 0.9,
        "custom_model_data": 10
      },
      "model": "civilization:item/tools/guardian_cannon/pulling/4"
    },
    {
      "predicate": {
        "custom_model_data": 11
      },
      "model": "civilization:item/tools/harpoon_launcher/default"
    },
    {
      "predicate": {
        "pulling": 1,
        "custom_model_data": 11
      },
      "model": "civilization:item/tools/harpoon_launcher/pulling/1"
    },
    {
      "predicate": {
        "pulling": 1,
        "pull": 0.65,
        "custom_model_data": 11
      },
      "model": "civilization:item/tools/harpoon_launcher/pulling/2"
    },
    {
      "predicate": {
        "pulling": 1,
        "pull": 0.9,
        "custom_model_data": 11
      },
      "model": "civilization:item/tools/harpoon_launcher/pulling/3"
    },
    {
      "predicate": {
        "custom_model_data": 12
      },
      "model": "civilization:item/tools/shrink_ray/normal/default"
    },
    {
      "predicate": {
        "pulling": 1,
        "custom_model_data": 12
      },
      "model": "civilization:item/tools/shrink_ray/normal/pulling/1"
    },
    {
      "predicate": {
        "pulling": 1,
        "pull": 0.45,
        "custom_model_data": 12
      },
      "model": "civilization:item/tools/shrink_ray/normal/pulling/2"
    },
    {
      "predicate": {
        "pulling": 1,
        "pull": 0.75,
        "custom_model_data": 12
      },
      "model": "civilization:item/tools/shrink_ray/normal/pulling/3"
    },
    {
      "predicate": {
        "pulling": 1,
        "pull": 0.9,
        "custom_model_data": 12
      },
      "model": "civilization:item/tools/shrink_ray/normal/pulling/4"
    },
    {
      "predicate": {
        "custom_model_data": 13
      },
      "model": "civilization:item/tools/aiglos/serpentine/default"
    },
    {
      "predicate": {
        "pulling": 1,
        "custom_model_data": 13
      },
      "model": "civilization:item/tools/aiglos/serpentine/pulling/1"
    },
    {
      "predicate": {
        "pulling": 1,
        "pull": 0.65,
        "custom_model_data": 13
      },
      "model": "civilization:item/tools/aiglos/serpentine/pulling/2"
    },
    {
      "predicate": {
        "pulling": 1,
        "pull": 0.9,
        "custom_model_data": 13
      },
      "model": "civilization:item/tools/aiglos/serpentine/pulling/3"
    },
    {
      "predicate": {
        "custom_model_data": 14
      },
      "model": "civilization:item/tools/poseidon_trident/guardian/default"
    },
    {
      "predicate": {
        "pulling": 1,
        "custom_model_data": 14
      },
      "model": "civilization:item/tools/poseidon_trident/guardian/pulling/1"
    },
    {
      "predicate": {
        "pulling": 1,
        "pull": 0.65,
        "custom_model_data": 14
      },
      "model": "civilization:item/tools/poseidon_trident/guardian/pulling/2"
    },
    {
      "predicate": {
        "pulling": 1,
        "pull": 0.9,
        "custom_model_data": 14
      },
      "model": "civilization:item/tools/poseidon_trident/guardian/pulling/3"
    },
    {
      "predicate": {
        "custom_model_data": 17
      },
      "model": "civilization:item/tools/shrink_ray/void_singularity/default"
    },
    {
      "predicate": {
        "pulling": 1,
        "custom_model_data": 17
      },
      "model": "civilization:item/tools/shrink_ray/void_singularity/pulling/1"
    },
    {
      "predicate": {
        "pulling": 1,
        "pull": 0.45,
        "custom_model_data": 17
      },
      "model": "civilization:item/tools/shrink_ray/void_singularity/pulling/2"
    },
    {
      "predicate": {
        "pulling": 1,
        "pull": 0.75,
        "custom_model_data": 17
      },
      "model": "civilization:item/tools/shrink_ray/void_singularity/pulling/3"
    },
    {
      "predicate": {
        "pulling": 1,
        "pull": 0.9,
        "custom_model_data": 17
      },
      "model": "civilization:item/tools/shrink_ray/void_singularity/pulling/4"
    },
    {
      "predicate": {
        "custom_model_data": 18
      },
      "model": "civilization:item/tools/valentine_bow/default"
    },
    {
      "predicate": {
        "pulling": 1,
        "custom_model_data": 18
      },
      "model": "civilization:item/tools/valentine_bow/pulling/1"
    },
    {
      "predicate": {
        "pulling": 1,
        "pull": 0.65,
        "custom_model_data": 18
      },
      "model": "civilization:item/tools/valentine_bow/pulling/2"
    },
    {
      "predicate": {
        "pulling": 1,
        "pull": 0.9,
        "custom_model_data": 18
      },
      "model": "civilization:item/tools/valentine_bow/pulling/3"
    },
    {
      "predicate": {
        "custom_model_data": 21
      },
      "model": "civilization:item/tools/beehive_blaster/flower_power/default"
    },
    {
      "predicate": {
        "pulling": 1,
        "custom_model_data": 21
      },
      "model": "civilization:item/tools/beehive_blaster/flower_power/pulling/1"
    },
    {
      "predicate": {
        "pulling": 1,
        "pull": 0.65,
        "custom_model_data": 21
      },
      "model": "civilization:item/tools/beehive_blaster/flower_power/pulling/2"
    },
    {
      "predicate": {
        "pulling": 1,
        "pull": 0.9,
        "custom_model_data": 21
      },
      "model": "civilization:item/tools/beehive_blaster/flower_power/pulling/3"
    },
    {
      "predicate": {
        "custom_model_data": 22
      },
      "model": "civilization:item/tools/phantom_bow/default"
    },
    {
      "predicate": {
        "pulling": 1,
        "custom_model_data": 22
      },
      "model": "civilization:item/tools/phantom_bow/pulling/1"
    },
    {
      "predicate": {
        "pulling": 1,
        "pull": 0.65,
        "custom_model_data": 22
      },
      "model": "civilization:item/tools/phantom_bow/pulling/2"
    },
    {
      "predicate": {
        "pulling": 1,
        "pull": 0.9,
        "custom_model_data": 22
      },
      "model": "civilization:item/tools/phantom_bow/pulling/3"
    }
  ]
}