{"parent":"minecraft:item/generated","textures":{"layer0":"minecraft:item/brewing_stand"},"overrides":[{"predicate":{"custom_model_data":1},"model":"civilization:item/gameplay/fountain_of_youth/activated"},{"predicate":{"custom_model_data":2},"model":"civilization:item/gameplay/fountain_of_youth/deactivated"},{"predicate":{"custom_model_data":3},"model":"civilization:item/gameplay/dec_2023/santa_sleigh"},{"predicate":{"custom_model_data":4},"model":"civilization:item/gameplay/dec_2023/present_blue"},{"predicate":{"custom_model_data":5},"model":"civilization:item/gameplay/dec_2023/present_green"},{"predicate":{"custom_model_data":6},"model":"civilization:item/gameplay/dec_2023/present_purple"},{"predicate":{"custom_model_data":7},"model":"civilization:item/gameplay/fountain_of_youth/death_fountain/activated"},{"predicate":{"custom_model_data":8},"model":"civilization:item/gameplay/fountain_of_youth/death_fountain/deactivated"},{"predicate":{"custom_model_data":9},"model":"civilization:item/gameplay/gold_chest"},{"predicate":{"custom_model_data":10},"model":"civilization:item/gameplay/pastel_egg/normal"},{"predicate":{"custom_model_data":11},"model":"civilization:item/gameplay/pastel_egg/shiny"},{"predicate":{"custom_model_data":12},"model":"minecraft:item/brewing_stand"}]}