{"parent":"minecraft:item/handheld","textures":{"layer0":"minecraft:item/charcoal"},"overrides":[{"predicate":{"custom_model_data":1},"model":"civilization:item/cosmetics/lightning_strike"},{"predicate":{"custom_model_data":2},"model":"civilization:item/cosmetics/fireworks_show"},{"predicate":{"custom_model_data":3},"model":"civilization:item/cosmetics/lightning_storm"},{"predicate":{"custom_model_data":4},"model":"civilization:item/cosmetics/soul_snatch"},{"predicate":{"custom_model_data":5},"model":"civilization:item/cosmetics/funeral_service"},{"predicate":{"custom_model_data":6},"model":"civilization:item/cosmetics/dragon_rider"},{"predicate":{"custom_model_data":7},"model":"civilization:item/cosmetics/chicken_descent"},{"predicate":{"custom_model_data":8},"model":"civilization:item/cosmetics/stampede"},{"predicate":{"custom_model_data":9},"model":"civilization:item/cosmetics/ground_pound"},{"predicate":{"custom_model_data":10},"model":"civilization:item/cosmetics/reapers_touch"},{"predicate":{"custom_model_data":11},"model":"civilization:item/cosmetics/rocket_launcher"},{"predicate":{"custom_model_data":12},"model":"civilization:item/cosmetics/human_cannonball"},{"predicate":{"custom_model_data":13},"model":"civilization:item/cosmetics/bubbly"},{"predicate":{"custom_model_data":14},"model":"civilization:item/cosmetics/bedazzle"},{"predicate":{"custom_model_data":15},"model":"civilization:item/cosmetics/summoning_circle"},{"predicate":{"custom_model_data":16},"model":"civilization:item/cosmetics/camel_rider"},{"predicate":{"custom_model_data":17},"model":"civilization:item/cosmetics/skeleton_horse"},{"predicate":{"custom_model_data":18},"model":"civilization:item/cosmetics/models/paintball_gun"},{"predicate":{"custom_model_data":19},"model":"civilization:item/cosmetics/fairy_dust"},{"predicate":{"custom_model_data":20},"model":"civilization:item/cosmetics/incineration"},{"predicate":{"custom_model_data":21},"model":"civilization:item/cosmetics/meteorite"},{"predicate":{"custom_model_data":22},"model":"civilization:item/cosmetics/slashing_storm"},{"predicate":{"custom_model_data":23},"model":"civilization:item/cosmetics/aquatic_rush"},{"predicate":{"custom_model_data":24},"model":"civilization:item/cosmetics/plasma_burst"},{"predicate":{"custom_model_data":25},"model":"civilization:item/cosmetics/snow_flurry"},{"predicate":{"custom_model_data":26},"model":"civilization:item/cosmetics/snowflake_bloom"},{"predicate":{"custom_model_data":27},"model":"civilization:item/cosmetics/winter_wonderland"},{"predicate":{"custom_model_data":28},"model":"civilization:item/cosmetics/trim_template/frost"},{"predicate":{"custom_model_data":29},"model":"civilization:item/cosmetics/bouncing_cats"},{"predicate":{"custom_model_data":30},"model":"civilization:item/cosmetics/paintball_gun"},{"predicate":{"custom_model_data":31},"model":"civilization:item/cosmetics/snowball_blaster"},{"predicate":{"custom_model_data":32},"model":"civilization:item/cosmetics/dragons_breath"},{"predicate":{"custom_model_data":33},"model":"civilization:item/cosmetics/trim_template/heart"},{"predicate":{"custom_model_data":34},"model":"civilization:item/cosmetics/trim_template/warden"},{"predicate":{"custom_model_data":35},"model":"civilization:item/cosmetics/deep_dark_infection"},{"predicate":{"custom_model_data":36},"model":"civilization:item/cosmetics/sonic_blaster"},{"predicate":{"custom_model_data":37},"model":"civilization:item/cosmetics/trim_template/aquatic"},{"predicate":{"custom_model_data":38},"model":"civilization:item/cosmetics/aquatic_blaster"},{"predicate":{"custom_model_data":39},"model":"civilization:item/cosmetics/bloodlust"},{"predicate":{"custom_model_data":40},"model":"civilization:item/cosmetics/crab_dance"},{"predicate":{"custom_model_data":41},"model":"civilization:item/cosmetics/floppy_fish"},{"predicate":{"custom_model_data":42},"model":"civilization:item/cosmetics/fly_swatter"},{"predicate":{"custom_model_data":43},"model":"civilization:item/cosmetics/gardener"},{"predicate":{"custom_model_data":44},"model":"civilization:item/cosmetics/graveyard"},{"predicate":{"custom_model_data":45},"model":"civilization:item/cosmetics/guardian_rider"},{"predicate":{"custom_model_data":46},"model":"civilization:item/cosmetics/nether_death"},{"predicate":{"custom_model_data":47},"model":"civilization:item/cosmetics/raining_tnt"},{"predicate":{"custom_model_data":48},"model":"civilization:item/cosmetics/sheep_party"},{"predicate":{"custom_model_data":49},"model":"civilization:item/cosmetics/skeleton_explosion"},{"predicate":{"custom_model_data":50},"model":"civilization:item/cosmetics/squid_beam"},{"predicate":{"custom_model_data":51},"model":"civilization:item/cosmetics/takeoff"},{"predicate":{"custom_model_data":52},"model":"civilization:item/cosmetics/trim_template/flame"},{"predicate":{"custom_model_data":53},"model":"civilization:item/cosmetics/blaze_blast"},{"predicate":{"custom_model_data":54},"model":"civilization:item/cosmetics/bomb_explosion"},{"predicate":{"custom_model_data":55},"model":"civilization:item/cosmetics/fire_tornado"},{"predicate":{"custom_model_data":56},"model":"civilization:item/cosmetics/flame_burst"},{"predicate":{"custom_model_data":57},"model":"civilization:item/cosmetics/flamethrower"},{"predicate":{"custom_model_data":58},"model":"civilization:item/cosmetics/volcano_launch"},{"predicate":{"custom_model_data":59},"model":"civilization:item/cosmetics/wither_invasion"},{"predicate":{"custom_model_data":60},"model":"civilization:item/cosmetics/angry_enderman"},{"predicate":{"custom_model_data":61},"model":"civilization:item/cosmetics/angry_villager"},{"predicate":{"custom_model_data":62},"model":"civilization:item/cosmetics/confetti"},{"predicate":{"custom_model_data":63},"model":"civilization:item/cosmetics/confetti_cannon"},{"predicate":{"custom_model_data":64},"model":"civilization:item/cosmetics/connect_four"},{"predicate":{"custom_model_data":65},"model":"civilization:item/cosmetics/crosses"},{"predicate":{"custom_model_data":66},"model":"civilization:item/cosmetics/end_crystal"},{"predicate":{"custom_model_data":67},"model":"civilization:item/cosmetics/end_tornado"},{"predicate":{"custom_model_data":68},"model":"civilization:item/cosmetics/enderman_rider"},{"predicate":{"custom_model_data":69},"model":"civilization:item/cosmetics/endermite_infection"},{"predicate":{"custom_model_data":70},"model":"civilization:item/cosmetics/endstone_shatter"},{"predicate":{"custom_model_data":71},"model":"civilization:item/cosmetics/gokart"},{"predicate":{"custom_model_data":72},"model":"civilization:item/cosmetics/golden_dragon"},{"predicate":{"custom_model_data":73},"model":"civilization:item/cosmetics/heavenly_smite"},{"predicate":{"custom_model_data":74},"model":"civilization:item/cosmetics/magic_wand"},{"predicate":{"custom_model_data":75},"model":"civilization:item/cosmetics/noughts"},{"predicate":{"custom_model_data":76},"model":"civilization:item/cosmetics/pig"},{"predicate":{"custom_model_data":77},"model":"civilization:item/cosmetics/trampoline"},{"predicate":{"custom_model_data":78},"model":"civilization:item/cosmetics/ufo_descent"},{"predicate":{"custom_model_data":79},"model":"civilization:item/cosmetics/vacuum"},{"predicate":{"custom_model_data":80},"model":"civilization:item/cosmetics/victors_throne"},{"predicate":{"custom_model_data":81},"model":"civilization:item/cosmetics/trim_template/end"},{"predicate":{"custom_model_data":82},"model":"civilization:item/cosmetics/tictactoe_gadget"},{"predicate":{"custom_model_data":83},"model":"civilization:item/cosmetics/trophy_showcase"},{"predicate":{"custom_model_data":84},"model":"civilization:item/cosmetics/trim_template/dragon"},{"predicate":{"custom_model_data":85},"model":"civilization:item/cosmetics/arrow_trails/dragon"},{"predicate":{"custom_model_data":86},"model":"civilization:item/cosmetics/trim_template/lightning"},{"predicate":{"custom_model_data":87},"model":"civilization:item/cosmetics/trim_template/wither"},{"predicate":{"custom_model_data":88},"model":"civilization:item/cosmetics/hoplite_logo_kill_effect"},{"predicate":{"custom_model_data":89},"model":"civilization:item/cosmetics/apollos_arrows"},{"predicate":{"custom_model_data":90},"model":"civilization:item/cosmetics/chicken_explosion"},{"predicate":{"custom_model_data":91},"model":"civilization:item/cosmetics/head_firework"},{"predicate":{"custom_model_data":92},"model":"civilization:item/cosmetics/ares_victim"},{"predicate":{"custom_model_data":93},"model":"civilization:item/cosmetics/ka_ching"},{"predicate":{"custom_model_data":94},"model":"civilization:item/cosmetics/the_giant"},{"predicate":{"custom_model_data":95},"model":"civilization:item/cosmetics/poseidons_wrath"},{"predicate":{"custom_model_data":96},"model":"civilization:item/cosmetics/raining_xp"},{"predicate":{"custom_model_data":97},"model":"civilization:item/cosmetics/fart_gun"},{"predicate":{"custom_model_data":98},"model":"civilization:item/cosmetics/ares_victim"},{"predicate":{"custom_model_data":99},"model":"civilization:item/cosmetics/arrow_trails/soul_harvester"},{"predicate":{"custom_model_data":100},"model":"civilization:item/cosmetics/arrow_trails/dragon"},{"predicate":{"custom_model_data":101},"model":"civilization:item/cosmetics/aphrodites_doves"},{"predicate":{"custom_model_data":102},"model":"civilization:item/cosmetics/firework_party"},{"predicate":{"custom_model_data":103},"model":"civilization:item/cosmetics/iris_rainbow"},{"predicate":{"custom_model_data":104},"model":"civilization:item/cosmetics/pegasus_descent"},{"predicate":{"custom_model_data":105},"model":"civilization:item/cosmetics/sniffer_stampede"},{"predicate":{"custom_model_data":106},"model":"civilization:item/cosmetics/golden_wither"},{"predicate":{"custom_model_data":107},"model":"civilization:item/cosmetics/infinite_parkour"},{"predicate":{"custom_model_data":108},"model":"civilization:item/cosmetics/wind_charge_cannon"},{"predicate":{"custom_model_data":109},"model":"civilization:item/cosmetics/trim_template/pumpkin"},{"predicate":{"custom_model_data":110},"model":"civilization:item/cosmetics/1year_cake"},{"predicate":{"custom_model_data":111},"model":"civilization:item/cosmetics/bat_descent"},{"predicate":{"custom_model_data":112},"model":"civilization:item/cosmetics/bat_storm"},{"predicate":{"custom_model_data":113},"model":"civilization:item/cosmetics/cake_gadget"},{"predicate":{"custom_model_data":114},"model":"civilization:item/cosmetics/cake_opener"},{"predicate":{"custom_model_data":115},"model":"civilization:item/cosmetics/hi"},{"predicate":{"custom_model_data":116},"model":"civilization:item/cosmetics/hot_air_balloon"},{"predicate":{"custom_model_data":117},"model":"civilization:item/cosmetics/personal_firework"},{"predicate":{"custom_model_data":118},"model":"civilization:item/cosmetics/tim"},{"predicate":{"custom_model_data":119},"model":"civilization:item/cosmetics/tim_jim"},{"predicate":{"custom_model_data":120},"model":"civilization:item/cosmetics/scarecrow"},{"predicate":{"custom_model_data":121},"model":"civilization:item/cosmetics/cartoon_running"},{"predicate":{"custom_model_data":122},"model":"civilization:item/cosmetics/pumpkin_launcher"},{"predicate":{"custom_model_data":123},"model":"civilization:item/cosmetics/dance_party"},{"predicate":{"custom_model_data":124},"model":"civilization:item/cosmetics/exploding_pumpkins"},{"predicate":{"custom_model_data":125},"model":"civilization:item/cosmetics/pig_rider"},{"predicate":{"custom_model_data":126},"model":"civilization:item/cosmetics/deck_the_halls"},{"predicate":{"custom_model_data":127},"model":"civilization:item/cosmetics/ice_breaker"},{"predicate":{"custom_model_data":128},"model":"civilization:item/cosmetics/snowman_suit"},{"predicate":{"custom_model_data":129},"model":"civilization:item/cosmetics/unwrapping_party"},{"predicate":{"custom_model_data":130},"model":"civilization:item/cosmetics/winter_flurry"},{"predicate":{"custom_model_data":131},"model":"civilization:item/cosmetics/arrow_trails/evergreen_glitter"},{"predicate":{"custom_model_data":132},"model":"civilization:item/cosmetics/block_crush"},{"predicate":{"custom_model_data":133},"model":"civilization:item/cosmetics/boat_rush"},{"predicate":{"custom_model_data":134},"model":"civilization:item/cosmetics/gg"},{"predicate":{"custom_model_data":135},"model":"civilization:item/cosmetics/jeb_rideout"},{"predicate":{"custom_model_data":136},"model":"civilization:item/cosmetics/slime_drop"},{"predicate":{"custom_model_data":137},"model":"civilization:item/cosmetics/bejeweled"},{"predicate":{"custom_model_data":138},"model":"civilization:item/cosmetics/catch_me_if_you_can"},{"predicate":{"custom_model_data":139},"model":"civilization:item/cosmetics/death_comes_for_us_all"},{"predicate":{"custom_model_data":140},"model":"civilization:item/cosmetics/ender_geyser"},{"predicate":{"custom_model_data":141},"model":"civilization:item/cosmetics/juggernaught"},{"predicate":{"custom_model_data":142},"model":"civilization:item/cosmetics/medusas_wrath"},{"predicate":{"custom_model_data":143},"model":"civilization:item/cosmetics/peace_offering"},{"predicate":{"custom_model_data":144},"model":"civilization:item/cosmetics/rainmaker"},{"predicate":{"custom_model_data":145},"model":"civilization:item/cosmetics/rocketman"},{"predicate":{"custom_model_data":146},"model":"civilization:item/cosmetics/skulk_pulse"},{"predicate":{"custom_model_data":147},"model":"civilization:item/cosmetics/un_bell_eviable"},{"predicate":{"custom_model_data":148},"model":"civilization:item/cosmetics/abducted"},{"predicate":{"custom_model_data":149},"model":"civilization:item/cosmetics/from_the_depths"},{"predicate":{"custom_model_data":150},"model":"civilization:item/cosmetics/good_trade_relations"},{"predicate":{"custom_model_data":151},"model":"civilization:item/cosmetics/potato_farmer"},{"predicate":{"custom_model_data":152},"model":"civilization:item/cosmetics/arrow_trails/bopping_beats"},{"predicate":{"custom_model_data":153},"model":"civilization:item/cosmetics/bunny_breakout_victory_dance"},{"predicate":{"custom_model_data":154},"model":"civilization:item/cosmetics/egg_out_kill_effect"},{"predicate":{"custom_model_data":155},"model":"civilization:item/cosmetics/egg_portal_opener"},{"predicate":{"custom_model_data":156},"model":"civilization:item/cosmetics/chick_swam_kill_effect"},{"predicate":{"custom_model_data":157},"model":"civilization:item/cosmetics/trim_template/splatter"},{"predicate":{"custom_model_data":158},"model":"civilization:item/cosmetics/killer_bunny_kill_effect"},{"predicate":{"custom_model_data":159},"model":"item/charcoal"}]}