{"parent":"minecraft:item/generated","textures":{"layer0":"minecraft:block/dandelion"},"overrides":[{"predicate":{"custom_model_data":1},"model":"civilization:item/decor/info_boards/info_board_br_lobby_left"},{"predicate":{"custom_model_data":2},"model":"civilization:item/decor/info_boards/info_board_br_lobby_right"},{"predicate":{"custom_model_data":3},"model":"civilization:item/decor/info_boards/info_board_br_pregame"},{"predicate":{"custom_model_data":4},"model":"civilization:item/decor/info_boards/info_board_duels_lobby_left"},{"predicate":{"custom_model_data":5},"model":"civilization:item/decor/info_boards/info_board_duels_lobby_right"},{"predicate":{"custom_model_data":6},"model":"block/dandelion"}]}