{
  "parent": "minecraft:item/handheld",
  "textures": {
    "layer0": "minecraft:item/diamond_sword"
  },
  "overrides": [
    {
      "predicate": {
        "custom_model_data": 1
      },
      "model": "civilization:item/tools/midas_sword"
    },
    {
      "predicate": {
        "custom_model_data": 2
      },
      "model": "civilization:item/tools/dragon_katana/normal"
    },
    {
      "predicate": {
        "custom_model_data": 3
      },
      "model": "civilization:item/tools/emerald_sword"
    },
    {
      "predicate": {
        "custom_model_data": 4
      },
      "model": "civilization:item/tools/shadow_blade/normal"
    },
    {
      "predicate": {
        "custom_model_data": 5
      },
      "model": "civilization:item/tools/magma_club/normal"
    },
    {
      "predicate": {
        "custom_model_data": 6
      },
      "model": "civilization:item/tools/mace"
    },
    {
      "predicate": {
        "custom_model_data": 7
      },
      "model": "civilization:item/tools/cloud_sword"
    },
    {
      "predicate": {
        "custom_model_data": 8
      },
      "model": "civilization:item/tools/crimson_chainsword/normal"
    },
    {
      "predicate": {
        "custom_model_data": 9
      },
      "model": "civilization:item/tools/crimson_chainsword/red"
    },
    {
      "predicate": {
        "custom_model_data": 10
      },
      "model": "civilization:item/tools/magma_club/inferno"
    },
    {
      "predicate": {
        "custom_model_data": 11
      },
      "model": "civilization:item/tools/shadow_blade/sculkripper"
    },
    {
      "predicate": {
        "custom_model_data": 12
      },
      "model": "item/diamond_sword"
    }
  ]
}