{"parent":"minecraft:item/generated","textures":{"layer0":"minecraft:item/emerald"},"overrides":[{"predicate":{"custom_model_data":1},"model":"civilization:item/tools/previews/artemis_bow"},{"predicate":{"custom_model_data":2},"model":"civilization:item/tools/previews/dragon_katana"},{"predicate":{"custom_model_data":3},"model":"civilization:item/tools/previews/aiglos"},{"predicate":{"custom_model_data":4},"model":"civilization:item/tools/previews/emerald_sword"},{"predicate":{"custom_model_data":5},"model":"civilization:item/tools/previews/ender_bow"},{"predicate":{"custom_model_data":6},"model":"civilization:item/tools/previews/fountain_of_youth"},{"predicate":{"custom_model_data":7},"model":"civilization:item/tools/previews/grimoire"},{"predicate":{"custom_model_data":8},"model":"civilization:item/tools/previews/legendary_sniffer"},{"predicate":{"custom_model_data":9},"model":"civilization:item/tools/previews/lich_staff"},{"predicate":{"custom_model_data":10},"model":"civilization:item/tools/previews/magma_club"},{"predicate":{"custom_model_data":11},"model":"civilization:item/tools/previews/midas_sword"},{"predicate":{"custom_model_data":12},"model":"civilization:item/tools/previews/mjolnir"},{"predicate":{"custom_model_data":13},"model":"civilization:item/tools/previews/pufferfish_cannon"},{"predicate":{"custom_model_data":14},"model":"civilization:item/tools/previews/reaper_scythe"},{"predicate":{"custom_model_data":15},"model":"civilization:item/tools/previews/reinforced_elytra"},{"predicate":{"custom_model_data":16},"model":"civilization:item/tools/previews/shadow_blade"},{"predicate":{"custom_model_data":17},"model":"civilization:item/tools/previews/sonic_crossbow"},{"predicate":{"custom_model_data":18},"model":"civilization:item/tools/previews/tim_the_enchanter"},{"predicate":{"custom_model_data":19},"model":"civilization:item/tools/previews/void_staff_shulker"},{"predicate":{"custom_model_data":20},"model":"civilization:item/tools/previews/void_staff_teleport"},{"predicate":{"custom_model_data":21},"model":"civilization:item/tools/previews/war_pickaxe"},{"predicate":{"custom_model_data":22},"model":"item/emerald"}]}