{"parent":"minecraft:item/generated","textures":{"layer0":"minecraft:item/feather"},"overrides":[{"predicate":{"custom_model_data":1},"model":"civilization:item/glider/default/normal"},{"predicate":{"custom_model_data":2},"model":"civilization:item/glider/camo/normal"},{"predicate":{"custom_model_data":3},"model":"civilization:item/glider/celestial_dragon/normal"},{"predicate":{"custom_model_data":4},"model":"civilization:item/glider/glider_of_death/normal"},{"predicate":{"custom_model_data":5},"model":"civilization:item/glider/jurassic/normal"},{"predicate":{"custom_model_data":6},"model":"civilization:item/glider/raven/normal"},{"predicate":{"custom_model_data":7},"model":"civilization:item/glider/phantom/normal"},{"predicate":{"custom_model_data":8},"model":"civilization:item/glider/spider/normal"},{"predicate":{"custom_model_data":9},"model":"civilization:item/glider/default/shiny"},{"predicate":{"custom_model_data":10},"model":"civilization:item/glider/camo/shiny"},{"predicate":{"custom_model_data":11},"model":"civilization:item/glider/celestial_dragon/shiny"},{"predicate":{"custom_model_data":12},"model":"civilization:item/glider/glider_of_death/shiny"},{"predicate":{"custom_model_data":13},"model":"civilization:item/glider/jurassic/shiny"},{"predicate":{"custom_model_data":14},"model":"civilization:item/glider/raven/shiny"},{"predicate":{"custom_model_data":15},"model":"civilization:item/glider/phantom/shiny"},{"predicate":{"custom_model_data":16},"model":"civilization:item/glider/spider/shiny"},{"predicate":{"custom_model_data":17},"model":"civilization:item/glider/christmas_tree_rocket/normal"},{"predicate":{"custom_model_data":18},"model":"civilization:item/glider/gift_wrap/normal"},{"predicate":{"custom_model_data":19},"model":"civilization:item/glider/santa_sleigh/normal"},{"predicate":{"custom_model_data":20},"model":"civilization:item/glider/santa_sleigh/shiny"},{"predicate":{"custom_model_data":21},"model":"civilization:item/glider/hubert_the_sophisticated_turtle/normal"},{"predicate":{"custom_model_data":22},"model":"civilization:item/glider/snowman/normal"},{"predicate":{"custom_model_data":23},"model":"civilization:item/glider/ufo/normal"},{"predicate":{"custom_model_data":24},"model":"civilization:item/glider/christmas_stocking/normal"},{"predicate":{"custom_model_data":25},"model":"civilization:item/glider/gift_wrap/shiny"},{"predicate":{"custom_model_data":26},"model":"civilization:item/glider/hubert_the_sophisticated_turtle/shiny"},{"predicate":{"custom_model_data":27},"model":"civilization:item/glider/christmas_stocking/shiny"},{"predicate":{"custom_model_data":28},"model":"civilization:item/glider/christmas_tree_rocket/shiny"},{"predicate":{"custom_model_data":29},"model":"civilization:item/glider/snowman/shiny"},{"predicate":{"custom_model_data":30},"model":"civilization:item/glider/ufo/shiny"},{"predicate":{"custom_model_data":31},"model":"civilization:item/glider/dragon/normal"},{"predicate":{"custom_model_data":32},"model":"civilization:item/glider/dragon/shiny"},{"predicate":{"custom_model_data":33},"model":"civilization:item/glider/checkerboard/normal"},{"predicate":{"custom_model_data":34},"model":"civilization:item/glider/checkerboard/shiny"},{"predicate":{"custom_model_data":35},"model":"civilization:item/glider/phoenix/normal"},{"predicate":{"custom_model_data":36},"model":"civilization:item/glider/phoenix/shiny"},{"predicate":{"custom_model_data":37},"model":"civilization:item/glider/stealth/normal"},{"predicate":{"custom_model_data":38},"model":"civilization:item/glider/stealth/shiny"},{"predicate":{"custom_model_data":39},"model":"civilization:item/glider/heart_balloons/normal"},{"predicate":{"custom_model_data":40},"model":"civilization:item/glider/heart_balloons/shiny"},{"predicate":{"custom_model_data":41},"model":"civilization:item/glider/cupid/normal"},{"predicate":{"custom_model_data":42},"model":"civilization:item/glider/cupid/shiny"},{"predicate":{"custom_model_data":43},"model":"civilization:item/glider/rose/normal"},{"predicate":{"custom_model_data":44},"model":"civilization:item/glider/rose/shiny"},{"predicate":{"custom_model_data":45},"model":"civilization:item/glider/valentines/normal"},{"predicate":{"custom_model_data":46},"model":"civilization:item/glider/valentines/shiny"},{"predicate":{"custom_model_data":47},"model":"civilization:item/glider/biplane/normal"},{"predicate":{"custom_model_data":48},"model":"civilization:item/glider/biplane/shiny"},{"predicate":{"custom_model_data":49},"model":"civilization:item/glider/large_propeller_hat/normal"},{"predicate":{"custom_model_data":50},"model":"civilization:item/glider/large_propeller_hat/shiny"},{"predicate":{"custom_model_data":51},"model":"civilization:item/glider/pig/normal"},{"predicate":{"custom_model_data":52},"model":"civilization:item/glider/pig/shiny"},{"predicate":{"custom_model_data":53},"model":"civilization:item/glider/warden_dragon/normal"},{"predicate":{"custom_model_data":54},"model":"civilization:item/glider/warden_dragon/shiny"},{"predicate":{"custom_model_data":55},"model":"civilization:item/glider/warden_default/normal"},{"predicate":{"custom_model_data":56},"model":"civilization:item/glider/warden_default/shiny"},{"predicate":{"custom_model_data":57},"model":"civilization:item/glider/falling_warden/normal"},{"predicate":{"custom_model_data":58},"model":"civilization:item/glider/falling_warden/shiny"},{"predicate":{"custom_model_data":59},"model":"civilization:item/glider/deep_dark_wings/normal"},{"predicate":{"custom_model_data":60},"model":"civilization:item/glider/deep_dark_wings/shiny"},{"predicate":{"custom_model_data":61},"model":"civilization:item/glider/butterfly/normal"},{"predicate":{"custom_model_data":62},"model":"civilization:item/glider/butterfly/shiny"},{"predicate":{"custom_model_data":63},"model":"civilization:item/glider/fire/normal"},{"predicate":{"custom_model_data":64},"model":"civilization:item/glider/fire/shiny"},{"predicate":{"custom_model_data":65},"model":"civilization:item/glider/shark/normal"},{"predicate":{"custom_model_data":66},"model":"civilization:item/glider/shark/shiny"},{"predicate":{"custom_model_data":67},"model":"civilization:item/glider/enchanted/normal"},{"predicate":{"custom_model_data":68},"model":"civilization:item/glider/enchanted/shiny"},{"predicate":{"custom_model_data":69},"model":"civilization:item/glider/swordfish/normal"},{"predicate":{"custom_model_data":70},"model":"civilization:item/glider/swordfish/shiny"},{"predicate":{"custom_model_data":71},"model":"civilization:item/glider/rescue_boat/normal"},{"predicate":{"custom_model_data":72},"model":"civilization:item/glider/rescue_boat/shiny"},{"predicate":{"custom_model_data":73},"model":"civilization:item/glider/crab/normal"},{"predicate":{"custom_model_data":74},"model":"civilization:item/glider/crab/shiny"},{"predicate":{"custom_model_data":75},"model":"civilization:item/glider/greg/normal"},{"predicate":{"custom_model_data":76},"model":"civilization:item/glider/greg/shiny"},{"predicate":{"custom_model_data":77},"model":"civilization:item/glider/magma/normal"},{"predicate":{"custom_model_data":78},"model":"civilization:item/glider/magma/shiny"},{"predicate":{"custom_model_data":79},"model":"civilization:item/glider/skeleton_hoglin/normal"},{"predicate":{"custom_model_data":80},"model":"civilization:item/glider/skeleton_hoglin/shiny"},{"predicate":{"custom_model_data":81},"model":"civilization:item/glider/ghast/normal"},{"predicate":{"custom_model_data":82},"model":"civilization:item/glider/ghast/shiny"},{"predicate":{"custom_model_data":83},"model":"civilization:item/glider/anglia/normal"},{"predicate":{"custom_model_data":84},"model":"civilization:item/glider/anglia/shiny"},{"predicate":{"custom_model_data":85},"model":"civilization:item/glider/ender_eye/normal"},{"predicate":{"custom_model_data":86},"model":"civilization:item/glider/ender_eye/shiny"},{"predicate":{"custom_model_data":87},"model":"civilization:item/glider/hoplite/normal"},{"predicate":{"custom_model_data":88},"model":"civilization:item/glider/hoplite/shiny"},{"predicate":{"custom_model_data":89},"model":"civilization:item/glider/rainbow/normal"},{"predicate":{"custom_model_data":90},"model":"civilization:item/glider/rainbow/shiny"},{"predicate":{"custom_model_data":91},"model":"civilization:item/glider/sunflower/normal"},{"predicate":{"custom_model_data":92},"model":"civilization:item/glider/sunflower/shiny"},{"predicate":{"custom_model_data":93},"model":"civilization:item/glider/corrupted_dragon/normal"},{"predicate":{"custom_model_data":94},"model":"civilization:item/glider/corrupted_dragon/shiny"},{"predicate":{"custom_model_data":95},"model":"civilization:item/glider/end_ship/normal"},{"predicate":{"custom_model_data":96},"model":"civilization:item/glider/end_ship/shiny"},{"predicate":{"custom_model_data":97},"model":"civilization:item/glider/end_phantom/normal"},{"predicate":{"custom_model_data":98},"model":"civilization:item/glider/end_phantom/shiny"},{"predicate":{"custom_model_data":99},"model":"civilization:item/glider/apollos_chariot/normal"},{"predicate":{"custom_model_data":100},"model":"civilization:item/glider/apollos_chariot/shiny"},{"predicate":{"custom_model_data":101},"model":"civilization:item/glider/parthenon/normal"},{"predicate":{"custom_model_data":102},"model":"civilization:item/glider/parthenon/shiny"},{"predicate":{"custom_model_data":103},"model":"civilization:item/glider/poseidon/normal"},{"predicate":{"custom_model_data":104},"model":"civilization:item/glider/poseidon/shiny"},{"predicate":{"custom_model_data":105},"model":"civilization:item/glider/ladybug/normal"},{"predicate":{"custom_model_data":106},"model":"civilization:item/glider/ladybug/shiny"},{"predicate":{"custom_model_data":107},"model":"civilization:item/glider/orange/normal"},{"predicate":{"custom_model_data":108},"model":"civilization:item/glider/orange/shiny"},{"predicate":{"custom_model_data":109},"model":"civilization:item/glider/stork/normal"},{"predicate":{"custom_model_data":110},"model":"civilization:item/glider/stork/shiny"},{"predicate":{"custom_model_data":111},"model":"civilization:item/glider/frozen/normal"},{"predicate":{"custom_model_data":112},"model":"civilization:item/glider/frozen/shiny"},{"predicate":{"custom_model_data":113},"model":"civilization:item/glider/gerald/normal"},{"predicate":{"custom_model_data":114},"model":"civilization:item/glider/gerald/shiny"},{"predicate":{"custom_model_data":115},"model":"civilization:item/glider/golden/normal"},{"predicate":{"custom_model_data":116},"model":"civilization:item/glider/golden/shiny"},{"predicate":{"custom_model_data":117},"model":"civilization:item/glider/hot_air_balloon/normal"},{"predicate":{"custom_model_data":118},"model":"civilization:item/glider/hot_air_balloon/shiny"},{"predicate":{"custom_model_data":119},"model":"civilization:item/glider/bat/normal"},{"predicate":{"custom_model_data":120},"model":"civilization:item/glider/bat/shiny"},{"predicate":{"custom_model_data":121},"model":"civilization:item/glider/spooky_eyeball/normal"},{"predicate":{"custom_model_data":122},"model":"civilization:item/glider/spooky_eyeball/shiny"},{"predicate":{"custom_model_data":123},"model":"civilization:item/glider/scary_pumpkin/normal"},{"predicate":{"custom_model_data":124},"model":"civilization:item/glider/scary_pumpkin/shiny"},{"predicate":{"custom_model_data":125},"model":"civilization:item/glider/cake/normal"},{"predicate":{"custom_model_data":126},"model":"civilization:item/glider/cake/shiny"},{"predicate":{"custom_model_data":127},"model":"civilization:item/glider/bee/normal"},{"predicate":{"custom_model_data":128},"model":"civilization:item/glider/bee/shiny"},{"predicate":{"custom_model_data":129},"model":"civilization:item/glider/train/normal"},{"predicate":{"custom_model_data":130},"model":"civilization:item/glider/train/shiny"},{"predicate":{"custom_model_data":131},"model":"civilization:item/glider/biplane/legacy"},{"predicate":{"custom_model_data":132},"model":"civilization:item/glider/greg/legacy"},{"predicate":{"custom_model_data":133},"model":"civilization:item/glider/hubert_the_sophisticated_turtle/legacy"},{"predicate":{"custom_model_data":134},"model":"civilization:item/glider/phoenix/legacy"},{"predicate":{"custom_model_data":135},"model":"civilization:item/glider/large_propeller_hat/legacy"},{"predicate":{"custom_model_data":136},"model":"civilization:item/glider/ufo/legacy"},{"predicate":{"custom_model_data":137},"model":"civilization:item/glider/gerald/legacy"},{"predicate":{"custom_model_data":138},"model":"civilization:item/glider/hoplite/legacy"},{"predicate":{"custom_model_data":139},"model":"civilization:item/glider/jurassic/legacy"},{"predicate":{"custom_model_data":140},"model":"civilization:item/glider/pig/legacy"},{"predicate":{"custom_model_data":141},"model":"civilization:item/glider/stealth/legacy"},{"predicate":{"custom_model_data":142},"model":"civilization:item/glider/sunflower/legacy"},{"predicate":{"custom_model_data":143},"model":"civilization:item/glider/chocolate/normal"},{"predicate":{"custom_model_data":144},"model":"civilization:item/glider/chocolate/shiny"},{"predicate":{"custom_model_data":145},"model":"civilization:item/glider/blue_butterfly/normal"},{"predicate":{"custom_model_data":146},"model":"civilization:item/glider/blue_butterfly/shiny"},{"predicate":{"custom_model_data":147},"model":"civilization:item/glider/bunny/normal"},{"predicate":{"custom_model_data":148},"model":"civilization:item/glider/bunny/shiny"},{"predicate":{"custom_model_data":149},"model":"item/feather"}]}