{"parent":"item/handheld_rod","textures":{"layer0":"item/fishing_rod"},"overrides":[{"predicate":{"cast":1},"model":"item/fishing_rod_cast"},{"predicate":{"custom_model_data":1},"model":"civilization:item/tools/lucky_rod/default"},{"predicate":{"custom_model_data":1,"cast":1},"model":"civilization:item/tools/lucky_rod/cast"},{"predicate":{"custom_model_data":2},"model":"civilization:item/tools/fishermans_rod/normal/default"},{"predicate":{"custom_model_data":2,"cast":1},"model":"civilization:item/tools/fishermans_rod/normal/cast"},{"predicate":{"custom_model_data":3},"model":"civilization:item/tools/fishermans_rod/prestiged/default"},{"predicate":{"custom_model_data":3,"cast":1},"model":"civilization:item/tools/fishermans_rod/prestiged/cast"},{"predicate":{"custom_model_data":4},"model":"civilization:item/tools/barbed_rod/default"},{"predicate":{"custom_model_data":4,"cast":1},"model":"civilization:item/tools/barbed_rod/cast"},{"predicate":{"custom_model_data":5},"model":"civilization:item/tools/sculkweaver_lantern/normal/default"},{"predicate":{"custom_model_data":6},"model":"civilization:item/tools/sculkweaver_lantern/normal/cast"},{"predicate":{"custom_model_data":7},"model":"civilization:item/tools/sculkweaver_lantern/jolly/default"},{"predicate":{"custom_model_data":8},"model":"civilization:item/tools/sculkweaver_lantern/jolly/cast"}]}