{"parent":"minecraft:item/handheld","textures":{"layer0":"minecraft:item/flint"},"overrides":[{"predicate":{"custom_model_data":1},"model":"civilization:item/ui/settings/private_messages"},{"predicate":{"custom_model_data":2},"model":"civilization:item/ui/settings/friend_requests"},{"predicate":{"custom_model_data":3},"model":"civilization:item/ui/settings/friend_notifications"},{"predicate":{"custom_model_data":4},"model":"civilization:item/ui/settings/profanity_filter"},{"predicate":{"custom_model_data":5},"model":"civilization:item/ui/settings/chat_mentions"},{"predicate":{"custom_model_data":6},"model":"civilization:item/ui/settings/party_invites"},{"predicate":{"custom_model_data":7},"model":"civilization:item/ui/settings/party_glow"},{"predicate":{"custom_model_data":8},"model":"civilization:item/ui/settings/profile_visibility"},{"predicate":{"custom_model_data":9},"model":"civilization:item/ui/settings/share_online_status"},{"predicate":{"custom_model_data":10},"model":"civilization:item/ui/settings/announce_join_message"},{"predicate":{"custom_model_data":11},"model":"civilization:item/ui/settings/auto_queue"},{"predicate":{"custom_model_data":12},"model":"civilization:item/ui/settings/spectator_visibility"},{"predicate":{"custom_model_data":13},"model":"civilization:item/ui/settings/team_glow"},{"predicate":{"custom_model_data":14},"model":"civilization:item/ui/settings/night_vision"},{"predicate":{"custom_model_data":15},"model":"civilization:item/ui/settings/quest_progression"},{"predicate":{"custom_model_data":16},"model":"civilization:item/ui/settings/duel_requests"},{"predicate":{"custom_model_data":17},"model":"civilization:item/ui/settings/fast_weapon_mode_toggle"},{"predicate":{"custom_model_data":18},"model":"civilization:item/ui/settings/lobby_leave_confirmation"},{"predicate":{"custom_model_data":19},"model":"civilization:item/ui/settings/lobby_time"},{"predicate":{"custom_model_data":20},"model":"civilization:item/ui/settings/lobby_flight"},{"predicate":{"custom_model_data":21},"model":"civilization:item/ui/settings/discord_visibility"},{"predicate":{"custom_model_data":22},"model":"civilization:item/ui/settings/proximity_chat_filter"},{"predicate":{"custom_model_data":23},"model":"civilization:item/ui/settings/cooldown_bars"},{"predicate":{"custom_model_data":24},"model":"civilization:item/ui/settings/flag_accessibility"},{"predicate":{"custom_model_data":25},"model":"civilization:item/ui/settings/auto_replace_emojis"},{"predicate":{"custom_model_data":26},"model":"civilization:item/ui/hide_hats"},{"predicate":{"custom_model_data":27},"model":"civilization:item/ui/settings/cooldown_bars_purple"},{"predicate":{"custom_model_data":28},"model":"minecraft:item/flint"}]}