{
  "parent": "minecraft:item/handheld",
  "textures": {
    "layer0": "minecraft:item/iron_sword"
  },
  "overrides": [
    {
      "predicate": {
        "custom_model_data": 1
      },
      "model": "civilization:item/tools/lucky_blade"
    },
    {
      "predicate": {
        "custom_model_data": 2
      },
      "model": "civilization:item/tools/shortsword"
    },
    {
      "predicate": {
        "custom_model_data": 3
      },
      "model": "civilization:item/tools/magma_club/normal"
    },
    {
      "predicate": {
        "custom_model_data": 7
      },
      "model": "item/iron_sword"
    }
  ]
}