{"parent":"minecraft:item/generated","textures":{"layer0":"minecraft:item/iron_ingot"},"overrides":[{"predicate":{"custom_model_data":1},"model":"civilization:item/tools/expert_evoker"},{"predicate":{"custom_model_data":2},"model":"civilization:item/gameplay/heart"},{"predicate":{"custom_model_data":3},"model":"civilization:item/tools/kim_the_transmuter"},{"predicate":{"custom_model_data":4},"model":"civilization:item/tools/gruntilda"},{"predicate":{"custom_model_data":5},"model":"item/iron_ingot"}]}