{"parent":"minecraft:item/generated","textures":{"layer0":"minecraft:item/iron_nugget"},"overrides":[{"predicate":{"custom_model_data":1},"model":"civilization:item/cosmetics/animations/plasma_burst/0"},{"predicate":{"custom_model_data":2},"model":"civilization:item/cosmetics/animations/plasma_burst/1"},{"predicate":{"custom_model_data":3},"model":"civilization:item/cosmetics/animations/plasma_burst/2"},{"predicate":{"custom_model_data":4},"model":"civilization:item/cosmetics/animations/plasma_burst/3"},{"predicate":{"custom_model_data":5},"model":"civilization:item/cosmetics/animations/plasma_burst/4"},{"predicate":{"custom_model_data":6},"model":"civilization:item/cosmetics/animations/plasma_burst/5"},{"predicate":{"custom_model_data":7},"model":"civilization:item/cosmetics/animations/plasma_burst/6"},{"predicate":{"custom_model_data":8},"model":"civilization:item/cosmetics/animations/plasma_burst/7"},{"predicate":{"custom_model_data":9},"model":"civilization:item/cosmetics/animations/plasma_burst/8"},{"predicate":{"custom_model_data":10},"model":"civilization:item/cosmetics/animations/plasma_burst/9"},{"predicate":{"custom_model_data":11},"model":"civilization:item/cosmetics/animations/plasma_burst/10"},{"predicate":{"custom_model_data":12},"model":"civilization:item/cosmetics/animations/plasma_burst/11"},{"predicate":{"custom_model_data":13},"model":"civilization:item/cosmetics/animations/snowflake_bloom/0"},{"predicate":{"custom_model_data":14},"model":"civilization:item/cosmetics/animations/snowflake_bloom/1"},{"predicate":{"custom_model_data":15},"model":"civilization:item/cosmetics/animations/snowflake_bloom/2"},{"predicate":{"custom_model_data":16},"model":"civilization:item/cosmetics/animations/snowflake_bloom/3"},{"predicate":{"custom_model_data":17},"model":"civilization:item/cosmetics/animations/snowflake_bloom/4"},{"predicate":{"custom_model_data":18},"model":"civilization:item/cosmetics/animations/snowflake_bloom/5"},{"predicate":{"custom_model_data":19},"model":"civilization:item/cosmetics/animations/snowflake_bloom/6"},{"predicate":{"custom_model_data":20},"model":"civilization:item/cosmetics/animations/snowflake_bloom/7"},{"predicate":{"custom_model_data":21},"model":"civilization:item/cosmetics/animations/snowflake_bloom/8"},{"predicate":{"custom_model_data":22},"model":"civilization:item/cosmetics/animations/snowflake_bloom/9"},{"predicate":{"custom_model_data":23},"model":"civilization:item/cosmetics/animations/snowflake_bloom/10"},{"predicate":{"custom_model_data":24},"model":"civilization:item/cosmetics/animations/snowflake_bloom/11"},{"predicate":{"custom_model_data":25},"model":"civilization:item/cosmetics/animations/fire_ignition/0"},{"predicate":{"custom_model_data":26},"model":"civilization:item/cosmetics/animations/fire_ignition/1"},{"predicate":{"custom_model_data":27},"model":"civilization:item/cosmetics/animations/fire_ignition/2"},{"predicate":{"custom_model_data":28},"model":"civilization:item/cosmetics/animations/fire_ignition/3"},{"predicate":{"custom_model_data":29},"model":"civilization:item/cosmetics/animations/fire_ignition/4"},{"predicate":{"custom_model_data":30},"model":"civilization:item/cosmetics/animations/fire_ignition/5"},{"predicate":{"custom_model_data":31},"model":"civilization:item/cosmetics/animations/fire_ignition/6"},{"predicate":{"custom_model_data":32},"model":"civilization:item/cosmetics/animations/bomb_drop/0"},{"predicate":{"custom_model_data":33},"model":"civilization:item/cosmetics/animations/bomb_drop/1"},{"predicate":{"custom_model_data":34},"model":"civilization:item/cosmetics/animations/bomb_drop/2"},{"predicate":{"custom_model_data":35},"model":"civilization:item/cosmetics/animations/bomb_drop/3"},{"predicate":{"custom_model_data":36},"model":"civilization:item/cosmetics/animations/bomb_drop/4"},{"predicate":{"custom_model_data":37},"model":"civilization:item/cosmetics/animations/bomb_drop/5"},{"predicate":{"custom_model_data":38},"model":"civilization:item/cosmetics/animations/bomb_drop/6"},{"predicate":{"custom_model_data":39},"model":"civilization:item/cosmetics/animations/confetti_explosion/0"},{"predicate":{"custom_model_data":40},"model":"civilization:item/cosmetics/animations/confetti_explosion/1"},{"predicate":{"custom_model_data":41},"model":"civilization:item/cosmetics/animations/confetti_explosion/2"},{"predicate":{"custom_model_data":42},"model":"civilization:item/cosmetics/animations/confetti_explosion/3"},{"predicate":{"custom_model_data":43},"model":"civilization:item/cosmetics/animations/confetti_explosion/4"},{"predicate":{"custom_model_data":44},"model":"civilization:item/cosmetics/animations/confetti_explosion/5"},{"predicate":{"custom_model_data":45},"model":"civilization:item/cosmetics/animations/confetti_explosion/6"},{"predicate":{"custom_model_data":46},"model":"civilization:item/cosmetics/animations/confetti_explosion/7"},{"predicate":{"custom_model_data":47},"model":"civilization:item/cosmetics/animations/confetti_explosion/8"},{"predicate":{"custom_model_data":48},"model":"civilization:item/cosmetics/animations/confetti_explosion/9"},{"predicate":{"custom_model_data":49},"model":"civilization:item/cosmetics/animations/divine_smite/0"},{"predicate":{"custom_model_data":50},"model":"civilization:item/cosmetics/animations/divine_smite/1"},{"predicate":{"custom_model_data":51},"model":"civilization:item/cosmetics/animations/divine_smite/2"},{"predicate":{"custom_model_data":52},"model":"civilization:item/cosmetics/animations/divine_smite/3"},{"predicate":{"custom_model_data":53},"model":"civilization:item/cosmetics/animations/divine_smite/4"},{"predicate":{"custom_model_data":54},"model":"civilization:item/cosmetics/animations/divine_smite/5"},{"predicate":{"custom_model_data":55},"model":"civilization:item/cosmetics/animations/divine_smite/6"},{"predicate":{"custom_model_data":56},"model":"item/iron_nugget"}]}