{
  "parent": "minecraft:item/generated",
  "textures": {
    "layer0": "minecraft:item/leather_boots",
    "layer1": "minecraft:item/leather_boots_overlay"
  },
  "overrides": [
    {
      "model": "minecraft:item/leather_boots_quartz_trim",
      "predicate": {
        "trim_type": 0.1
      }
    },
    {
      "model": "minecraft:item/leather_boots_iron_trim",
      "predicate": {
        "trim_type": 0.2
      }
    },
    {
      "model": "minecraft:item/leather_boots_netherite_trim",
      "predicate": {
        "trim_type": 0.3
      }
    },
    {
      "model": "minecraft:item/leather_boots_redstone_trim",
      "predicate": {
        "trim_type": 0.4
      }
    },
    {
      "model": "minecraft:item/leather_boots_copper_trim",
      "predicate": {
        "trim_type": 0.5
      }
    },
    {
      "model": "minecraft:item/leather_boots_gold_trim",
      "predicate": {
        "trim_type": 0.6
      }
    },
    {
      "model": "minecraft:item/leather_boots_emerald_trim",
      "predicate": {
        "trim_type": 0.7
      }
    },
    {
      "model": "minecraft:item/leather_boots_diamond_trim",
      "predicate": {
        "trim_type": 0.8
      }
    },
    {
      "model": "minecraft:item/leather_boots_lapis_trim",
      "predicate": {
        "trim_type": 0.9
      }
    },
    {
      "model": "minecraft:item/leather_boots_amethyst_trim",
      "predicate": {
        "trim_type": 1
      }
    },
    {
      "predicate": {
        "custom_model_data": 1
      },
      "model": "civilization:item/armor/cactus/boots"
    },
    {
      "model": "civilization:item/armor/cactus/trims/boots_quartz_trim",
      "predicate": {
        "custom_model_data": 1,
        "trim_type": 0.1
      }
    },
    {
      "model": "civilization:item/armor/cactus/trims/boots_iron_trim",
      "predicate": {
        "custom_model_data": 1,
        "trim_type": 0.2
      }
    },
    {
      "model": "civilization:item/armor/cactus/trims/boots_netherite_trim",
      "predicate": {
        "custom_model_data": 1,
        "trim_type": 0.3
      }
    },
    {
      "model": "civilization:item/armor/cactus/trims/boots_redstone_trim",
      "predicate": {
        "custom_model_data": 1,
        "trim_type": 0.4
      }
    },
    {
      "model": "civilization:item/armor/cactus/trims/boots_copper_trim",
      "predicate": {
        "custom_model_data": 1,
        "trim_type": 0.5
      }
    },
    {
      "model": "civilization:item/armor/cactus/trims/boots_gold_trim",
      "predicate": {
        "custom_model_data": 1,
        "trim_type": 0.6
      }
    },
    {
      "model": "civilization:item/armor/cactus/trims/boots_emerald_trim",
      "predicate": {
        "custom_model_data": 1,
        "trim_type": 0.7
      }
    },
    {
      "model": "civilization:item/armor/cactus/trims/boots_diamond_trim",
      "predicate": {
        "custom_model_data": 1,
        "trim_type": 0.8
      }
    },
    {
      "model": "civilization:item/armor/cactus/trims/boots_lapis_trim",
      "predicate": {
        "custom_model_data": 1,
        "trim_type": 0.9
      }
    },
    {
      "model": "civilization:item/armor/cactus/trims/boots_amethyst_trim",
      "predicate": {
        "custom_model_data": 1,
        "trim_type": 1
      }
    },
    {
      "predicate": {
        "custom_model_data": 2
      },
      "model": "civilization:item/armor/ent/boots"
    },
    {
      "predicate": {
        "custom_model_data": 2,
        "trim_type": 0.1
      },
      "model": "civilization:item/armor/ent/trims/boots_quartz_trim"
    },
    {
      "predicate": {
        "custom_model_data": 2,
        "trim_type": 0.2
      },
      "model": "civilization:item/armor/ent/trims/boots_iron_trim"
    },
    {
      "predicate": {
        "custom_model_data": 2,
        "trim_type": 0.3
      },
      "model": "civilization:item/armor/ent/trims/boots_netherite_trim"
    },
    {
      "predicate": {
        "custom_model_data": 2,
        "trim_type": 0.4
      },
      "model": "civilization:item/armor/ent/trims/boots_redstone_trim"
    },
    {
      "predicate": {
        "custom_model_data": 2,
        "trim_type": 0.5
      },
      "model": "civilization:item/armor/ent/trims/boots_copper_trim"
    },
    {
      "predicate": {
        "custom_model_data": 2,
        "trim_type": 0.6
      },
      "model": "civilization:item/armor/ent/trims/boots_gold_trim"
    },
    {
      "predicate": {
        "custom_model_data": 2,
        "trim_type": 0.7
      },
      "model": "civilization:item/armor/ent/trims/boots_emerald_trim"
    },
    {
      "predicate": {
        "custom_model_data": 2,
        "trim_type": 0.8
      },
      "model": "civilization:item/armor/ent/trims/boots_diamond_trim"
    },
    {
      "predicate": {
        "custom_model_data": 2,
        "trim_type": 0.9
      },
      "model": "civilization:item/armor/ent/trims/boots_lapis_trim"
    },
    {
      "predicate": {
        "custom_model_data": 2,
        "trim_type": 1
      },
      "model": "civilization:item/armor/ent/trims/boots_amethyst_trim"
    },
    {
      "predicate": {
        "custom_model_data": 3
      },
      "model": "civilization:item/armor/mushroom/boots"
    },
    {
      "predicate": {
        "custom_model_data": 3,
        "trim_type": 0.1
      },
      "model": "civilization:item/armor/mushroom/trims/boots_quartz_trim"
    },
    {
      "predicate": {
        "custom_model_data": 3,
        "trim_type": 0.2
      },
      "model": "civilization:item/armor/mushroom/trims/boots_iron_trim"
    },
    {
      "predicate": {
        "custom_model_data": 3,
        "trim_type": 0.3
      },
      "model": "civilization:item/armor/mushroom/trims/boots_netherite_trim"
    },
    {
      "predicate": {
        "custom_model_data": 3,
        "trim_type": 0.4
      },
      "model": "civilization:item/armor/mushroom/trims/boots_redstone_trim"
    },
    {
      "predicate": {
        "custom_model_data": 3,
        "trim_type": 0.5
      },
      "model": "civilization:item/armor/mushroom/trims/boots_copper_trim"
    },
    {
      "predicate": {
        "custom_model_data": 3,
        "trim_type": 0.6
      },
      "model": "civilization:item/armor/mushroom/trims/boots_gold_trim"
    },
    {
      "predicate": {
        "custom_model_data": 3,
        "trim_type": 0.7
      },
      "model": "civilization:item/armor/mushroom/trims/boots_emerald_trim"
    },
    {
      "predicate": {
        "custom_model_data": 3,
        "trim_type": 0.8
      },
      "model": "civilization:item/armor/mushroom/trims/boots_diamond_trim"
    },
    {
      "predicate": {
        "custom_model_data": 3,
        "trim_type": 0.9
      },
      "model": "civilization:item/armor/mushroom/trims/boots_lapis_trim"
    },
    {
      "predicate": {
        "custom_model_data": 3,
        "trim_type": 1
      },
      "model": "civilization:item/armor/mushroom/trims/boots_amethyst_trim"
    },
    {
      "predicate": {
        "custom_model_data": 5
      },
      "model": "civilization:item/armor/axolotl/boots"
    },
    {
      "predicate": {
        "custom_model_data": 5,
        "trim_type": 0.1
      },
      "model": "civilization:item/armor/axolotl/trims/boots_quartz_trim"
    },
    {
      "predicate": {
        "custom_model_data": 5,
        "trim_type": 0.2
      },
      "model": "civilization:item/armor/axolotl/trims/boots_iron_trim"
    },
    {
      "predicate": {
        "custom_model_data": 5,
        "trim_type": 0.3
      },
      "model": "civilization:item/armor/axolotl/trims/boots_netherite_trim"
    },
    {
      "predicate": {
        "custom_model_data": 5,
        "trim_type": 0.4
      },
      "model": "civilization:item/armor/axolotl/trims/boots_redstone_trim"
    },
    {
      "predicate": {
        "custom_model_data": 5,
        "trim_type": 0.5
      },
      "model": "civilization:item/armor/axolotl/trims/boots_copper_trim"
    },
    {
      "predicate": {
        "custom_model_data": 5,
        "trim_type": 0.6
      },
      "model": "civilization:item/armor/axolotl/trims/boots_gold_trim"
    },
    {
      "predicate": {
        "custom_model_data": 5,
        "trim_type": 0.7
      },
      "model": "civilization:item/armor/axolotl/trims/boots_emerald_trim"
    },
    {
      "predicate": {
        "custom_model_data": 5,
        "trim_type": 0.8
      },
      "model": "civilization:item/armor/axolotl/trims/boots_diamond_trim"
    },
    {
      "predicate": {
        "custom_model_data": 5,
        "trim_type": 0.9
      },
      "model": "civilization:item/armor/axolotl/trims/boots_lapis_trim"
    },
    {
      "predicate": {
        "custom_model_data": 5,
        "trim_type": 1
      },
      "model": "civilization:item/armor/axolotl/trims/boots_amethyst_trim"
    },
    {
      "predicate": {
        "custom_model_data": 7
      },
      "model": "civilization:item/armor/horse_tamer/boots"
    },
    {
      "predicate": {
        "custom_model_data": 7,
        "trim_type": 0.1
      },
      "model": "civilization:item/armor/horse_tamer/trims/boots_quartz_trim"
    },
    {
      "predicate": {
        "custom_model_data": 7,
        "trim_type": 0.2
      },
      "model": "civilization:item/armor/horse_tamer/trims/boots_iron_trim"
    },
    {
      "predicate": {
        "custom_model_data": 7,
        "trim_type": 0.3
      },
      "model": "civilization:item/armor/horse_tamer/trims/boots_netherite_trim"
    },
    {
      "predicate": {
        "custom_model_data": 7,
        "trim_type": 0.4
      },
      "model": "civilization:item/armor/horse_tamer/trims/boots_redstone_trim"
    },
    {
      "predicate": {
        "custom_model_data": 7,
        "trim_type": 0.5
      },
      "model": "civilization:item/armor/horse_tamer/trims/boots_copper_trim"
    },
    {
      "predicate": {
        "custom_model_data": 7,
        "trim_type": 0.6
      },
      "model": "civilization:item/armor/horse_tamer/trims/boots_gold_trim"
    },
    {
      "predicate": {
        "custom_model_data": 7,
        "trim_type": 0.7
      },
      "model": "civilization:item/armor/horse_tamer/trims/boots_emerald_trim"
    },
    {
      "predicate": {
        "custom_model_data": 7,
        "trim_type": 0.8
      },
      "model": "civilization:item/armor/horse_tamer/trims/boots_diamond_trim"
    },
    {
      "predicate": {
        "custom_model_data": 7,
        "trim_type": 0.9
      },
      "model": "civilization:item/armor/horse_tamer/trims/boots_lapis_trim"
    },
    {
      "predicate": {
        "custom_model_data": 7,
        "trim_type": 1
      },
      "model": "civilization:item/armor/horse_tamer/trims/boots_amethyst_trim"
    },
    {
      "predicate": {
        "custom_model_data": 10
      },
      "model": "minecraft:item/leather_boots"
    }
  ]
}