{
  "parent": "minecraft:item/generated",
  "textures": {
    "layer0": "minecraft:item/leather_leggings",
    "layer1": "minecraft:item/leather_leggings_overlay"
  },
  "overrides": [
    {
      "model": "minecraft:item/leather_leggings_quartz_trim",
      "predicate": {
        "trim_type": 0.1
      }
    },
    {
      "model": "minecraft:item/leather_leggings_iron_trim",
      "predicate": {
        "trim_type": 0.2
      }
    },
    {
      "model": "minecraft:item/leather_leggings_netherite_trim",
      "predicate": {
        "trim_type": 0.3
      }
    },
    {
      "model": "minecraft:item/leather_leggings_redstone_trim",
      "predicate": {
        "trim_type": 0.4
      }
    },
    {
      "model": "minecraft:item/leather_leggings_copper_trim",
      "predicate": {
        "trim_type": 0.5
      }
    },
    {
      "model": "minecraft:item/leather_leggings_gold_trim",
      "predicate": {
        "trim_type": 0.6
      }
    },
    {
      "model": "minecraft:item/leather_leggings_emerald_trim",
      "predicate": {
        "trim_type": 0.7
      }
    },
    {
      "model": "minecraft:item/leather_leggings_diamond_trim",
      "predicate": {
        "trim_type": 0.8
      }
    },
    {
      "model": "minecraft:item/leather_leggings_lapis_trim",
      "predicate": {
        "trim_type": 0.9
      }
    },
    {
      "model": "minecraft:item/leather_leggings_amethyst_trim",
      "predicate": {
        "trim_type": 1
      }
    },
    {
      "predicate": {
        "custom_model_data": 1
      },
      "model": "civilization:item/armor/cactus/leggings"
    },
    {
      "predicate": {
        "custom_model_data": 1,
        "trim_type": 0.1
      },
      "model": "civilization:item/armor/cactus/trims/leggings_quartz_trim"
    },
    {
      "predicate": {
        "custom_model_data": 1,
        "trim_type": 0.2
      },
      "model": "civilization:item/armor/cactus/trims/leggings_iron_trim"
    },
    {
      "predicate": {
        "custom_model_data": 1,
        "trim_type": 0.3
      },
      "model": "civilization:item/armor/cactus/trims/leggings_netherite_trim"
    },
    {
      "predicate": {
        "custom_model_data": 1,
        "trim_type": 0.4
      },
      "model": "civilization:item/armor/cactus/trims/leggings_redstone_trim"
    },
    {
      "predicate": {
        "custom_model_data": 1,
        "trim_type": 0.5
      },
      "model": "civilization:item/armor/cactus/trims/leggings_copper_trim"
    },
    {
      "predicate": {
        "custom_model_data": 1,
        "trim_type": 0.6
      },
      "model": "civilization:item/armor/cactus/trims/leggings_gold_trim"
    },
    {
      "predicate": {
        "custom_model_data": 1,
        "trim_type": 0.7
      },
      "model": "civilization:item/armor/cactus/trims/leggings_emerald_trim"
    },
    {
      "predicate": {
        "custom_model_data": 1,
        "trim_type": 0.8
      },
      "model": "civilization:item/armor/cactus/trims/leggings_diamond_trim"
    },
    {
      "predicate": {
        "custom_model_data": 1,
        "trim_type": 0.9
      },
      "model": "civilization:item/armor/cactus/trims/leggings_lapis_trim"
    },
    {
      "predicate": {
        "custom_model_data": 1,
        "trim_type": 1
      },
      "model": "civilization:item/armor/cactus/trims/leggings_amethyst_trim"
    },
    {
      "predicate": {
        "custom_model_data": 2
      },
      "model": "civilization:item/armor/ent/leggings"
    },
    {
      "predicate": {
        "custom_model_data": 2,
        "trim_type": 0.1
      },
      "model": "civilization:item/armor/ent/trims/leggings_quartz_trim"
    },
    {
      "predicate": {
        "custom_model_data": 2,
        "trim_type": 0.2
      },
      "model": "civilization:item/armor/ent/trims/leggings_iron_trim"
    },
    {
      "predicate": {
        "custom_model_data": 2,
        "trim_type": 0.3
      },
      "model": "civilization:item/armor/ent/trims/leggings_netherite_trim"
    },
    {
      "predicate": {
        "custom_model_data": 2,
        "trim_type": 0.4
      },
      "model": "civilization:item/armor/ent/trims/leggings_redstone_trim"
    },
    {
      "predicate": {
        "custom_model_data": 2,
        "trim_type": 0.5
      },
      "model": "civilization:item/armor/ent/trims/leggings_copper_trim"
    },
    {
      "predicate": {
        "custom_model_data": 2,
        "trim_type": 0.6
      },
      "model": "civilization:item/armor/ent/trims/leggings_gold_trim"
    },
    {
      "predicate": {
        "custom_model_data": 2,
        "trim_type": 0.7
      },
      "model": "civilization:item/armor/ent/trims/leggings_emerald_trim"
    },
    {
      "predicate": {
        "custom_model_data": 2,
        "trim_type": 0.8
      },
      "model": "civilization:item/armor/ent/trims/leggings_diamond_trim"
    },
    {
      "predicate": {
        "custom_model_data": 2,
        "trim_type": 0.9
      },
      "model": "civilization:item/armor/ent/trims/leggings_lapis_trim"
    },
    {
      "predicate": {
        "custom_model_data": 2,
        "trim_type": 1
      },
      "model": "civilization:item/armor/ent/trims/leggings_amethyst_trim"
    },
    {
      "predicate": {
        "custom_model_data": 3
      },
      "model": "civilization:item/armor/mushroom/leggings"
    },
    {
      "predicate": {
        "custom_model_data": 3,
        "trim_type": 0.1
      },
      "model": "civilization:item/armor/mushroom/trims/leggings_quartz_trim"
    },
    {
      "predicate": {
        "custom_model_data": 3,
        "trim_type": 0.2
      },
      "model": "civilization:item/armor/mushroom/trims/leggings_iron_trim"
    },
    {
      "predicate": {
        "custom_model_data": 3,
        "trim_type": 0.3
      },
      "model": "civilization:item/armor/mushroom/trims/leggings_netherite_trim"
    },
    {
      "predicate": {
        "custom_model_data": 3,
        "trim_type": 0.4
      },
      "model": "civilization:item/armor/mushroom/trims/leggings_redstone_trim"
    },
    {
      "predicate": {
        "custom_model_data": 3,
        "trim_type": 0.5
      },
      "model": "civilization:item/armor/mushroom/trims/leggings_copper_trim"
    },
    {
      "predicate": {
        "custom_model_data": 3,
        "trim_type": 0.6
      },
      "model": "civilization:item/armor/mushroom/trims/leggings_gold_trim"
    },
    {
      "predicate": {
        "custom_model_data": 3,
        "trim_type": 0.7
      },
      "model": "civilization:item/armor/mushroom/trims/leggings_emerald_trim"
    },
    {
      "predicate": {
        "custom_model_data": 3,
        "trim_type": 0.8
      },
      "model": "civilization:item/armor/mushroom/trims/leggings_diamond_trim"
    },
    {
      "predicate": {
        "custom_model_data": 3,
        "trim_type": 0.9
      },
      "model": "civilization:item/armor/mushroom/trims/leggings_lapis_trim"
    },
    {
      "predicate": {
        "custom_model_data": 3,
        "trim_type": 1
      },
      "model": "civilization:item/armor/mushroom/trims/leggings_amethyst_trim"
    },
    {
      "predicate": {
        "custom_model_data": 4
      },
      "model": "civilization:item/armor/bandit/leggings"
    },
    {
      "predicate": {
        "custom_model_data": 4,
        "trim_type": 0.1
      },
      "model": "civilization:item/armor/bandit/trims/leggings_quartz_trim"
    },
    {
      "predicate": {
        "custom_model_data": 4,
        "trim_type": 0.2
      },
      "model": "civilization:item/armor/bandit/trims/leggings_iron_trim"
    },
    {
      "predicate": {
        "custom_model_data": 4,
        "trim_type": 0.3
      },
      "model": "civilization:item/armor/bandit/trims/leggings_netherite_trim"
    },
    {
      "predicate": {
        "custom_model_data": 4,
        "trim_type": 0.4
      },
      "model": "civilization:item/armor/bandit/trims/leggings_redstone_trim"
    },
    {
      "predicate": {
        "custom_model_data": 4,
        "trim_type": 0.5
      },
      "model": "civilization:item/armor/bandit/trims/leggings_copper_trim"
    },
    {
      "predicate": {
        "custom_model_data": 4,
        "trim_type": 0.6
      },
      "model": "civilization:item/armor/bandit/trims/leggings_gold_trim"
    },
    {
      "predicate": {
        "custom_model_data": 4,
        "trim_type": 0.7
      },
      "model": "civilization:item/armor/bandit/trims/leggings_emerald_trim"
    },
    {
      "predicate": {
        "custom_model_data": 4,
        "trim_type": 0.8
      },
      "model": "civilization:item/armor/bandit/trims/leggings_diamond_trim"
    },
    {
      "predicate": {
        "custom_model_data": 4,
        "trim_type": 0.9
      },
      "model": "civilization:item/armor/bandit/trims/leggings_lapis_trim"
    },
    {
      "predicate": {
        "custom_model_data": 4,
        "trim_type": 1
      },
      "model": "civilization:item/armor/bandit/trims/leggings_amethyst_trim"
    },
    {
      "predicate": {
        "custom_model_data": 6
      },
      "model": "civilization:item/armor/skeleton/leggings"
    },
    {
      "predicate": {
        "custom_model_data": 6,
        "trim_type": 0.1
      },
      "model": "civilization:item/armor/skeleton/trims/leggings_quartz_trim"
    },
    {
      "predicate": {
        "custom_model_data": 6,
        "trim_type": 0.2
      },
      "model": "civilization:item/armor/skeleton/trims/leggings_iron_trim"
    },
    {
      "predicate": {
        "custom_model_data": 6,
        "trim_type": 0.3
      },
      "model": "civilization:item/armor/skeleton/trims/leggings_netherite_trim"
    },
    {
      "predicate": {
        "custom_model_data": 6,
        "trim_type": 0.4
      },
      "model": "civilization:item/armor/skeleton/trims/leggings_redstone_trim"
    },
    {
      "predicate": {
        "custom_model_data": 6,
        "trim_type": 0.5
      },
      "model": "civilization:item/armor/skeleton/trims/leggings_copper_trim"
    },
    {
      "predicate": {
        "custom_model_data": 6,
        "trim_type": 0.6
      },
      "model": "civilization:item/armor/skeleton/trims/leggings_gold_trim"
    },
    {
      "predicate": {
        "custom_model_data": 6,
        "trim_type": 0.7
      },
      "model": "civilization:item/armor/skeleton/trims/leggings_emerald_trim"
    },
    {
      "predicate": {
        "custom_model_data": 6,
        "trim_type": 0.8
      },
      "model": "civilization:item/armor/skeleton/trims/leggings_diamond_trim"
    },
    {
      "predicate": {
        "custom_model_data": 6,
        "trim_type": 0.9
      },
      "model": "civilization:item/armor/skeleton/trims/leggings_lapis_trim"
    },
    {
      "predicate": {
        "custom_model_data": 6,
        "trim_type": 1
      },
      "model": "civilization:item/armor/skeleton/trims/leggings_amethyst_trim"
    },
    {
      "predicate": {
        "custom_model_data": 10
      },
      "model": "minecraft:item/leather_leggings"
    }
  ]
}