{
  "parent": "minecraft:item/generated",
  "textures": {
    "layer0": "minecraft:item/leather_chestplate",
    "layer1": "minecraft:item/leather_chestplate_overlay"
  },
  "overrides": [
    {
      "model": "minecraft:item/leather_chestplate_quartz_trim",
      "predicate": {
        "trim_type": 0.1
      }
    },
    {
      "model": "minecraft:item/leather_chestplate_iron_trim",
      "predicate": {
        "trim_type": 0.2
      }
    },
    {
      "model": "minecraft:item/leather_chestplate_netherite_trim",
      "predicate": {
        "trim_type": 0.3
      }
    },
    {
      "model": "minecraft:item/leather_chestplate_redstone_trim",
      "predicate": {
        "trim_type": 0.4
      }
    },
    {
      "model": "minecraft:item/leather_chestplate_copper_trim",
      "predicate": {
        "trim_type": 0.5
      }
    },
    {
      "model": "minecraft:item/leather_chestplate_gold_trim",
      "predicate": {
        "trim_type": 0.6
      }
    },
    {
      "model": "minecraft:item/leather_chestplate_emerald_trim",
      "predicate": {
        "trim_type": 0.7
      }
    },
    {
      "model": "minecraft:item/leather_chestplate_diamond_trim",
      "predicate": {
        "trim_type": 0.8
      }
    },
    {
      "model": "minecraft:item/leather_chestplate_lapis_trim",
      "predicate": {
        "trim_type": 0.9
      }
    },
    {
      "model": "minecraft:item/leather_chestplate_amethyst_trim",
      "predicate": {
        "trim_type": 1
      }
    },
    {
      "predicate": {
        "custom_model_data": 1
      },
      "model": "civilization:item/armor/cactus/chestplate"
    },
    {
      "predicate": {
        "custom_model_data": 1,
        "trim_type": 0.1
      },
      "model": "civilization:item/armor/cactus/trims/chestplate_quartz_trim"
    },
    {
      "predicate": {
        "custom_model_data": 1,
        "trim_type": 0.2
      },
      "model": "civilization:item/armor/cactus/trims/chestplate_iron_trim"
    },
    {
      "predicate": {
        "custom_model_data": 1,
        "trim_type": 0.3
      },
      "model": "civilization:item/armor/cactus/trims/chestplate_netherite_trim"
    },
    {
      "predicate": {
        "custom_model_data": 1,
        "trim_type": 0.4
      },
      "model": "civilization:item/armor/cactus/trims/chestplate_redstone_trim"
    },
    {
      "predicate": {
        "custom_model_data": 1,
        "trim_type": 0.5
      },
      "model": "civilization:item/armor/cactus/trims/chestplate_copper_trim"
    },
    {
      "predicate": {
        "custom_model_data": 1,
        "trim_type": 0.6
      },
      "model": "civilization:item/armor/cactus/trims/chestplate_gold_trim"
    },
    {
      "predicate": {
        "custom_model_data": 1,
        "trim_type": 0.7
      },
      "model": "civilization:item/armor/cactus/trims/chestplate_emerald_trim"
    },
    {
      "predicate": {
        "custom_model_data": 1,
        "trim_type": 0.8
      },
      "model": "civilization:item/armor/cactus/trims/chestplate_diamond_trim"
    },
    {
      "predicate": {
        "custom_model_data": 1,
        "trim_type": 0.9
      },
      "model": "civilization:item/armor/cactus/trims/chestplate_lapis_trim"
    },
    {
      "predicate": {
        "custom_model_data": 1,
        "trim_type": 1
      },
      "model": "civilization:item/armor/cactus/trims/chestplate_amethyst_trim"
    },
    {
      "predicate": {
        "custom_model_data": 2
      },
      "model": "civilization:item/armor/ent/chestplate"
    },
    {
      "predicate": {
        "custom_model_data": 2,
        "trim_type": 0.1
      },
      "model": "civilization:item/armor/ent/trims/chestplate_quartz_trim"
    },
    {
      "predicate": {
        "custom_model_data": 2,
        "trim_type": 0.2
      },
      "model": "civilization:item/armor/ent/trims/chestplate_iron_trim"
    },
    {
      "predicate": {
        "custom_model_data": 2,
        "trim_type": 0.3
      },
      "model": "civilization:item/armor/ent/trims/chestplate_netherite_trim"
    },
    {
      "predicate": {
        "custom_model_data": 2,
        "trim_type": 0.4
      },
      "model": "civilization:item/armor/ent/trims/chestplate_redstone_trim"
    },
    {
      "predicate": {
        "custom_model_data": 2,
        "trim_type": 0.5
      },
      "model": "civilization:item/armor/ent/trims/chestplate_copper_trim"
    },
    {
      "predicate": {
        "custom_model_data": 2,
        "trim_type": 0.6
      },
      "model": "civilization:item/armor/ent/trims/chestplate_gold_trim"
    },
    {
      "predicate": {
        "custom_model_data": 2,
        "trim_type": 0.7
      },
      "model": "civilization:item/armor/ent/trims/chestplate_emerald_trim"
    },
    {
      "predicate": {
        "custom_model_data": 2,
        "trim_type": 0.8
      },
      "model": "civilization:item/armor/ent/trims/chestplate_diamond_trim"
    },
    {
      "predicate": {
        "custom_model_data": 2,
        "trim_type": 0.9
      },
      "model": "civilization:item/armor/ent/trims/chestplate_lapis_trim"
    },
    {
      "predicate": {
        "custom_model_data": 2,
        "trim_type": 1
      },
      "model": "civilization:item/armor/ent/trims/chestplate_amethyst_trim"
    },
    {
      "predicate": {
        "custom_model_data": 3
      },
      "model": "civilization:item/armor/mushroom/chestplate"
    },
    {
      "predicate": {
        "custom_model_data": 3,
        "trim_type": 0.1
      },
      "model": "civilization:item/armor/mushroom/trims/chestplate_quartz_trim"
    },
    {
      "predicate": {
        "custom_model_data": 3,
        "trim_type": 0.2
      },
      "model": "civilization:item/armor/mushroom/trims/chestplate_iron_trim"
    },
    {
      "predicate": {
        "custom_model_data": 3,
        "trim_type": 0.3
      },
      "model": "civilization:item/armor/mushroom/trims/chestplate_netherite_trim"
    },
    {
      "predicate": {
        "custom_model_data": 3,
        "trim_type": 0.4
      },
      "model": "civilization:item/armor/mushroom/trims/chestplate_redstone_trim"
    },
    {
      "predicate": {
        "custom_model_data": 3,
        "trim_type": 0.5
      },
      "model": "civilization:item/armor/mushroom/trims/chestplate_copper_trim"
    },
    {
      "predicate": {
        "custom_model_data": 3,
        "trim_type": 0.6
      },
      "model": "civilization:item/armor/mushroom/trims/chestplate_gold_trim"
    },
    {
      "predicate": {
        "custom_model_data": 3,
        "trim_type": 0.7
      },
      "model": "civilization:item/armor/mushroom/trims/chestplate_emerald_trim"
    },
    {
      "predicate": {
        "custom_model_data": 3,
        "trim_type": 0.8
      },
      "model": "civilization:item/armor/mushroom/trims/chestplate_diamond_trim"
    },
    {
      "predicate": {
        "custom_model_data": 3,
        "trim_type": 0.9
      },
      "model": "civilization:item/armor/mushroom/trims/chestplate_lapis_trim"
    },
    {
      "predicate": {
        "custom_model_data": 3,
        "trim_type": 1
      },
      "model": "civilization:item/armor/mushroom/trims/chestplate_amethyst_trim"
    },
    {
      "predicate": {
        "custom_model_data": 10
      },
      "model": "minecraft:item/leather_chestplate"
    }
  ]
}