{
  "parent": "minecraft:item/handheld",
  "textures": {
    "layer0": "minecraft:item/netherite_sword"
  },
  "overrides": [
    {
      "predicate": {
        "custom_model_data": 1
      },
      "model": "civilization:item/tools/dragon_katana/normal"
    },
    {
      "predicate": {
        "custom_model_data": 2
      },
      "model": "civilization:item/tools/light_netherite_sword"
    },
    {
      "predicate": {
        "custom_model_data": 3
      },
      "model": "civilization:item/tools/excalibur_sword/normal"
    },
    {
      "predicate": {
        "custom_model_data": 4
      },
      "model": "civilization:item/tools/dragon_katana/dragonbreath"
    },
    {
      "predicate": {
        "custom_model_data": 5
      },
      "model": "civilization:item/tools/excalibur_sword/radiant"
    },
    {
      "predicate": {
        "custom_model_data": 6
      },
      "model": "item/netherite_sword"
    }
  ]
}