{
    "parent": "item/generated",
    "textures": {
        "layer0": "item/paper"
    },
    "overrides": [
        {
            "predicate": {
                "custom_model_data": 1
            },
            "model": "item/icon-1"
        },
        {
            "predicate": {
                "custom_model_data": 3
            },
            "model":"civilization:item/ui/cosmetics"
        },
        {
            "predicate": {
                "custom_model_data": 11
            },
            "model": "civilization:item/ui/button_back"
        },
        {
            "predicate": {
                "custom_model_data": 12
            },
            "model": "civilization:item/ui/button_exit"
        },
        {
            "predicate": {
                "custom_model_data": 13
            },
            "model": "civilization:item/ui/button_info"
        },
        {
            "predicate": {
                "custom_model_data": 14
            },
            "model": "civilization:item/ui/button_shop"
        },
        {
            "predicate": {
                "custom_model_data": 234
            },
            "model": "civilization:item/ui/mystery_chests/fire_crate_may_2024"
        },
        {
            "predicate": {
                "custom_model_data": 235
            },
            "model": "civilization:item/ui/mystery_chests/fire_question_mark"
        }
    ]
}
