{
  "parent": "minecraft:item/template_skull",
  "overrides": [
    {
      "predicate": {
        "custom_model_data": 10
      },
      "model": "civilization:item/player_head/2d_head"
    },
    {
      "predicate": {
        "custom_model_data": 11
      },
      "model": "civilization:item/player_head/2d_party_head"
    },
    {
      "predicate": {
        "custom_model_data": 12
      },
      "model": "civilization:item/player_head/2d_profile_head"
    },
    {
      "predicate": {
        "custom_model_data": 13
      },
      "model": "minecraft:item/template_skull"
    }
  ]
}