{
  "parent": "item/generated",
  "textures": {
    "layer0": "item/plenty_pottery_sherd"
  },
  "overrides": [
    {
      "predicate": {
        "custom_model_data": 1
      },
      "model": "item/coal"
    },
    {
      "predicate": {
        "custom_model_data": 2
      },
      "model": "item/copper_ingot"
    },
    {
      "predicate": {
        "custom_model_data": 3
      },
      "model": "item/iron_ingot"
    },
    {
      "predicate": {
        "custom_model_data": 4
      },
      "model": "item/gold_ingot"
    },
    {
      "predicate": {
        "custom_model_data": 5
      },
      "model": "item/emerald"
    },
    {
      "predicate": {
        "custom_model_data": 6
      },
      "model": "item/redstone"
    },
    {
      "predicate": {
        "custom_model_data": 7
      },
      "model": "item/lapis_lazuli"
    },
    {
      "predicate": {
        "custom_model_data": 8
      },
      "model": "item/diamond"
    },
    {
      "predicate": {
        "custom_model_data": 9
      },
      "model": "item/wheat"
    },
    {
      "predicate": {
        "custom_model_data": 10
      },
      "model": "item/sugar_cane"
    },
    {
      "predicate": {
        "custom_model_data": 11
      },
      "model": "item/carrot"
    },
    {
      "predicate": {
        "custom_model_data": 12
      },
      "model": "item/potato"
    },
    {
      "predicate": {
        "custom_model_data": 13
      },
      "model": "item/melon_slice"
    },
    {
      "predicate": {
        "custom_model_data": 14
      },
      "model": "block/pumpkin"
    },
    {
      "predicate": {
        "custom_model_data": 15
      },
      "model": "item/beetroot"
    },
    {
      "predicate": {
        "custom_model_data": 16
      },
      "model": "item/apple"
    },
    {
      "predicate": {
        "custom_model_data": 17
      },
      "model": "block/cactus"
    },
    {
      "predicate": {
        "custom_model_data": 18
      },
      "model": "item/salmon"
    },
    {
      "predicate": {
        "custom_model_data": 19
      },
      "model": "item/cod"
    },
    {
      "predicate": {
        "custom_model_data": 20
      },
      "model": "item/tropical_fish"
    },
    {
      "predicate": {
        "custom_model_data": 21
      },
      "model": "item/rotten_flesh"
    },
    {
      "predicate": {
        "custom_model_data": 22
      },
      "model": "item/bone"
    },
    {
      "predicate": {
        "custom_model_data": 23
      },
      "model": "item/gunpowder"
    },
    {
      "predicate": {
        "custom_model_data": 24
      },
      "model": "item/blaze_rod"
    },
    {
      "predicate": {
        "custom_model_data": 25
      },
      "model": "item/spider_eye"
    },
    {
      "predicate": {
        "custom_model_data": 26
      },
      "model": "item/plenty_pottery_sherd"
    }
  ]
}