{
  "parent": "minecraft:item/generated",
  "textures": {
    "layer0": "minecraft:block/poppy"
  },
  "overrides": [
    {
      "predicate": {
        "custom_model_data": 1
      },
      "model": "civilization:item/decor/halloween/skulls/villager_skull_1"
    },
    {
      "predicate": {
        "custom_model_data": 2
      },
      "model": "civilization:item/decor/halloween/skulls/villager_skull_2"
    },
    {
      "predicate": {
        "custom_model_data": 3
      },
      "model": "civilization:item/decor/halloween/skulls/piglin_skull"
    },
    {
      "predicate": {
        "custom_model_data": 4
      },
      "model": "civilization:item/decor/halloween/broom"
    },
    {
      "predicate": {
        "custom_model_data": 5
      },
      "model": "civilization:item/decor/halloween/cleaver"
    },
    {
      "predicate": {
        "custom_model_data": 6
      },
      "model": "civilization:item/decor/halloween/skeleton_statue"
    },
    {
      "predicate": {
        "custom_model_data": 7
      },
      "model": "civilization:item/decor/halloween/witch_cauldron"
    },
    {
      "predicate": {
        "custom_model_data": 8
      },
      "model": "civilization:item/decor/halloween/zombie_hand"
    },
    {
      "predicate": {
        "custom_model_data": 9
      },
      "model": "civilization:item/decor/halloween/pumpkins/carved_pumpkin_1"
    },
    {
      "predicate": {
        "custom_model_data": 10
      },
      "model": "civilization:item/decor/halloween/pumpkins/carved_pumpkin_2"
    },
    {
      "predicate": {
        "custom_model_data": 11
      },
      "model": "civilization:item/decor/halloween/pumpkins/carved_pumpkin_3"
    },
    {
      "predicate": {
        "custom_model_data": 12
      },
      "model": "civilization:item/decor/halloween/pumpkins/monstrous_pumpkin"
    },
    {
      "predicate": {
        "custom_model_data": 13
      },
      "model": "civilization:item/decor/halloween/pumpkins/stacked_pumpkins"
    },
    {
      "predicate": {
        "custom_model_data": 14
      },
      "model": "civilization:item/decor/halloween/pumpkins/uncarved_pumpkin_1"
    },
    {
      "predicate": {
        "custom_model_data": 15
      },
      "model": "civilization:item/decor/halloween/pumpkins/uncarved_pumpkin_2"
    },
    {
      "predicate": {
        "custom_model_data": 16
      },
      "model": "civilization:item/decor/halloween/pumpkins/uncarved_pumpkin_3"
    },
    {
      "predicate": {
        "custom_model_data": 17
      },
      "model": "civilization:item/decor/halloween/tombstones/tombstone_1"
    },
    {
      "predicate": {
        "custom_model_data": 18
      },
      "model": "civilization:item/decor/halloween/tombstones/tombstone_2"
    },
    {
      "predicate": {
        "custom_model_data": 19
      },
      "model": "civilization:item/decor/halloween/tombstones/tombstone_3"
    },
    {
      "predicate": {
        "custom_model_data": 20
      },
      "model": "civilization:item/decor/halloween/tombstones/tombstone_4"
    },
    {
      "predicate": {
        "custom_model_data": 21
      },
      "model": "civilization:item/gameplay/launch_pad"
    },
    {
      "predicate": {
        "custom_model_data": 22
      },
      "model": "civilization:item/gameplay/launch_pad_2"
    },
    {
      "predicate": {
        "custom_model_data": 23
      },
      "model": "civilization:item/gameplay/launch_pad_2_disabled"
    },
    {
      "predicate": {
        "custom_model_data": 27
      },
      "model": "civilization:item/decor/gems"
    },
    {
      "predicate": {
        "custom_model_data": 28
      },
      "model": "civilization:item/decor/gems_barrel"
    },
    {
      "predicate": {
        "custom_model_data": 29
      },
      "model": "civilization:item/decor/gems_small"
    },
    {
      "predicate": {
        "custom_model_data": 30
      },
      "model": "minecraft:block/poppy"
    }
  ]
}