{"parent":"item/generated","textures":{"layer0":"item/potion_overlay","layer1":"item/potion"},"overrides":[{"predicate":{"custom_model_data":1},"model":"civilization:item/ui/panacea_potion"},{"predicate":{"custom_model_data":2},"model":"civilization:item/ui/panacea_potion_2"},{"predicate":{"custom_model_data":3},"model":"civilization:item/ui/panacea_potion_3"},{"predicate":{"custom_model_data":4},"model":"civilization:item/ui/panacea_potion_4"},{"predicate":{"custom_model_data":5},"model":"civilization:item/ui/panacea_potion_5"},{"predicate":{"custom_model_data":6},"model":"item/potion"}]}