{"parent":"minecraft:item/generated","textures":{"layer0":"minecraft:item/shelter_pottery_sherd"},"overrides":[{"predicate":{"custom_model_data":1},"model":"civilization:item/ui/panacea_potion_empty"},{"predicate":{"custom_model_data":2},"model":"civilization:item/ui/panacea_potion_empty_2"},{"predicate":{"custom_model_data":3},"model":"civilization:item/ui/panacea_potion_empty_3"},{"predicate":{"custom_model_data":4},"model":"civilization:item/ui/panacea_potion_empty_4"},{"predicate":{"custom_model_data":5},"model":"civilization:item/ui/panacea_potion_empty_5"},{"predicate":{"custom_model_data":6},"model":"item/glass_bottle"}]}