{"parent":"minecraft:item/generated","textures":{"layer0":"minecraft:item/snowball"},"overrides":[{"predicate":{"custom_model_data":1},"model":"civilization:item/ui/classes/looter_1"},{"predicate":{"custom_model_data":2},"model":"civilization:item/ui/classes/looter_2"},{"predicate":{"custom_model_data":3},"model":"civilization:item/ui/classes/looter_3"},{"predicate":{"custom_model_data":4},"model":"civilization:item/ui/classes/looter_4"},{"predicate":{"custom_model_data":5},"model":"civilization:item/ui/classes/looter_5"},{"predicate":{"custom_model_data":6},"model":"civilization:item/ui/iceball"},{"predicate":{"custom_model_data":7},"model":"civilization:item/ui/classes/miner_1"},{"predicate":{"custom_model_data":8},"model":"civilization:item/ui/classes/miner_2"},{"predicate":{"custom_model_data":9},"model":"civilization:item/ui/classes/miner_3"},{"predicate":{"custom_model_data":10},"model":"civilization:item/ui/classes/miner_4"},{"predicate":{"custom_model_data":11},"model":"civilization:item/ui/classes/miner_5"},{"predicate":{"custom_model_data":13},"model":"civilization:item/ui/classes/warrior_1"},{"predicate":{"custom_model_data":14},"model":"civilization:item/ui/classes/warrior_2"},{"predicate":{"custom_model_data":15},"model":"civilization:item/ui/classes/warrior_3"},{"predicate":{"custom_model_data":16},"model":"civilization:item/ui/classes/warrior_4"},{"predicate":{"custom_model_data":17},"model":"civilization:item/ui/classes/warrior_5"},{"predicate":{"custom_model_data":19},"model":"civilization:item/ui/perks/experience_boost_1"},{"predicate":{"custom_model_data":20},"model":"civilization:item/ui/perks/experience_boost_2"},{"predicate":{"custom_model_data":21},"model":"civilization:item/ui/perks/experience_boost_3"},{"predicate":{"custom_model_data":22},"model":"civilization:item/ui/perks/experience_boost_4"},{"predicate":{"custom_model_data":23},"model":"civilization:item/ui/perks/experience_boost_5"},{"predicate":{"custom_model_data":24},"model":"civilization:item/ui/perks/haste_1"},{"predicate":{"custom_model_data":25},"model":"civilization:item/ui/perks/haste_2"},{"predicate":{"custom_model_data":26},"model":"civilization:item/ui/perks/haste_3"},{"predicate":{"custom_model_data":27},"model":"civilization:item/ui/perks/haste_4"},{"predicate":{"custom_model_data":28},"model":"civilization:item/ui/perks/haste_5"},{"predicate":{"custom_model_data":28},"model":"civilization:item/ui/perks/haste_5"},{"predicate":{"custom_model_data":29},"model":"civilization:item/ui/perks/speed_1"},{"predicate":{"custom_model_data":30},"model":"civilization:item/ui/perks/speed_2"},{"predicate":{"custom_model_data":31},"model":"civilization:item/ui/perks/speed_3"},{"predicate":{"custom_model_data":32},"model":"civilization:item/ui/perks/speed_4"},{"predicate":{"custom_model_data":33},"model":"civilization:item/ui/perks/speed_5"},{"predicate":{"custom_model_data":34},"model":"civilization:item/ui/perks/starter_health_1"},{"predicate":{"custom_model_data":35},"model":"civilization:item/ui/perks/starter_health_2"},{"predicate":{"custom_model_data":36},"model":"civilization:item/ui/perks/starter_health_3"},{"predicate":{"custom_model_data":37},"model":"civilization:item/ui/perks/starter_health_4"},{"predicate":{"custom_model_data":38},"model":"civilization:item/ui/perks/starter_health_5"},{"predicate":{"custom_model_data":39},"model":"civilization:item/ui/classes/archer_1"},{"predicate":{"custom_model_data":40},"model":"civilization:item/ui/classes/archer_2"},{"predicate":{"custom_model_data":41},"model":"civilization:item/ui/classes/archer_3"},{"predicate":{"custom_model_data":42},"model":"civilization:item/ui/classes/archer_4"},{"predicate":{"custom_model_data":43},"model":"civilization:item/ui/classes/archer_5"},{"predicate":{"custom_model_data":45},"model":"civilization:item/ui/perks/golden_bounty_1"},{"predicate":{"custom_model_data":46},"model":"civilization:item/ui/perks/golden_bounty_2"},{"predicate":{"custom_model_data":47},"model":"civilization:item/ui/perks/golden_bounty_3"},{"predicate":{"custom_model_data":48},"model":"civilization:item/ui/perks/golden_bounty_4"},{"predicate":{"custom_model_data":49},"model":"civilization:item/ui/perks/golden_bounty_5"},{"predicate":{"custom_model_data":50},"model":"civilization:item/ui/perks/saturation_1"},{"predicate":{"custom_model_data":51},"model":"civilization:item/ui/perks/saturation_2"},{"predicate":{"custom_model_data":52},"model":"civilization:item/ui/perks/saturation_3"},{"predicate":{"custom_model_data":53},"model":"civilization:item/ui/perks/saturation_4"},{"predicate":{"custom_model_data":54},"model":"civilization:item/ui/perks/saturation_5"},{"predicate":{"custom_model_data":55},"model":"civilization:item/ui/classes/trapper_1"},{"predicate":{"custom_model_data":56},"model":"civilization:item/ui/classes/trapper_2"},{"predicate":{"custom_model_data":57},"model":"civilization:item/ui/classes/trapper_3"},{"predicate":{"custom_model_data":58},"model":"civilization:item/ui/classes/trapper_4"},{"predicate":{"custom_model_data":59},"model":"civilization:item/ui/classes/trapper_5"},{"predicate":{"custom_model_data":60},"model":"civilization:item/ui/paintball/white"},{"predicate":{"custom_model_data":61},"model":"civilization:item/ui/paintball/light_gray"},{"predicate":{"custom_model_data":62},"model":"civilization:item/ui/paintball/gray"},{"predicate":{"custom_model_data":63},"model":"civilization:item/ui/paintball/black"},{"predicate":{"custom_model_data":64},"model":"civilization:item/ui/paintball/brown"},{"predicate":{"custom_model_data":65},"model":"civilization:item/ui/paintball/red"},{"predicate":{"custom_model_data":66},"model":"civilization:item/ui/paintball/orange"},{"predicate":{"custom_model_data":67},"model":"civilization:item/ui/paintball/yellow"},{"predicate":{"custom_model_data":68},"model":"civilization:item/ui/paintball/lime"},{"predicate":{"custom_model_data":69},"model":"civilization:item/ui/paintball/green"},{"predicate":{"custom_model_data":70},"model":"civilization:item/ui/paintball/cyan"},{"predicate":{"custom_model_data":71},"model":"civilization:item/ui/paintball/light_blue"},{"predicate":{"custom_model_data":72},"model":"civilization:item/ui/paintball/blue"},{"predicate":{"custom_model_data":73},"model":"civilization:item/ui/paintball/purple"},{"predicate":{"custom_model_data":74},"model":"civilization:item/ui/paintball/magenta"},{"predicate":{"custom_model_data":75},"model":"civilization:item/ui/paintball/pink"},{"predicate":{"custom_model_data":76},"model":"civilization:item/ui/delivery_man/delivery_gift"},{"predicate":{"custom_model_data":77},"model":"civilization:item/ui/delivery_man/delivery_gift_open"},{"predicate":{"custom_model_data":78},"model":"civilization:item/ui/delivery_man/findmcserver_gift"},{"predicate":{"custom_model_data":79},"model":"civilization:item/ui/delivery_man/findmcserver_gift_open"},{"predicate":{"custom_model_data":80},"model":"civilization:item/ui/delivery_man/namemc_gift"},{"predicate":{"custom_model_data":81},"model":"civilization:item/ui/delivery_man/namemc_gift_open"},{"predicate":{"custom_model_data":82},"model":"civilization:item/ui/delivery_man/twitter_gift"},{"predicate":{"custom_model_data":83},"model":"civilization:item/ui/delivery_man/twitter_gift_open"},{"predicate":{"custom_model_data":84},"model":"civilization:item/ui/delivery_man/youtube_gift"},{"predicate":{"custom_model_data":85},"model":"civilization:item/ui/delivery_man/youtube_gift_open"},{"predicate":{"custom_model_data":86},"model":"civilization:item/ui/best_of/1"},{"predicate":{"custom_model_data":87},"model":"civilization:item/ui/best_of/3"},{"predicate":{"custom_model_data":88},"model":"civilization:item/ui/best_of/5"},{"predicate":{"custom_model_data":89},"model":"civilization:item/ui/best_of/7"},{"predicate":{"custom_model_data":90},"model":"civilization:item/ui/paintball/sonic"},{"predicate":{"custom_model_data":91},"model":"civilization:item/ui/classes/fisherman_1"},{"predicate":{"custom_model_data":92},"model":"civilization:item/ui/classes/fisherman_2"},{"predicate":{"custom_model_data":93},"model":"civilization:item/ui/classes/fisherman_3"},{"predicate":{"custom_model_data":94},"model":"civilization:item/ui/classes/fisherman_4"},{"predicate":{"custom_model_data":95},"model":"civilization:item/ui/classes/fisherman_5"},{"predicate":{"custom_model_data":96},"model":"civilization:item/ui/delivery_man/discord_custom_game_role_gift"},{"predicate":{"custom_model_data":97},"model":"civilization:item/ui/delivery_man/discord_custom_game_role_gift_open"},{"predicate":{"custom_model_data":98},"model":"minecraft:item/snowball"}]}