{"parent":"minecraft:item/handheld","textures":{"layer0":"minecraft:item/stone_axe"},"overrides":[{"predicate":{"custom_model_data":1},"model":"civilization:item/tools/mjolnir/normal"},{"predicate":{"custom_model_data":2},"model":"civilization:item/tools/void_blossom"},{"predicate":{"custom_model_data":3},"model":"civilization:item/tools/golem_hammer/normal"},{"predicate":{"custom_model_data":4},"model":"civilization:item/tools/golem_hammer/resonant"},{"predicate":{"custom_model_data":5},"model":"civilization:item/tools/mjolnir/valentine"},{"predicate":{"custom_model_data":7},"model":"item/stone_axe"}]}