{"parent":"minecraft:item/handheld","textures":{"layer0":"minecraft:item/stone_sword"},"overrides":[{"predicate":{"custom_model_data":1},"model":"civilization:item/tools/warrior_sword/normal"},{"predicate":{"custom_model_data":2},"model":"civilization:item/tools/lich_staff"},{"predicate":{"custom_model_data":3},"model":"civilization:item/tools/warrior_sword/prestiged"},{"predicate":{"custom_model_data":4},"model":"civilization:item/tools/void_staff/teleport"},{"predicate":{"custom_model_data":5},"model":"civilization:item/tools/void_staff/shulker"},{"predicate":{"custom_model_data":6},"model":"civilization:item/tools/hypnosis_staff/normal"},{"predicate":{"custom_model_data":7},"model":"civilization:item/tools/evoker_wand/normal"},{"predicate":{"custom_model_data":8},"model":"civilization:item/tools/evoker_wand/frostbite"},{"predicate":{"custom_model_data":10},"model":"civilization:item/tools/hypnosis_staff/eggstatic"},{"predicate":{"custom_model_data":11},"model":"civilization:item/tools/villager_wand"},{"predicate":{"custom_model_data":12},"model":"item/stone_sword"}]}