{"parent":"minecraft:item/generated","textures":{"layer0":"minecraft:item/suspicious_stew"},"overrides":[{"predicate":{"custom_model_data":1},"model":"civilization:item/food/halloween_candy_green"},{"predicate":{"custom_model_data":2},"model":"civilization:item/food/halloween_candy_orange"},{"predicate":{"custom_model_data":3},"model":"civilization:item/food/halloween_candy_purple"},{"predicate":{"custom_model_data":4},"model":"civilization:item/food/candy_cane_red"},{"predicate":{"custom_model_data":5},"model":"civilization:item/food/candy_cane_blue"},{"predicate":{"custom_model_data":6},"model":"civilization:item/food/candy_cane_green"},{"predicate":{"custom_model_data":7},"model":"civilization:item/food/candy_cane_magenta"},{"predicate":{"custom_model_data":8},"model":"civilization:item/food/beetroot_soup"},{"predicate":{"custom_model_data":9},"model":"minecraft:item/suspicious_stew"}]}