{
  "parent": "minecraft:item/generated",
  "textures": {
    "layer0": "minecraft:item/turtle_scute"
  },
  "overrides": [
    {
      "predicate": {
        "custom_model_data": 1
      },
      "model": "civilization:item/cosmetics/models/tombstone"
    },
    {
      "predicate": {
        "custom_model_data": 2
      },
      "model": "civilization:item/cosmetics/models/cannon"
    },
    {
      "predicate": {
        "custom_model_data": 3
      },
      "model": "civilization:item/cosmetics/models/ancient_guardian"
    },
    {
      "predicate": {
        "custom_model_data": 4
      },
      "model": "civilization:item/cosmetics/models/rocket"
    },
    {
      "predicate": {
        "custom_model_data": 5
      },
      "model": "civilization:item/cosmetics/models/volcano_victory"
    },
    {
      "predicate": {
        "custom_model_data": 6
      },
      "model": "civilization:item/cosmetics/models/kings_throne"
    },
    {
      "predicate": {
        "custom_model_data": 7
      },
      "model": "civilization:item/cosmetics/models/magic_wand"
    },
    {
      "predicate": {
        "custom_model_data": 8
      },
      "model": "civilization:item/cosmetics/models/vacuum"
    },
    {
      "predicate": {
        "custom_model_data": 9
      },
      "model": "civilization:item/cosmetics/models/scarecrow_no_head"
    },
    {
      "predicate": {
        "custom_model_data": 10
      },
      "model": "civilization:item/cosmetics/models/scarecrow_with_head"
    },
    {
      "predicate": {
        "custom_model_data": 11
      },
      "model": "civilization:item/cosmetics/models/1year_cake"
    },
    {
      "predicate": {
        "custom_model_data": 12
      },
      "model": "civilization:item/cosmetics/models/1year_cake_large"
    },
    {
      "predicate": {
        "custom_model_data": 13
      },
      "model": "minecraft:item/turtle_scute"
    }
  ]
}