{"parent":"minecraft:item/handheld","textures":{"layer0":"minecraft:item/wooden_shovel"},"overrides":[{"predicate":{"custom_model_data":1},"model":"civilization:item/tools/pufferfish_cannon/normal/default"},{"predicate":{"custom_model_data":2},"model":"civilization:item/tools/pufferfish_cannon/normal/pulling/1"},{"predicate":{"custom_model_data":3},"model":"civilization:item/tools/pufferfish_cannon/normal/pulling/2"},{"predicate":{"custom_model_data":4},"model":"civilization:item/tools/pufferfish_cannon/normal/pulling/3"},{"predicate":{"custom_model_data":5},"model":"civilization:item/tools/pufferfish_cannon/normal/pulling/4"},{"predicate":{"custom_model_data":6},"model":"civilization:item/tools/pufferfish_cannon/fishflop/default"},{"predicate":{"custom_model_data":7},"model":"civilization:item/tools/pufferfish_cannon/fishflop/pulling/1"},{"predicate":{"custom_model_data":8},"model":"civilization:item/tools/pufferfish_cannon/fishflop/pulling/2"},{"predicate":{"custom_model_data":10},"model":"civilization:item/tools/pufferfish_cannon/fishflop/pulling/3"},{"predicate":{"custom_model_data":11},"model":"minecraft:item/wooden_shovel"}]}