{"model":{"type":"range_dispatch","property":"custom_model_data","entries":[{"threshold":1,"model":{"type":"model","model":"civilization:item/attachables/camel_armor/camel_armor_diamond"}},{"threshold":2,"model":{"type":"model","model":"civilization:item/attachables/camel_armor/camel_armor_diamond_red"}},{"threshold":3,"model":{"type":"model","model":"civilization:item/attachables/camel_armor/camel_armor_diamond_saddle"}},{"threshold":4,"model":{"type":"model","model":"civilization:item/attachables/camel_armor/camel_armor_diamond_red_saddle"}},{"threshold":5,"model":{"type":"model","model":"block/allium"}}],"fallback":{"type":"model","model":"item/allium"}}}