{"model":{"type":"range_dispatch","property":"custom_model_data","entries":[{"threshold":1,"model":{"type":"model","model":"civilization:item/blocks/heavy_core_item"}},{"threshold":2,"model":{"type":"model","model":"civilization:item/blocks/dehydrated_ghast/0"}},{"threshold":3,"model":{"type":"model","model":"civilization:item/blocks/dehydrated_ghast/25"}},{"threshold":4,"model":{"type":"model","model":"civilization:item/blocks/dehydrated_ghast/50"}},{"threshold":5,"model":{"type":"model","model":"civilization:item/blocks/dehydrated_ghast/75"}},{"threshold":6,"model":{"type":"model","model":"item/angler_pottery_sherd"}}],"fallback":{"type":"model","model":"item/angler_pottery_sherd"}}}