{"model":{"type":"range_dispatch","property":"custom_model_data","entries":[{"threshold":1,"model":{"type":"model","model":"civilization:item/cosmetics/models/rocket_launcher/rocket_projectile"}},{"threshold":2,"model":{"type":"model","model":"civilization:item/tools/aiglos/normal/projectile"}},{"threshold":3,"model":{"type":"model","model":"civilization:item/tools/poseidon_trident/normal/projectile"}},{"threshold":4,"model":{"type":"model","model":"civilization:item/tools/harpoon_launcher/projectile"}},{"threshold":8,"model":{"type":"model","model":"civilization:item/tools/aiglos/serpentine/projectile"}},{"threshold":9,"model":{"type":"model","model":"civilization:item/tools/poseidon_trident/guardian/projectile"}},{"threshold":11,"model":{"type":"model","model":"civilization:item/tools/frog_crossbow/projectile"}},{"threshold":12,"model":{"type":"model","model":"item/arrow"}}],"fallback":{"type":"model","model":"item/arrow"}}}