{
    "model": {
        "type": "range_dispatch",
        "property": "custom_model_data",
        "entries": [
            {
                "threshold": 1,
                "model": {
                    "type": "model",
                    "model": "civilization:item/cosmetics/models/rocket_launcher/rocket_launcher"
                }
            },
            {
                "threshold": 2,
                "model": {
                    "type": "model",
                    "model": "civilization:item/cosmetics/models/paintball_gun"
                }
            },
            {
                "threshold": 3,
                "model": {
                    "type": "model",
                    "model": "civilization:item/cosmetics/models/snowball_blaster"
                }
            },
            {
                "threshold": 4,
                "model": {
                    "type": "model",
                    "model": "civilization:item/cosmetics/models/sculk_blaster"
                }
            },
            {
                "threshold": 5,
                "model": {
                    "type": "model",
                    "model": "civilization:item/cosmetics/models/aqua_blaster"
                }
            },
            {
                "threshold": 6,
                "model": {
                    "type": "model",
                    "model": "civilization:item/cosmetics/models/flamethrower"
                }
            },
            {
                "threshold": 7,
                "model": {
                    "type": "model",
                    "model": "civilization:item/tools/guardian_cannon/default"
                }
            },
            {
                "threshold": 8,
                "model": {
                    "type": "model",
                    "model": "civilization:item/tools/harpoon_launcher/default"
                }
            },
            {
                "threshold": 9,
                "model": {
                    "type": "model",
                    "model": "civilization:item/tools/horn_of_winter"
                }
            },
            {
                "threshold": 10,
                "model": {
                    "type": "model",
                    "model": "civilization:item/tools/shrink_ray/normal/default"
                }
            },
            {
                "threshold": 11,
                "model": {
                    "type": "model",
                    "model": "civilization:item/cosmetics/models/fart_gun"
                }
            },
            {
                "threshold": 12,
                "model": {
                    "type": "model",
                    "model": "civilization:item/cosmetics/models/firework_gun"
                }
            },
            {
                "threshold": 13,
                "model": {
                    "type": "model",
                    "model": "civilization:item/cosmetics/models/wind_charge_launcher"
                }
            },
            {
                "threshold": 14,
                "model": {
                    "type": "model",
                    "model": "civilization:item/cosmetics/models/pumpkin_launcher"
                }
            },
            {
                "threshold": 15,
                "model": {
                    "type": "model",
                    "model": "civilization:item/tools/shrink_ray/void_singularity/default"
                }
            },
            {
                "threshold": 16,
                "model": {
                    "type": "model",
                    "model": "civilization:item/tools/frog_crossbow/default"
                }
            },
            {
                "threshold": 17,
                "model": {
                    "type": "model",
                    "model": "civilization:item/tools/soul_gauntlet"
                }
            },
            {
                "threshold": 18,
                "model": {
                    "type": "model",
                    "model": "civilization:item/tools/ghastly_whistle"
                }
            },
            {
                "threshold": 19,
                "model": {
                    "type": "model",
                    "model": "item/blaze_rod"
                }
            },
            {
                "threshold": 20,
                "model": {
                    "type": "model",
                    "model": "civilization:item/tools/egg_staff/default"
                }
            }
        ],
        "fallback": {
            "type": "model",
            "model": "item/blaze_rod"
        }
    }
}