{"model":{"type":"range_dispatch","property":"custom_model_data","entries":[{"threshold":1,"model":{"type":"model","model":"civilization:item/wearable/wings/ender_dragon_wings"}},{"threshold":2,"model":{"type":"model","model":"civilization:item/wearable/wings/golden_wings"}},{"threshold":3,"model":{"type":"model","model":"civilization:item/wearable/wings/spiderweb_wings"}},{"threshold":4,"model":{"type":"model","model":"civilization:item/wearable/wings/autumn_wings"}},{"threshold":5,"model":{"type":"model","model":"civilization:item/wearable/wings/pastel_wings"}},{"threshold":6,"model":{"type":"model","model":"item/blaze_powder"}}],"fallback":{"type":"model","model":"item/blaze_powder"}}}