{"model":{"type":"range_dispatch","property":"custom_model_data","entries":[{"threshold":1,"model":{"type":"model","model":"civilization:item/cosmetics/pets/snowman_pet"}},{"threshold":2,"model":{"type":"model","model":"civilization:item/cosmetics/pets/baby_ender_dragon_pet"}},{"threshold":3,"model":{"type":"model","model":"civilization:item/cosmetics/pets/pink_fox_pet"}},{"threshold":4,"model":{"type":"model","model":"civilization:item/cosmetics/pets/baby_warden_pet"}},{"threshold":5,"model":{"type":"model","model":"civilization:item/cosmetics/pets/crab_pet"}},{"threshold":6,"model":{"type":"model","model":"civilization:item/cosmetics/pets/flame_sprite_pet"}},{"threshold":7,"model":{"type":"model","model":"civilization:item/cosmetics/pets/shulker_pet"}},{"threshold":8,"model":{"type":"model","model":"civilization:item/cosmetics/pets/cerberus_pet"}},{"threshold":9,"model":{"type":"model","model":"civilization:item/gameplay/ender_dog_bone"}},{"threshold":10,"model":{"type":"model","model":"civilization:item/cosmetics/pets/ghost_pet"}},{"threshold":11,"model":{"type":"model","model":"civilization:item/cosmetics/pets/chonky_pet"}},{"threshold":12,"model":{"type":"model","model":"civilization:item/cosmetics/pets/crazy_turkey"}},{"threshold":13,"model":{"type":"model","model":"civilization:item/cosmetics/pets/bunny_carrot_pet"}},{"threshold":14,"model":{"type":"model","model":"item/bone"}}],"fallback":{"type":"model","model":"item/bone"}}}