{"model":{"type":"range_dispatch","property":"custom_model_data","entries":[{"threshold":1,"model":{"type":"model","model":"civilization:item/ui/books/book_aqua"}},{"threshold":2,"model":{"type":"model","model":"civilization:item/ui/books/book_black"}},{"threshold":3,"model":{"type":"model","model":"civilization:item/ui/books/book_blue"}},{"threshold":4,"model":{"type":"model","model":"civilization:item/ui/books/book_cyan"}},{"threshold":5,"model":{"type":"model","model":"civilization:item/ui/books/book_dark_gray"}},{"threshold":6,"model":{"type":"model","model":"civilization:item/ui/books/book_gray"}},{"threshold":7,"model":{"type":"model","model":"civilization:item/ui/books/book_indigo"}},{"threshold":8,"model":{"type":"model","model":"civilization:item/ui/books/book_lime"}},{"threshold":9,"model":{"type":"model","model":"civilization:item/ui/books/book_magenta"}},{"threshold":10,"model":{"type":"model","model":"civilization:item/ui/books/book_mint"}},{"threshold":11,"model":{"type":"model","model":"civilization:item/ui/books/book_orange"}},{"threshold":12,"model":{"type":"model","model":"civilization:item/ui/books/book_pink"}},{"threshold":13,"model":{"type":"model","model":"civilization:item/ui/books/book_purple"}},{"threshold":14,"model":{"type":"model","model":"civilization:item/ui/books/book_teal"}},{"threshold":15,"model":{"type":"model","model":"civilization:item/ui/books/book_yellow"}},{"threshold":16,"model":{"type":"model","model":"item/book"}}],"fallback":{"type":"model","model":"item/book"}}}