{"model":{"type":"range_dispatch","property":"custom_model_data","entries":[{"threshold":1,"model":{"type":"condition","property":"using_item","on_true":{"type":"range_dispatch","property":"use_duration","scale":0.05,"entries":[{"threshold":0,"model":{"type":"model","model":"civilization:item/tools/ender_bow/arrow/1"}},{"threshold":0.45,"model":{"type":"model","model":"civilization:item/tools/ender_bow/arrow/2"}},{"threshold":0.75,"model":{"type":"model","model":"civilization:item/tools/ender_bow/arrow/3"}},{"threshold":0.9,"model":{"type":"model","model":"civilization:item/tools/ender_bow/arrow/4"}}],"fallback":{"type":"model","model":"civilization:item/tools/ender_bow/arrow/1"}},"on_false":{"type":"model","model":"civilization:item/tools/ender_bow/default"}}},{"threshold":2,"model":{"type":"condition","property":"using_item","on_true":{"type":"range_dispatch","property":"use_duration","scale":0.05,"entries":[{"threshold":0,"model":{"type":"model","model":"civilization:item/tools/ender_bow/pearl/1"}},{"threshold":0.45,"model":{"type":"model","model":"civilization:item/tools/ender_bow/pearl/2"}},{"threshold":0.75,"model":{"type":"model","model":"civilization:item/tools/ender_bow/pearl/3"}},{"threshold":0.9,"model":{"type":"model","model":"civilization:item/tools/ender_bow/pearl/4"}}],"fallback":{"type":"model","model":"civilization:item/tools/ender_bow/pearl/1"}},"on_false":{"type":"model","model":"civilization:item/tools/ender_bow/default"}}},{"threshold":3,"model":{"type":"condition","property":"using_item","on_true":{"type":"range_dispatch","property":"use_duration","scale":0.05,"entries":[{"threshold":0,"model":{"type":"model","model":"civilization:item/tools/artemis_bow/pulling/1"}},{"threshold":0.55,"model":{"type":"model","model":"civilization:item/tools/artemis_bow/pulling/2"}},{"threshold":0.9,"model":{"type":"model","model":"civilization:item/tools/artemis_bow/pulling/3"}}],"fallback":{"type":"model","model":"civilization:item/tools/artemis_bow/pulling/1"}},"on_false":{"type":"model","model":"civilization:item/tools/artemis_bow/default"}}},{"threshold":4,"model":{"type":"condition","property":"using_item","on_true":{"type":"range_dispatch","property":"use_duration","scale":0.05,"entries":[{"threshold":0,"model":{"type":"model","model":"civilization:item/tools/shortbow/pulling/1"}},{"threshold":0.65,"model":{"type":"model","model":"civilization:item/tools/shortbow/pulling/2"}},{"threshold":0.9,"model":{"type":"model","model":"civilization:item/tools/shortbow/pulling/3"}}],"fallback":{"type":"model","model":"civilization:item/tools/shortbow/pulling/1"}},"on_false":{"type":"model","model":"civilization:item/tools/shortbow/default"}}},{"threshold":5,"model":{"type":"condition","property":"using_item","on_true":{"type":"range_dispatch","property":"use_duration","scale":0.05,"entries":[{"threshold":0,"model":{"type":"model","model":"civilization:item/tools/archer_bow/normal/pulling/1"}},{"threshold":0.65,"model":{"type":"model","model":"civilization:item/tools/archer_bow/normal/pulling/2"}},{"threshold":0.9,"model":{"type":"model","model":"civilization:item/tools/archer_bow/normal/pulling/3"}}],"fallback":{"type":"model","model":"civilization:item/tools/archer_bow/normal/pulling/1"}},"on_false":{"type":"model","model":"civilization:item/tools/archer_bow/normal/default"}}},{"threshold":6,"model":{"type":"condition","property":"using_item","on_true":{"type":"range_dispatch","property":"use_duration","scale":0.05,"entries":[{"threshold":0,"model":{"type":"model","model":"civilization:item/tools/archer_bow/prestiged/pulling/1"}},{"threshold":0.65,"model":{"type":"model","model":"civilization:item/tools/archer_bow/prestiged/pulling/2"}},{"threshold":0.9,"model":{"type":"model","model":"civilization:item/tools/archer_bow/prestiged/pulling/3"}}],"fallback":{"type":"model","model":"civilization:item/tools/archer_bow/prestiged/pulling/1"}},"on_false":{"type":"model","model":"civilization:item/tools/archer_bow/prestiged/default"}}},{"threshold":7,"model":{"type":"condition","property":"using_item","on_true":{"type":"range_dispatch","property":"use_duration","scale":0.05,"entries":[{"threshold":0,"model":{"type":"model","model":"civilization:item/tools/aiglos/normal/pulling/1"}},{"threshold":0.65,"model":{"type":"model","model":"civilization:item/tools/aiglos/normal/pulling/2"}},{"threshold":0.9,"model":{"type":"model","model":"civilization:item/tools/aiglos/normal/pulling/3"}}],"fallback":{"type":"model","model":"civilization:item/tools/aiglos/normal/pulling/1"}},"on_false":{"type":"model","model":"civilization:item/tools/aiglos/normal/default"}}},{"threshold":8,"model":{"type":"condition","property":"using_item","on_true":{"type":"range_dispatch","property":"use_duration","scale":0.05,"entries":[{"threshold":0,"model":{"type":"model","model":"civilization:item/tools/poseidon_trident/normal/pulling/1"}},{"threshold":0.65,"model":{"type":"model","model":"civilization:item/tools/poseidon_trident/normal/pulling/2"}},{"threshold":0.9,"model":{"type":"model","model":"civilization:item/tools/poseidon_trident/normal/pulling/3"}}],"fallback":{"type":"model","model":"civilization:item/tools/poseidon_trident/normal/pulling/1"}},"on_false":{"type":"model","model":"civilization:item/tools/poseidon_trident/normal/default"}}},{"threshold":9,"model":{"type":"condition","property":"using_item","on_true":{"type":"range_dispatch","property":"use_duration","scale":0.05,"entries":[{"threshold":0,"model":{"type":"model","model":"civilization:item/tools/beehive_blaster/normal/pulling/1"}},{"threshold":0.65,"model":{"type":"model","model":"civilization:item/tools/beehive_blaster/normal/pulling/2"}},{"threshold":0.9,"model":{"type":"model","model":"civilization:item/tools/beehive_blaster/normal/pulling/3"}}],"fallback":{"type":"model","model":"civilization:item/tools/beehive_blaster/normal/pulling/1"}},"on_false":{"type":"model","model":"civilization:item/tools/beehive_blaster/normal/default"}}},{"threshold":10,"model":{"type":"condition","property":"using_item","on_true":{"type":"range_dispatch","property":"use_duration","scale":0.05,"entries":[{"threshold":0,"model":{"type":"model","model":"civilization:item/tools/guardian_cannon/pulling/1"}},{"threshold":0.45,"model":{"type":"model","model":"civilization:item/tools/guardian_cannon/pulling/2"}},{"threshold":0.75,"model":{"type":"model","model":"civilization:item/tools/guardian_cannon/pulling/3"}},{"threshold":0.9,"model":{"type":"model","model":"civilization:item/tools/guardian_cannon/pulling/4"}}],"fallback":{"type":"model","model":"civilization:item/tools/guardian_cannon/pulling/1"}},"on_false":{"type":"model","model":"civilization:item/tools/guardian_cannon/default"}}},{"threshold":11,"model":{"type":"condition","property":"using_item","on_true":{"type":"range_dispatch","property":"use_duration","scale":0.05,"entries":[{"threshold":0,"model":{"type":"model","model":"civilization:item/tools/harpoon_launcher/pulling/1"}},{"threshold":0.65,"model":{"type":"model","model":"civilization:item/tools/harpoon_launcher/pulling/2"}},{"threshold":0.9,"model":{"type":"model","model":"civilization:item/tools/harpoon_launcher/pulling/3"}}],"fallback":{"type":"model","model":"civilization:item/tools/harpoon_launcher/pulling/1"}},"on_false":{"type":"model","model":"civilization:item/tools/harpoon_launcher/default"}}},{"threshold":12,"model":{"type":"condition","property":"using_item","on_true":{"type":"range_dispatch","property":"use_duration","scale":0.05,"entries":[{"threshold":0,"model":{"type":"model","model":"civilization:item/tools/shrink_ray/normal/pulling/1"}},{"threshold":0.45,"model":{"type":"model","model":"civilization:item/tools/shrink_ray/normal/pulling/2"}},{"threshold":0.75,"model":{"type":"model","model":"civilization:item/tools/shrink_ray/normal/pulling/3"}},{"threshold":0.9,"model":{"type":"model","model":"civilization:item/tools/shrink_ray/normal/pulling/4"}}],"fallback":{"type":"model","model":"civilization:item/tools/shrink_ray/normal/pulling/1"}},"on_false":{"type":"model","model":"civilization:item/tools/shrink_ray/normal/default"}}},{"threshold":13,"model":{"type":"condition","property":"using_item","on_true":{"type":"range_dispatch","property":"use_duration","scale":0.05,"entries":[{"threshold":0,"model":{"type":"model","model":"civilization:item/tools/aiglos/serpentine/pulling/1"}},{"threshold":0.65,"model":{"type":"model","model":"civilization:item/tools/aiglos/serpentine/pulling/2"}},{"threshold":0.9,"model":{"type":"model","model":"civilization:item/tools/aiglos/serpentine/pulling/3"}}],"fallback":{"type":"model","model":"civilization:item/tools/aiglos/serpentine/pulling/1"}},"on_false":{"type":"model","model":"civilization:item/tools/aiglos/serpentine/default"}}},{"threshold":14,"model":{"type":"condition","property":"using_item","on_true":{"type":"range_dispatch","property":"use_duration","scale":0.05,"entries":[{"threshold":0,"model":{"type":"model","model":"civilization:item/tools/poseidon_trident/guardian/pulling/1"}},{"threshold":0.65,"model":{"type":"model","model":"civilization:item/tools/poseidon_trident/guardian/pulling/2"}},{"threshold":0.9,"model":{"type":"model","model":"civilization:item/tools/poseidon_trident/guardian/pulling/3"}}],"fallback":{"type":"model","model":"civilization:item/tools/poseidon_trident/guardian/pulling/1"}},"on_false":{"type":"model","model":"civilization:item/tools/poseidon_trident/guardian/default"}}},{"threshold":17,"model":{"type":"condition","property":"using_item","on_true":{"type":"range_dispatch","property":"use_duration","scale":0.05,"entries":[{"threshold":0,"model":{"type":"model","model":"civilization:item/tools/shrink_ray/void_singularity/pulling/1"}},{"threshold":0.45,"model":{"type":"model","model":"civilization:item/tools/shrink_ray/void_singularity/pulling/2"}},{"threshold":0.75,"model":{"type":"model","model":"civilization:item/tools/shrink_ray/void_singularity/pulling/3"}},{"threshold":0.9,"model":{"type":"model","model":"civilization:item/tools/shrink_ray/void_singularity/pulling/4"}}],"fallback":{"type":"model","model":"civilization:item/tools/shrink_ray/void_singularity/pulling/1"}},"on_false":{"type":"model","model":"civilization:item/tools/shrink_ray/void_singularity/default"}}},{"threshold":18,"model":{"type":"condition","property":"using_item","on_true":{"type":"range_dispatch","property":"use_duration","scale":0.05,"entries":[{"threshold":0,"model":{"type":"model","model":"civilization:item/tools/valentine_bow/pulling/1"}},{"threshold":0.65,"model":{"type":"model","model":"civilization:item/tools/valentine_bow/pulling/2"}},{"threshold":0.9,"model":{"type":"model","model":"civilization:item/tools/valentine_bow/pulling/3"}}],"fallback":{"type":"model","model":"civilization:item/tools/valentine_bow/pulling/1"}},"on_false":{"type":"model","model":"civilization:item/tools/valentine_bow/default"}}},{"threshold":21,"model":{"type":"condition","property":"using_item","on_true":{"type":"range_dispatch","property":"use_duration","scale":0.05,"entries":[{"threshold":0,"model":{"type":"model","model":"civilization:item/tools/beehive_blaster/flower_power/pulling/1"}},{"threshold":0.65,"model":{"type":"model","model":"civilization:item/tools/beehive_blaster/flower_power/pulling/2"}},{"threshold":0.9,"model":{"type":"model","model":"civilization:item/tools/beehive_blaster/flower_power/pulling/3"}}],"fallback":{"type":"model","model":"civilization:item/tools/beehive_blaster/flower_power/pulling/1"}},"on_false":{"type":"model","model":"civilization:item/tools/beehive_blaster/flower_power/default"}}},{"threshold":22,"model":{"type":"condition","property":"using_item","on_true":{"type":"range_dispatch","property":"use_duration","scale":0.05,"entries":[{"threshold":0,"model":{"type":"model","model":"civilization:item/tools/phantom_bow/pulling/1"}},{"threshold":0.65,"model":{"type":"model","model":"civilization:item/tools/phantom_bow/pulling/2"}},{"threshold":0.9,"model":{"type":"model","model":"civilization:item/tools/phantom_bow/pulling/3"}}],"fallback":{"type":"model","model":"civilization:item/tools/phantom_bow/pulling/1"}},"on_false":{"type":"model","model":"civilization:item/tools/phantom_bow/default"}}}],"fallback":{"type":"condition","property":"using_item","on_false":{"type":"model","model":"item/bow"},"on_true":{"type":"range_dispatch","property":"use_duration","fallback":{"type":"model","model":"item/bow_pulling_0"},"entries":[{"threshold":0.65,"model":{"type":"model","model":"item/bow_pulling_1"}},{"threshold":0.9,"model":{"type":"model","model":"item/bow_pulling_2"}}],"scale":0.05}}}}