{"model":{"type":"range_dispatch","property":"custom_model_data","entries":[{"threshold":1,"model":{"type":"model","model":"civilization:item/gameplay/fountain_of_youth/activated"}},{"threshold":2,"model":{"type":"model","model":"civilization:item/gameplay/fountain_of_youth/deactivated"}},{"threshold":3,"model":{"type":"model","model":"civilization:item/gameplay/dec_2023/santa_sleigh"}},{"threshold":4,"model":{"type":"model","model":"civilization:item/gameplay/dec_2023/present_blue"}},{"threshold":5,"model":{"type":"model","model":"civilization:item/gameplay/dec_2023/present_green"}},{"threshold":6,"model":{"type":"model","model":"civilization:item/gameplay/dec_2023/present_purple"}},{"threshold":7,"model":{"type":"model","model":"civilization:item/gameplay/fountain_of_youth/death_fountain/activated"}},{"threshold":8,"model":{"type":"model","model":"civilization:item/gameplay/fountain_of_youth/death_fountain/deactivated"}},{"threshold":9,"model":{"type":"model","model":"civilization:item/gameplay/gold_chest"}},{"threshold":10,"model":{"type":"model","model":"civilization:item/gameplay/pastel_egg/normal"}},{"threshold":11,"model":{"type":"model","model":"civilization:item/gameplay/pastel_egg/shiny"}},{"threshold":12,"model":{"type":"model","model":"item/brewing_stand"}}],"fallback":{"type":"model","model":"item/brewing_stand"}}}