{"model":{"type":"range_dispatch","property":"custom_model_data","entries":[{"threshold":1,"model":{"type":"model","model":"civilization:item/cosmetics/lightning_strike"}},{"threshold":2,"model":{"type":"model","model":"civilization:item/cosmetics/fireworks_show"}},{"threshold":3,"model":{"type":"model","model":"civilization:item/cosmetics/lightning_storm"}},{"threshold":4,"model":{"type":"model","model":"civilization:item/cosmetics/soul_snatch"}},{"threshold":5,"model":{"type":"model","model":"civilization:item/cosmetics/funeral_service"}},{"threshold":6,"model":{"type":"model","model":"civilization:item/cosmetics/dragon_rider"}},{"threshold":7,"model":{"type":"model","model":"civilization:item/cosmetics/chicken_descent"}},{"threshold":8,"model":{"type":"model","model":"civilization:item/cosmetics/stampede"}},{"threshold":9,"model":{"type":"model","model":"civilization:item/cosmetics/ground_pound"}},{"threshold":10,"model":{"type":"model","model":"civilization:item/cosmetics/reapers_touch"}},{"threshold":11,"model":{"type":"model","model":"civilization:item/cosmetics/rocket_launcher"}},{"threshold":12,"model":{"type":"model","model":"civilization:item/cosmetics/human_cannonball"}},{"threshold":13,"model":{"type":"model","model":"civilization:item/cosmetics/bubbly"}},{"threshold":14,"model":{"type":"model","model":"civilization:item/cosmetics/bedazzle"}},{"threshold":15,"model":{"type":"model","model":"civilization:item/cosmetics/summoning_circle"}},{"threshold":16,"model":{"type":"model","model":"civilization:item/cosmetics/camel_rider"}},{"threshold":17,"model":{"type":"model","model":"civilization:item/cosmetics/skeleton_horse"}},{"threshold":18,"model":{"type":"model","model":"civilization:item/cosmetics/models/paintball_gun"}},{"threshold":19,"model":{"type":"model","model":"civilization:item/cosmetics/fairy_dust"}},{"threshold":20,"model":{"type":"model","model":"civilization:item/cosmetics/incineration"}},{"threshold":21,"model":{"type":"model","model":"civilization:item/cosmetics/meteorite"}},{"threshold":22,"model":{"type":"model","model":"civilization:item/cosmetics/slashing_storm"}},{"threshold":23,"model":{"type":"model","model":"civilization:item/cosmetics/aquatic_rush"}},{"threshold":24,"model":{"type":"model","model":"civilization:item/cosmetics/plasma_burst"}},{"threshold":25,"model":{"type":"model","model":"civilization:item/cosmetics/snow_flurry"}},{"threshold":26,"model":{"type":"model","model":"civilization:item/cosmetics/snowflake_bloom"}},{"threshold":27,"model":{"type":"model","model":"civilization:item/cosmetics/winter_wonderland"}},{"threshold":28,"model":{"type":"model","model":"civilization:item/cosmetics/trim_template/frost"}},{"threshold":29,"model":{"type":"model","model":"civilization:item/cosmetics/bouncing_cats"}},{"threshold":30,"model":{"type":"model","model":"civilization:item/cosmetics/paintball_gun"}},{"threshold":31,"model":{"type":"model","model":"civilization:item/cosmetics/snowball_blaster"}},{"threshold":32,"model":{"type":"model","model":"civilization:item/cosmetics/dragons_breath"}},{"threshold":33,"model":{"type":"model","model":"civilization:item/cosmetics/trim_template/heart"}},{"threshold":34,"model":{"type":"model","model":"civilization:item/cosmetics/trim_template/warden"}},{"threshold":35,"model":{"type":"model","model":"civilization:item/cosmetics/deep_dark_infection"}},{"threshold":36,"model":{"type":"model","model":"civilization:item/cosmetics/sonic_blaster"}},{"threshold":37,"model":{"type":"model","model":"civilization:item/cosmetics/trim_template/aquatic"}},{"threshold":38,"model":{"type":"model","model":"civilization:item/cosmetics/aquatic_blaster"}},{"threshold":39,"model":{"type":"model","model":"civilization:item/cosmetics/bloodlust"}},{"threshold":40,"model":{"type":"model","model":"civilization:item/cosmetics/crab_dance"}},{"threshold":41,"model":{"type":"model","model":"civilization:item/cosmetics/floppy_fish"}},{"threshold":42,"model":{"type":"model","model":"civilization:item/cosmetics/fly_swatter"}},{"threshold":43,"model":{"type":"model","model":"civilization:item/cosmetics/gardener"}},{"threshold":44,"model":{"type":"model","model":"civilization:item/cosmetics/graveyard"}},{"threshold":45,"model":{"type":"model","model":"civilization:item/cosmetics/guardian_rider"}},{"threshold":46,"model":{"type":"model","model":"civilization:item/cosmetics/nether_death"}},{"threshold":47,"model":{"type":"model","model":"civilization:item/cosmetics/raining_tnt"}},{"threshold":48,"model":{"type":"model","model":"civilization:item/cosmetics/sheep_party"}},{"threshold":49,"model":{"type":"model","model":"civilization:item/cosmetics/skeleton_explosion"}},{"threshold":50,"model":{"type":"model","model":"civilization:item/cosmetics/squid_beam"}},{"threshold":51,"model":{"type":"model","model":"civilization:item/cosmetics/takeoff"}},{"threshold":52,"model":{"type":"model","model":"civilization:item/cosmetics/trim_template/flame"}},{"threshold":53,"model":{"type":"model","model":"civilization:item/cosmetics/blaze_blast"}},{"threshold":54,"model":{"type":"model","model":"civilization:item/cosmetics/bomb_explosion"}},{"threshold":55,"model":{"type":"model","model":"civilization:item/cosmetics/fire_tornado"}},{"threshold":56,"model":{"type":"model","model":"civilization:item/cosmetics/flame_burst"}},{"threshold":57,"model":{"type":"model","model":"civilization:item/cosmetics/flamethrower"}},{"threshold":58,"model":{"type":"model","model":"civilization:item/cosmetics/volcano_launch"}},{"threshold":59,"model":{"type":"model","model":"civilization:item/cosmetics/wither_invasion"}},{"threshold":60,"model":{"type":"model","model":"civilization:item/cosmetics/angry_enderman"}},{"threshold":61,"model":{"type":"model","model":"civilization:item/cosmetics/angry_villager"}},{"threshold":62,"model":{"type":"model","model":"civilization:item/cosmetics/confetti"}},{"threshold":63,"model":{"type":"model","model":"civilization:item/cosmetics/confetti_cannon"}},{"threshold":64,"model":{"type":"model","model":"civilization:item/cosmetics/connect_four"}},{"threshold":65,"model":{"type":"model","model":"civilization:item/cosmetics/crosses"}},{"threshold":66,"model":{"type":"model","model":"civilization:item/cosmetics/end_crystal"}},{"threshold":67,"model":{"type":"model","model":"civilization:item/cosmetics/end_tornado"}},{"threshold":68,"model":{"type":"model","model":"civilization:item/cosmetics/enderman_rider"}},{"threshold":69,"model":{"type":"model","model":"civilization:item/cosmetics/endermite_infection"}},{"threshold":70,"model":{"type":"model","model":"civilization:item/cosmetics/endstone_shatter"}},{"threshold":71,"model":{"type":"model","model":"civilization:item/cosmetics/gokart"}},{"threshold":72,"model":{"type":"model","model":"civilization:item/cosmetics/golden_dragon"}},{"threshold":73,"model":{"type":"model","model":"civilization:item/cosmetics/heavenly_smite"}},{"threshold":74,"model":{"type":"model","model":"civilization:item/cosmetics/magic_wand"}},{"threshold":75,"model":{"type":"model","model":"civilization:item/cosmetics/noughts"}},{"threshold":76,"model":{"type":"model","model":"civilization:item/cosmetics/pig"}},{"threshold":77,"model":{"type":"model","model":"civilization:item/cosmetics/trampoline"}},{"threshold":78,"model":{"type":"model","model":"civilization:item/cosmetics/ufo_descent"}},{"threshold":79,"model":{"type":"model","model":"civilization:item/cosmetics/vacuum"}},{"threshold":80,"model":{"type":"model","model":"civilization:item/cosmetics/victors_throne"}},{"threshold":81,"model":{"type":"model","model":"civilization:item/cosmetics/trim_template/end"}},{"threshold":82,"model":{"type":"model","model":"civilization:item/cosmetics/tictactoe_gadget"}},{"threshold":83,"model":{"type":"model","model":"civilization:item/cosmetics/trophy_showcase"}},{"threshold":84,"model":{"type":"model","model":"civilization:item/cosmetics/trim_template/dragon"}},{"threshold":85,"model":{"type":"model","model":"civilization:item/cosmetics/arrow_trails/dragon"}},{"threshold":86,"model":{"type":"model","model":"civilization:item/cosmetics/trim_template/lightning"}},{"threshold":87,"model":{"type":"model","model":"civilization:item/cosmetics/trim_template/wither"}},{"threshold":88,"model":{"type":"model","model":"civilization:item/cosmetics/hoplite_logo_kill_effect"}},{"threshold":89,"model":{"type":"model","model":"civilization:item/cosmetics/apollos_arrows"}},{"threshold":90,"model":{"type":"model","model":"civilization:item/cosmetics/chicken_explosion"}},{"threshold":91,"model":{"type":"model","model":"civilization:item/cosmetics/head_firework"}},{"threshold":92,"model":{"type":"model","model":"civilization:item/cosmetics/ares_victim"}},{"threshold":93,"model":{"type":"model","model":"civilization:item/cosmetics/ka_ching"}},{"threshold":94,"model":{"type":"model","model":"civilization:item/cosmetics/the_giant"}},{"threshold":95,"model":{"type":"model","model":"civilization:item/cosmetics/poseidons_wrath"}},{"threshold":96,"model":{"type":"model","model":"civilization:item/cosmetics/raining_xp"}},{"threshold":97,"model":{"type":"model","model":"civilization:item/cosmetics/fart_gun"}},{"threshold":98,"model":{"type":"model","model":"civilization:item/cosmetics/ares_victim"}},{"threshold":99,"model":{"type":"model","model":"civilization:item/cosmetics/arrow_trails/soul_harvester"}},{"threshold":100,"model":{"type":"model","model":"civilization:item/cosmetics/arrow_trails/dragon"}},{"threshold":101,"model":{"type":"model","model":"civilization:item/cosmetics/aphrodites_doves"}},{"threshold":102,"model":{"type":"model","model":"civilization:item/cosmetics/firework_party"}},{"threshold":103,"model":{"type":"model","model":"civilization:item/cosmetics/iris_rainbow"}},{"threshold":104,"model":{"type":"model","model":"civilization:item/cosmetics/pegasus_descent"}},{"threshold":105,"model":{"type":"model","model":"civilization:item/cosmetics/sniffer_stampede"}},{"threshold":106,"model":{"type":"model","model":"civilization:item/cosmetics/golden_wither"}},{"threshold":107,"model":{"type":"model","model":"civilization:item/cosmetics/infinite_parkour"}},{"threshold":108,"model":{"type":"model","model":"civilization:item/cosmetics/wind_charge_cannon"}},{"threshold":109,"model":{"type":"model","model":"civilization:item/cosmetics/trim_template/pumpkin"}},{"threshold":110,"model":{"type":"model","model":"civilization:item/cosmetics/1year_cake"}},{"threshold":111,"model":{"type":"model","model":"civilization:item/cosmetics/bat_descent"}},{"threshold":112,"model":{"type":"model","model":"civilization:item/cosmetics/bat_storm"}},{"threshold":113,"model":{"type":"model","model":"civilization:item/cosmetics/cake_gadget"}},{"threshold":114,"model":{"type":"model","model":"civilization:item/cosmetics/cake_opener"}},{"threshold":115,"model":{"type":"model","model":"civilization:item/cosmetics/hi"}},{"threshold":116,"model":{"type":"model","model":"civilization:item/cosmetics/hot_air_balloon"}},{"threshold":117,"model":{"type":"model","model":"civilization:item/cosmetics/personal_firework"}},{"threshold":118,"model":{"type":"model","model":"civilization:item/cosmetics/tim"}},{"threshold":119,"model":{"type":"model","model":"civilization:item/cosmetics/tim_jim"}},{"threshold":120,"model":{"type":"model","model":"civilization:item/cosmetics/scarecrow"}},{"threshold":121,"model":{"type":"model","model":"civilization:item/cosmetics/cartoon_running"}},{"threshold":122,"model":{"type":"model","model":"civilization:item/cosmetics/pumpkin_launcher"}},{"threshold":123,"model":{"type":"model","model":"civilization:item/cosmetics/dance_party"}},{"threshold":124,"model":{"type":"model","model":"civilization:item/cosmetics/exploding_pumpkins"}},{"threshold":125,"model":{"type":"model","model":"civilization:item/cosmetics/pig_rider"}},{"threshold":126,"model":{"type":"model","model":"civilization:item/cosmetics/deck_the_halls"}},{"threshold":127,"model":{"type":"model","model":"civilization:item/cosmetics/ice_breaker"}},{"threshold":128,"model":{"type":"model","model":"civilization:item/cosmetics/snowman_suit"}},{"threshold":129,"model":{"type":"model","model":"civilization:item/cosmetics/unwrapping_party"}},{"threshold":130,"model":{"type":"model","model":"civilization:item/cosmetics/winter_flurry"}},{"threshold":131,"model":{"type":"model","model":"civilization:item/cosmetics/arrow_trails/evergreen_glitter"}},{"threshold":132,"model":{"type":"model","model":"civilization:item/cosmetics/block_crush"}},{"threshold":133,"model":{"type":"model","model":"civilization:item/cosmetics/boat_rush"}},{"threshold":134,"model":{"type":"model","model":"civilization:item/cosmetics/gg"}},{"threshold":135,"model":{"type":"model","model":"civilization:item/cosmetics/jeb_rideout"}},{"threshold":136,"model":{"type":"model","model":"civilization:item/cosmetics/slime_drop"}},{"threshold":137,"model":{"type":"model","model":"civilization:item/cosmetics/bejeweled"}},{"threshold":138,"model":{"type":"model","model":"civilization:item/cosmetics/catch_me_if_you_can"}},{"threshold":139,"model":{"type":"model","model":"civilization:item/cosmetics/death_comes_for_us_all"}},{"threshold":140,"model":{"type":"model","model":"civilization:item/cosmetics/ender_geyser"}},{"threshold":141,"model":{"type":"model","model":"civilization:item/cosmetics/juggernaught"}},{"threshold":142,"model":{"type":"model","model":"civilization:item/cosmetics/medusas_wrath"}},{"threshold":143,"model":{"type":"model","model":"civilization:item/cosmetics/peace_offering"}},{"threshold":144,"model":{"type":"model","model":"civilization:item/cosmetics/rainmaker"}},{"threshold":145,"model":{"type":"model","model":"civilization:item/cosmetics/rocketman"}},{"threshold":146,"model":{"type":"model","model":"civilization:item/cosmetics/skulk_pulse"}},{"threshold":147,"model":{"type":"model","model":"civilization:item/cosmetics/un_bell_eviable"}},{"threshold":148,"model":{"type":"model","model":"civilization:item/cosmetics/abducted"}},{"threshold":149,"model":{"type":"model","model":"civilization:item/cosmetics/from_the_depths"}},{"threshold":150,"model":{"type":"model","model":"civilization:item/cosmetics/good_trade_relations"}},{"threshold":151,"model":{"type":"model","model":"civilization:item/cosmetics/potato_farmer"}},{"threshold":152,"model":{"type":"minecraft:model","model":"civilization:item/cosmetics/arrow_trails/bopping_beats"}},{"threshold":153,"model":{"type":"minecraft:model","model":"civilization:item/cosmetics/bunny_breakout_victory_dance"}},{"threshold":154,"model":{"type":"minecraft:model","model":"civilization:item/cosmetics/egg_out_kill_effect"}},{"threshold":155,"model":{"type":"minecraft:model","model":"civilization:item/cosmetics/egg_portal_opener"}},{"threshold":156,"model":{"type":"minecraft:model","model":"civilization:item/cosmetics/chick_swam_kill_effect"}},{"threshold":157,"model":{"type":"model","model":"civilization:item/cosmetics/trim_template/splatter"}},{"threshold":158,"model":{"type":"model","model":"civilization:item/cosmetics/killer_bunny_kill_effect"}},{"threshold":159,"model":{"type":"minecraft:model","model":"item/charcoal"}}],"fallback":{"type":"model","model":"item/charcoal"}}}