{
    "model": {
        "type": "range_dispatch",
        "property": "custom_model_data",
        "fallback": {
            "type": "model",
            "model": "minecraft:item/coal"
        },
        "entries": [
            {
                "threshold": 1,
                "model": {
                    "type": "model",
                    "model": "civilization:item/wearable/class_hats/farmer_hat"
                }
            },
            {
                "threshold": 2,
                "model": {
                    "type": "model",
                    "model": "civilization:item/wearable/class_hats/miner_helmet/normal"
                }
            },
            {
                "threshold": 3,
                "model": {
                    "type": "model",
                    "model": "civilization:item/wearable/class_hats/warrior_helmet/normal"
                }
            },
            {
                "threshold": 4,
                "model": {
                    "type": "model",
                    "model": "civilization:item/wearable/king_crown"
                }
            },
            {
                "threshold": 5,
                "model": {
                    "type": "model",
                    "model": "civilization:item/wearable/chainsaw_head/normal"
                }
            },
            {
                "threshold": 6,
                "model": {
                    "type": "model",
                    "model": "civilization:item/wearable/3d_glasses/normal"
                }
            },
            {
                "threshold": 7,
                "model": {
                    "type": "model",
                    "model": "civilization:item/wearable/cat_hat/normal"
                }
            },
            {
                "threshold": 8,
                "model": {
                    "type": "model",
                    "model": "civilization:item/wearable/clown_hat/normal"
                }
            },
            {
                "threshold": 9,
                "model": {
                    "type": "model",
                    "model": "civilization:item/wearable/cowboy_hat/normal"
                }
            },
            {
                "threshold": 10,
                "model": {
                    "type": "model",
                    "model": "civilization:item/wearable/dragon_hat/normal"
                }
            },
            {
                "threshold": 11,
                "model": {
                    "type": "model",
                    "model": "civilization:item/wearable/class_hats/looter_hat/normal"
                }
            },
            {
                "threshold": 12,
                "model": {
                    "type": "model",
                    "model": "civilization:item/wearable/frog_bucket_hat/normal"
                }
            },
            {
                "threshold": 13,
                "model": {
                    "type": "model",
                    "model": "civilization:item/wearable/gamer_headphones/normal"
                }
            },
            {
                "threshold": 14,
                "model": {
                    "type": "model",
                    "model": "civilization:item/wearable/glow_squid_hat/normal"
                }
            },
            {
                "threshold": 15,
                "model": {
                    "type": "model",
                    "model": "civilization:item/wearable/spartan_helmet/normal"
                }
            },
            {
                "threshold": 16,
                "model": {
                    "type": "model",
                    "model": "civilization:item/wearable/halo/normal"
                }
            },
            {
                "threshold": 17,
                "model": {
                    "type": "model",
                    "model": "civilization:item/wearable/class_hats/archer_hood/normal"
                }
            },
            {
                "threshold": 18,
                "model": {
                    "type": "model",
                    "model": "civilization:item/wearable/panda_hat/normal"
                }
            },
            {
                "threshold": 19,
                "model": {
                    "type": "model",
                    "model": "civilization:item/wearable/penguin_hat/normal"
                }
            },
            {
                "threshold": 20,
                "model": {
                    "type": "model",
                    "model": "civilization:item/wearable/pharaoh_hat/normal"
                }
            },
            {
                "threshold": 21,
                "model": {
                    "type": "model",
                    "model": "civilization:item/wearable/pirate_hat/normal"
                }
            },
            {
                "threshold": 22,
                "model": {
                    "type": "model",
                    "model": "civilization:item/wearable/propeller_hat/normal"
                }
            },
            {
                "threshold": 23,
                "model": {
                    "type": "model",
                    "model": "civilization:item/wearable/scuba_gear/normal"
                }
            },
            {
                "threshold": 24,
                "model": {
                    "type": "model",
                    "model": "civilization:item/wearable/default_helmet/normal"
                }
            },
            {
                "threshold": 25,
                "model": {
                    "type": "model",
                    "model": "civilization:item/wearable/tiki_head/normal"
                }
            },
            {
                "threshold": 26,
                "model": {
                    "type": "model",
                    "model": "civilization:item/wearable/wizard_hat/normal"
                }
            },
            {
                "threshold": 27,
                "model": {
                    "type": "model",
                    "model": "civilization:item/wearable/wolf_hat/normal"
                }
            },
            {
                "threshold": 28,
                "model": {
                    "type": "model",
                    "model": "civilization:item/wearable/knight_helmet/normal"
                }
            },
            {
                "threshold": 29,
                "model": {
                    "type": "model",
                    "model": "civilization:item/wearable/mushroom_hat/normal"
                }
            },
            {
                "threshold": 30,
                "model": {
                    "type": "model",
                    "model": "civilization:item/wearable/shark_hat/normal"
                }
            },
            {
                "threshold": 31,
                "model": {
                    "type": "model",
                    "model": "civilization:item/wearable/samurai_helmet/normal"
                }
            },
            {
                "threshold": 32,
                "model": {
                    "type": "model",
                    "model": "civilization:item/wearable/cyberpunk_hat/normal"
                }
            },
            {
                "threshold": 33,
                "model": {
                    "type": "model",
                    "model": "civilization:item/wearable/meme_sunglasses"
                }
            },
            {
                "threshold": 34,
                "model": {
                    "type": "model",
                    "model": "civilization:item/wearable/beta_tester_helmet/normal"
                }
            },
            {
                "threshold": 35,
                "model": {
                    "type": "model",
                    "model": "civilization:item/wearable/dimmadome_hat/normal"
                }
            },
            {
                "threshold": 36,
                "model": {
                    "type": "model",
                    "model": "civilization:item/wearable/throir_goggles"
                }
            },
            {
                "threshold": 37,
                "model": {
                    "type": "model",
                    "model": "civilization:item/wearable/astronaut_helmet/normal"
                }
            },
            {
                "threshold": 38,
                "model": {
                    "type": "model",
                    "model": "civilization:item/wearable/burger_hat/normal"
                }
            },
            {
                "threshold": 39,
                "model": {
                    "type": "model",
                    "model": "civilization:item/wearable/frankenstein_head/normal"
                }
            },
            {
                "threshold": 40,
                "model": {
                    "type": "model",
                    "model": "civilization:item/wearable/chef_hat/normal"
                }
            },
            {
                "threshold": 41,
                "model": {
                    "type": "model",
                    "model": "civilization:item/wearable/jack_o_lantern_hat/normal"
                }
            },
            {
                "threshold": 42,
                "model": {
                    "type": "model",
                    "model": "civilization:item/wearable/killer_mask/normal"
                }
            },
            {
                "threshold": 43,
                "model": {
                    "type": "model",
                    "model": "civilization:item/wearable/king_frog/normal"
                }
            },
            {
                "threshold": 44,
                "model": {
                    "type": "model",
                    "model": "civilization:item/wearable/plague_doctor_mask/normal"
                }
            },
            {
                "threshold": 45,
                "model": {
                    "type": "model",
                    "model": "civilization:item/wearable/sombrero/normal"
                }
            },
            {
                "threshold": 46,
                "model": {
                    "type": "model",
                    "model": "civilization:item/wearable/trapper_hat/normal"
                }
            },
            {
                "threshold": 47,
                "model": {
                    "type": "model",
                    "model": "civilization:item/wearable/gingerbread_mask/normal"
                }
            },
            {
                "threshold": 48,
                "model": {
                    "type": "model",
                    "model": "civilization:item/wearable/krampus_head/normal"
                }
            },
            {
                "threshold": 49,
                "model": {
                    "type": "model",
                    "model": "civilization:item/wearable/reindeer_antlers/normal"
                }
            },
            {
                "threshold": 50,
                "model": {
                    "type": "model",
                    "model": "civilization:item/wearable/santa_hat/normal"
                }
            },
            {
                "threshold": 51,
                "model": {
                    "type": "model",
                    "model": "civilization:item/wearable/snowman_head/normal"
                }
            },
            {
                "threshold": 52,
                "model": {
                    "type": "model",
                    "model": "civilization:item/wearable/jester_hat/normal"
                }
            },
            {
                "threshold": 53,
                "model": {
                    "type": "model",
                    "model": "civilization:item/wearable/elf_hat/normal"
                }
            },
            {
                "threshold": 54,
                "model": {
                    "type": "model",
                    "model": "civilization:item/wearable/frostbite_helmet/normal"
                }
            },
            {
                "threshold": 55,
                "model": {
                    "type": "model",
                    "model": "civilization:item/wearable/alien_head_muncher/normal"
                }
            },
            {
                "threshold": 56,
                "model": {
                    "type": "model",
                    "model": "civilization:item/wearable/drink_hat_number_1/normal"
                }
            },
            {
                "threshold": 57,
                "model": {
                    "type": "model",
                    "model": "civilization:item/wearable/taco_hat/normal"
                }
            },
            {
                "threshold": 58,
                "model": {
                    "type": "model",
                    "model": "civilization:item/wearable/top_hat/normal"
                }
            },
            {
                "threshold": 59,
                "model": {
                    "type": "model",
                    "model": "civilization:item/wearable/pufferfish_hat/normal"
                }
            },
            {
                "threshold": 60,
                "model": {
                    "type": "model",
                    "model": "civilization:item/wearable/cupid_arrow_headband/normal"
                }
            },
            {
                "threshold": 61,
                "model": {
                    "type": "model",
                    "model": "civilization:item/wearable/flamingo_hat/normal"
                }
            },
            {
                "threshold": 62,
                "model": {
                    "type": "model",
                    "model": "civilization:item/wearable/flower_crown/normal"
                }
            },
            {
                "threshold": 63,
                "model": {
                    "type": "model",
                    "model": "civilization:item/wearable/heart_glasses/normal"
                }
            },
            {
                "threshold": 64,
                "model": {
                    "type": "model",
                    "model": "civilization:item/wearable/heart_headband/normal"
                }
            },
            {
                "threshold": 65,
                "model": {
                    "type": "model",
                    "model": "civilization:item/wearable/valentines_bear_hat/normal"
                }
            },
            {
                "threshold": 66,
                "model": {
                    "type": "model",
                    "model": "civilization:item/wearable/sunflower_hat/normal"
                }
            },
            {
                "threshold": 67,
                "model": {
                    "type": "model",
                    "model": "civilization:item/wearable/cat_ears/normal"
                }
            },
            {
                "threshold": 68,
                "model": {
                    "type": "model",
                    "model": "civilization:item/wearable/valentines_knight/normal"
                }
            },
            {
                "threshold": 69,
                "model": {
                    "type": "model",
                    "model": "civilization:item/wearable/valentines_warrior/normal"
                }
            },
            {
                "threshold": 70,
                "model": {
                    "type": "model",
                    "model": "civilization:item/wearable/sculk_monster_mouth/normal"
                }
            },
            {
                "threshold": 71,
                "model": {
                    "type": "model",
                    "model": "civilization:item/wearable/sculk_creeper_hat/normal"
                }
            },
            {
                "threshold": 72,
                "model": {
                    "type": "model",
                    "model": "civilization:item/wearable/warden_horns/normal"
                }
            },
            {
                "threshold": 73,
                "model": {
                    "type": "model",
                    "model": "civilization:item/wearable/baby_warden_hat/normal"
                }
            },
            {
                "threshold": 74,
                "model": {
                    "type": "model",
                    "model": "civilization:item/wearable/giant_warden_head/normal"
                }
            },
            {
                "threshold": 75,
                "model": {
                    "type": "model",
                    "model": "civilization:item/wearable/warden_bucket_hat/normal"
                }
            },
            {
                "threshold": 76,
                "model": {
                    "type": "model",
                    "model": "civilization:item/wearable/warden_crown/normal"
                }
            },
            {
                "threshold": 77,
                "model": {
                    "type": "model",
                    "model": "civilization:item/wearable/warden_knight_helmet/normal"
                }
            },
            {
                "threshold": 78,
                "model": {
                    "type": "model",
                    "model": "civilization:item/wearable/warden_warriors_helmet/normal"
                }
            },
            {
                "threshold": 79,
                "model": {
                    "type": "model",
                    "model": "civilization:item/wearable/warden_wizard_hat/normal"
                }
            },
            {
                "threshold": 80,
                "model": {
                    "type": "model",
                    "model": "civilization:item/wearable/warden_sculk_crown/normal"
                }
            },
            {
                "threshold": 81,
                "model": {
                    "type": "model",
                    "model": "civilization:item/wearable/clam_crown/normal"
                }
            },
            {
                "threshold": 82,
                "model": {
                    "type": "model",
                    "model": "civilization:item/wearable/serpant_helmet/normal"
                }
            },
            {
                "threshold": 83,
                "model": {
                    "type": "model",
                    "model": "civilization:item/wearable/scuba_helmet/normal"
                }
            },
            {
                "threshold": 84,
                "model": {
                    "type": "model",
                    "model": "civilization:item/wearable/octopus_hat/normal"
                }
            },
            {
                "threshold": 85,
                "model": {
                    "type": "model",
                    "model": "civilization:item/wearable/hotdog_hat/normal"
                }
            },
            {
                "threshold": 86,
                "model": {
                    "type": "model",
                    "model": "civilization:item/wearable/tv_head/normal"
                }
            },
            {
                "threshold": 87,
                "model": {
                    "type": "model",
                    "model": "civilization:item/wearable/graduation_cap/normal"
                }
            },
            {
                "threshold": 88,
                "model": {
                    "type": "model",
                    "model": "civilization:item/wearable/kitty_headset/normal"
                }
            },
            {
                "threshold": 89,
                "model": {
                    "type": "model",
                    "model": "civilization:item/wearable/plunger_hat/normal"
                }
            },
            {
                "threshold": 90,
                "model": {
                    "type": "model",
                    "model": "civilization:item/wearable/axolotl_cap/normal"
                }
            },
            {
                "threshold": 91,
                "model": {
                    "type": "model",
                    "model": "civilization:item/wearable/box_hat/normal"
                }
            },
            {
                "threshold": 92,
                "model": {
                    "type": "model",
                    "model": "civilization:item/wearable/qa_wrench_hat/normal"
                }
            },
            {
                "threshold": 93,
                "model": {
                    "type": "model",
                    "model": "civilization:item/wearable/shark_fin/normal"
                }
            },
            {
                "threshold": 94,
                "model": {
                    "type": "model",
                    "model": "civilization:item/wearable/translator_globe/normal"
                }
            },
            {
                "threshold": 95,
                "model": {
                    "type": "model",
                    "model": "civilization:item/wearable/ram_horns/normal"
                }
            },
            {
                "threshold": 96,
                "model": {
                    "type": "model",
                    "model": "civilization:item/wearable/banana_hat/normal"
                }
            },
            {
                "threshold": 97,
                "model": {
                    "type": "model",
                    "model": "civilization:item/wearable/guardian_hat/normal"
                }
            },
            {
                "threshold": 98,
                "model": {
                    "type": "model",
                    "model": "civilization:item/wearable/jellyfish_hat/normal"
                }
            },
            {
                "threshold": 99,
                "model": {
                    "type": "model",
                    "model": "civilization:item/wearable/valkyrie_helmet/normal"
                }
            },
            {
                "threshold": 100,
                "model": {
                    "type": "model",
                    "model": "civilization:item/wearable/nemo/normal"
                }
            },
            {
                "threshold": 101,
                "model": {
                    "type": "model",
                    "model": "civilization:item/wearable/angler_hat/normal"
                }
            },
            {
                "threshold": 102,
                "model": {
                    "type": "model",
                    "model": "civilization:item/wearable/fisherman_hat/normal"
                }
            },
            {
                "threshold": 103,
                "model": {
                    "type": "model",
                    "model": "civilization:item/wearable/piglin_hat/normal"
                }
            },
            {
                "threshold": 104,
                "model": {
                    "type": "model",
                    "model": "civilization:item/wearable/red_devil_horns/normal"
                }
            },
            {
                "threshold": 105,
                "model": {
                    "type": "model",
                    "model": "civilization:item/wearable/flaming_spartan_helmet/normal"
                }
            },
            {
                "threshold": 106,
                "model": {
                    "type": "model",
                    "model": "civilization:item/wearable/flaming_skull/normal"
                }
            },
            {
                "threshold": 107,
                "model": {
                    "type": "model",
                    "model": "civilization:item/wearable/lava_hound/normal"
                }
            },
            {
                "threshold": 108,
                "model": {
                    "type": "model",
                    "model": "civilization:item/wearable/lava_witch_hat/normal"
                }
            },
            {
                "threshold": 109,
                "model": {
                    "type": "model",
                    "model": "civilization:item/wearable/magma_cowboy_hat/normal"
                }
            },
            {
                "threshold": 110,
                "model": {
                    "type": "model",
                    "model": "civilization:item/wearable/nether_mushroom_hat/normal"
                }
            },
            {
                "threshold": 111,
                "model": {
                    "type": "model",
                    "model": "civilization:item/wearable/gerald_hat/normal"
                }
            },
            {
                "threshold": 112,
                "model": {
                    "type": "model",
                    "model": "civilization:item/wearable/shulker_hat/normal"
                }
            },
            {
                "threshold": 113,
                "model": {
                    "type": "model",
                    "model": "civilization:item/wearable/turkey_hat/normal"
                }
            },
            {
                "threshold": 114,
                "model": {
                    "type": "model",
                    "model": "civilization:item/wearable/brain_jar/normal"
                }
            },
            {
                "threshold": 115,
                "model": {
                    "type": "model",
                    "model": "civilization:item/wearable/breather_mask/normal"
                }
            },
            {
                "threshold": 116,
                "model": {
                    "type": "model",
                    "model": "civilization:item/wearable/cookie_hat/normal"
                }
            },
            {
                "threshold": 117,
                "model": {
                    "type": "model",
                    "model": "civilization:item/wearable/corrupted_enderman_skull/normal"
                }
            },
            {
                "threshold": 118,
                "model": {
                    "type": "model",
                    "model": "civilization:item/wearable/ender_miner_hat/normal"
                }
            },
            {
                "threshold": 119,
                "model": {
                    "type": "model",
                    "model": "civilization:item/wearable/enderman_top_hat/normal"
                }
            },
            {
                "threshold": 120,
                "model": {
                    "type": "model",
                    "model": "civilization:item/wearable/gas_mask/normal"
                }
            },
            {
                "threshold": 121,
                "model": {
                    "type": "model",
                    "model": "civilization:item/wearable/night_vision_goggles/normal"
                }
            },
            {
                "threshold": 122,
                "model": {
                    "type": "model",
                    "model": "civilization:item/wearable/pylon_hat/normal"
                }
            },
            {
                "threshold": 123,
                "model": {
                    "type": "model",
                    "model": "civilization:item/wearable/sunflower_crown/normal"
                }
            },
            {
                "threshold": 124,
                "model": {
                    "type": "model",
                    "model": "civilization:item/wearable/toothful_hat/normal"
                }
            },
            {
                "threshold": 125,
                "model": {
                    "type": "model",
                    "model": "civilization:item/wearable/unicorn_hat/normal"
                }
            },
            {
                "threshold": 126,
                "model": {
                    "type": "model",
                    "model": "civilization:item/wearable/cyber_dragon_hat/normal"
                }
            },
            {
                "threshold": 127,
                "model": {
                    "type": "model",
                    "model": "civilization:item/wearable/elite_warrior_helmet/1"
                }
            },
            {
                "threshold": 128,
                "model": {
                    "type": "model",
                    "model": "civilization:item/wearable/elite_warrior_helmet/2"
                }
            },
            {
                "threshold": 129,
                "model": {
                    "type": "model",
                    "model": "civilization:item/wearable/elite_warrior_helmet/3"
                }
            },
            {
                "threshold": 130,
                "model": {
                    "type": "model",
                    "model": "civilization:item/wearable/elite_warrior_helmet/4"
                }
            },
            {
                "threshold": 131,
                "model": {
                    "type": "model",
                    "model": "civilization:item/wearable/elite_warrior_helmet/5"
                }
            },
            {
                "threshold": 132,
                "model": {
                    "type": "model",
                    "model": "civilization:item/wearable/elite_warrior_helmet/6"
                }
            },
            {
                "threshold": 133,
                "model": {
                    "type": "model",
                    "model": "civilization:item/wearable/crocodile_hat/normal"
                }
            },
            {
                "threshold": 134,
                "model": {
                    "type": "model",
                    "model": "civilization:item/wearable/football_helmet/normal"
                }
            },
            {
                "threshold": 135,
                "model": {
                    "type": "model",
                    "model": "civilization:item/wearable/nemean_mane/normal"
                }
            },
            {
                "threshold": 136,
                "model": {
                    "type": "model",
                    "model": "civilization:item/wearable/toque/normal"
                }
            },
            {
                "threshold": 137,
                "model": {
                    "type": "model",
                    "model": "civilization:item/wearable/artemis_crown/normal"
                }
            },
            {
                "threshold": 138,
                "model": {
                    "type": "model",
                    "model": "civilization:item/wearable/corinthian_helm/normal"
                }
            },
            {
                "threshold": 139,
                "model": {
                    "type": "model",
                    "model": "civilization:item/wearable/golden_headpiece/normal"
                }
            },
            {
                "threshold": 140,
                "model": {
                    "type": "model",
                    "model": "civilization:item/wearable/laurel_wreath/normal"
                }
            },
            {
                "threshold": 141,
                "model": {
                    "type": "model",
                    "model": "civilization:item/wearable/zeus_bolt/normal"
                }
            },
            {
                "threshold": 142,
                "model": {
                    "type": "model",
                    "model": "civilization:item/wearable/aviator_cap/normal"
                }
            },
            {
                "threshold": 143,
                "model": {
                    "type": "model",
                    "model": "civilization:item/wearable/dingle_mask/normal"
                }
            },
            {
                "threshold": 144,
                "model": {
                    "type": "model",
                    "model": "civilization:item/wearable/steampunk_hat/normal"
                }
            },
            {
                "threshold": 145,
                "model": {
                    "type": "model",
                    "model": "civilization:item/wearable/wolf_fur_hat/normal"
                }
            },
            {
                "threshold": 146,
                "model": {
                    "type": "model",
                    "model": "civilization:item/wearable/sailor_cap/normal"
                }
            },
            {
                "threshold": 147,
                "model": {
                    "type": "model",
                    "model": "civilization:item/wearable/rainbow_earmuffs/normal"
                }
            },
            {
                "threshold": 148,
                "model": {
                    "type": "model",
                    "model": "civilization:item/wearable/viking_beard/normal"
                }
            },
            {
                "threshold": 149,
                "model": {
                    "type": "model",
                    "model": "civilization:item/wearable/medusa_hat/normal"
                }
            },
            {
                "threshold": 150,
                "model": {
                    "type": "model",
                    "model": "civilization:item/wearable/ash_hat/normal"
                }
            },
            {
                "threshold": 151,
                "model": {
                    "type": "model",
                    "model": "civilization:item/wearable/cute_bow/normal"
                }
            },
            {
                "threshold": 152,
                "model": {
                    "type": "model",
                    "model": "civilization:item/wearable/twitch_cap"
                }
            },
            {
                "threshold": 153,
                "model": {
                    "type": "model",
                    "model": "civilization:item/wearable/beanie/normal"
                }
            },
            {
                "threshold": 154,
                "model": {
                    "type": "model",
                    "model": "civilization:item/wearable/egg_hat/normal"
                }
            },
            {
                "threshold": 155,
                "model": {
                    "type": "model",
                    "model": "civilization:item/wearable/hat_hat/normal"
                }
            },
            {
                "threshold": 156,
                "model": {
                    "type": "model",
                    "model": "civilization:item/wearable/pine_cap/normal"
                }
            },
            {
                "threshold": 157,
                "model": {
                    "type": "model",
                    "model": "civilization:item/wearable/pot_hat/normal"
                }
            },
            {
                "threshold": 158,
                "model": {
                    "type": "model",
                    "model": "civilization:item/wearable/straw_hat/normal"
                }
            },
            {
                "threshold": 159,
                "model": {
                    "type": "model",
                    "model": "civilization:item/wearable/bat_hat/normal"
                }
            },
            {
                "threshold": 160,
                "model": {
                    "type": "model",
                    "model": "civilization:item/wearable/axe_hat/normal"
                }
            },
            {
                "threshold": 161,
                "model": {
                    "type": "model",
                    "model": "civilization:item/wearable/eyeball_hat/normal"
                }
            },
            {
                "threshold": 162,
                "model": {
                    "type": "model",
                    "model": "civilization:item/wearable/mummy_mask/normal"
                }
            },
            {
                "threshold": 163,
                "model": {
                    "type": "model",
                    "model": "civilization:item/wearable/pumpkin_headband/normal"
                }
            },
            {
                "threshold": 164,
                "model": {
                    "type": "model",
                    "model": "civilization:item/wearable/scream_mask/normal"
                }
            },
            {
                "threshold": 165,
                "model": {
                    "type": "model",
                    "model": "civilization:item/wearable/spider_hat/normal"
                }
            },
            {
                "threshold": 166,
                "model": {
                    "type": "model",
                    "model": "civilization:item/wearable/1year_cake_hat/normal"
                }
            },
            {
                "threshold": 167,
                "model": {
                    "type": "model",
                    "model": "civilization:item/wearable/bat_wings_hat/normal"
                }
            },
            {
                "threshold": 168,
                "model": {
                    "type": "model",
                    "model": "civilization:item/wearable/camera_hat/normal"
                }
            },
            {
                "threshold": 169,
                "model": {
                    "type": "model",
                    "model": "civilization:item/wearable/vr_headset/normal"
                }
            },
            {
                "threshold": 170,
                "model": {
                    "type": "model",
                    "model": "civilization:item/wearable/snowstorm_helm/normal"
                }
            },
            {
                "threshold": 171,
                "model": {
                    "type": "model",
                    "model": "civilization:item/wearable/slime_control/normal"
                }
            },
            {
                "threshold": 172,
                "model": {
                    "type": "model",
                    "model": "civilization:item/wearable/silly_glasses/normal"
                }
            },
            {
                "threshold": 173,
                "model": {
                    "type": "model",
                    "model": "civilization:item/wearable/pirate_polly/normal"
                }
            },
            {
                "threshold": 174,
                "model": {
                    "type": "model",
                    "model": "civilization:item/wearable/piranha_troubles/normal"
                }
            },
            {
                "threshold": 175,
                "model": {
                    "type": "model",
                    "model": "civilization:item/wearable/idiot_sandwich/normal"
                }
            },
            {
                "threshold": 176,
                "model": {
                    "type": "model",
                    "model": "civilization:item/wearable/ice_crown/normal"
                }
            },
            {
                "threshold": 177,
                "model": {
                    "type": "model",
                    "model": "civilization:item/wearable/heart_eyes_emoji/normal"
                }
            },
            {
                "threshold": 178,
                "model": {
                    "type": "model",
                    "model": "civilization:item/wearable/gnome_rider/normal"
                }
            },
            {
                "threshold": 179,
                "model": {
                    "type": "model",
                    "model": "civilization:item/wearable/cool_can/normal"
                }
            },
            {
                "threshold": 180,
                "model": {
                    "type": "model",
                    "model": "civilization:item/wearable/baby_skeleton_rider/normal"
                }
            },
            {
                "threshold": 181,
                "model": {
                    "type": "model",
                    "model": "civilization:item/wearable/balance_act/normal"
                }
            },
            {
                "threshold": 182,
                "model": {
                    "type": "model",
                    "model": "civilization:item/wearable/bee_goggles/normal"
                }
            },
            {
                "threshold": 183,
                "model": {
                    "type": "model",
                    "model": "civilization:item/wearable/brick_cap/normal"
                }
            },
            {
                "threshold": 184,
                "model": {
                    "type": "model",
                    "model": "civilization:item/wearable/booksmart_hat/normal"
                }
            },
            {
                "threshold": 185,
                "model": {
                    "type": "model",
                    "model": "civilization:item/wearable/cactus_cap/normal"
                }
            },
            {
                "threshold": 186,
                "model": {
                    "type": "model",
                    "model": "civilization:item/wearable/cool_glasses/normal"
                }
            },
            {
                "threshold": 187,
                "model": {
                    "type": "model",
                    "model": "civilization:item/wearable/cornucopia_hat/normal"
                }
            },
            {
                "threshold": 188,
                "model": {
                    "type": "model",
                    "model": "civilization:item/wearable/creeper_fossil/normal"
                }
            },
            {
                "threshold": 189,
                "model": {
                    "type": "model",
                    "model": "civilization:item/wearable/fishbowl/normal"
                }
            },
            {
                "threshold": 190,
                "model": {
                    "type": "model",
                    "model": "civilization:item/wearable/gearhead/normal"
                }
            },
            {
                "threshold": 191,
                "model": {
                    "type": "model",
                    "model": "civilization:item/wearable/honeycomb_headphones/normal"
                }
            },
            {
                "threshold": 192,
                "model": {
                    "type": "model",
                    "model": "civilization:item/wearable/chill_out/normal"
                }
            },
            {
                "threshold": 193,
                "model": {
                    "type": "model",
                    "model": "civilization:item/wearable/immortal_snail/normal"
                }
            },
            {
                "threshold": 194,
                "model": {
                    "type": "model",
                    "model": "civilization:item/wearable/mimic_hat/normal"
                }
            },
            {
                "threshold": 195,
                "model": {
                    "type": "model",
                    "model": "civilization:item/wearable/pincushion/normal"
                }
            },
            {
                "threshold": 196,
                "model": {
                    "type": "model",
                    "model": "civilization:item/wearable/w_cap/normal"
                }
            },
            {
                "threshold": 197,
                "model": {
                    "type": "model",
                    "model": "civilization:item/wearable/umbrella_hat/normal"
                }
            },
            {
                "threshold": 198,
                "model": {
                    "type": "model",
                    "model": "civilization:item/wearable/stonehead/normal"
                }
            },
            {
                "threshold": 199,
                "model": {
                    "type": "model",
                    "model": "civilization:item/wearable/stonehead/shift_normal"
                }
            },
            {
                "threshold": 200,
                "model": {
                    "type": "model",
                    "model": "civilization:item/wearable/stonehead/shift_shiny"
                }
            },
            {
                "threshold": 201,
                "model": {
                    "type": "model",
                    "model": "civilization:item/wearable/3d_glasses/legacy"
                }
            },
            {
                "threshold": 202,
                "model": {
                    "type": "model",
                    "model": "civilization:item/wearable/banana_hat/legacy"
                }
            },
            {
                "threshold": 203,
                "model": {
                    "type": "model",
                    "model": "civilization:item/wearable/camera_hat/legacy"
                }
            },
            {
                "threshold": 204,
                "model": {
                    "type": "model",
                    "model": "civilization:item/wearable/propeller_hat/legacy"
                }
            },
            {
                "threshold": 205,
                "model": {
                    "type": "model",
                    "model": "civilization:item/wearable/pufferfish_hat/legacy"
                }
            },
            {
                "threshold": 206,
                "model": {
                    "type": "model",
                    "model": "civilization:item/wearable/shark_hat/legacy"
                }
            },
            {
                "threshold": 207,
                "model": {
                    "type": "model",
                    "model": "civilization:item/wearable/alien_head_muncher/legacy"
                }
            },
            {
                "threshold": 208,
                "model": {
                    "type": "model",
                    "model": "civilization:item/wearable/axolotl_cap/legacy"
                }
            },
            {
                "threshold": 209,
                "model": {
                    "type": "model",
                    "model": "civilization:item/wearable/cute_bow/legacy"
                }
            },
            {
                "threshold": 210,
                "model": {
                    "type": "model",
                    "model": "civilization:item/wearable/dingle_mask/legacy"
                }
            },
            {
                "threshold": 211,
                "model": {
                    "type": "model",
                    "model": "civilization:item/wearable/gas_mask/legacy"
                }
            },
            {
                "threshold": 212,
                "model": {
                    "type": "model",
                    "model": "civilization:item/wearable/halo/legacy"
                }
            },
            {
                "threshold": 213,
                "model": {
                    "type": "model",
                    "model": "civilization:item/wearable/chainsaw_head/legacy"
                }
            },
            {
                "threshold": 214,
                "model": {
                    "type": "model",
                    "model": "civilization:item/wearable/chef_hat/legacy"
                }
            },
            {
                "threshold": 215,
                "model": {
                    "type": "model",
                    "model": "civilization:item/wearable/knight_helmet/legacy"
                }
            },
            {
                "threshold": 216,
                "model": {
                    "type": "model",
                    "model": "civilization:item/wearable/night_vision_goggles/legacy"
                }
            },
            {
                "threshold": 217,
                "model": {
                    "type": "model",
                    "model": "civilization:item/wearable/samurai_helmet/legacy"
                }
            },
            {
                "threshold": 218,
                "model": {
                    "type": "model",
                    "model": "civilization:item/wearable/spartan_helmet/legacy"
                }
            },
            {
                "threshold": 219,
                "model": {
                    "type": "model",
                    "model": "civilization:item/wearable/steampunk_hat/legacy"
                }
            },
            {
                "threshold": 220,
                "model": {
                    "type": "model",
                    "model": "civilization:item/wearable/valkyrie_helmet/legacy"
                }
            },
            {
                "threshold": 221,
                "model": {
                    "type": "model",
                    "model": "civilization:item/wearable/heart_crown/normal"
                }
            },
            {
                "threshold": 222,
                "model": {
                    "type": "model",
                    "model": "civilization:item/wearable/kissy_face/normal"
                }
            },
            {
                "threshold": 223,
                "model": {
                    "type": "model",
                    "model": "civilization:item/wearable/lovebird_helm/normal"
                }
            },
            {
                "threshold": 224,
                "model": {
                    "type": "model",
                    "model": "civilization:item/wearable/butterfly_crown/normal"
                }
            },
            {
                "threshold": 225,
                "model": {
                    "type": "model",
                    "model": "civilization:item/wearable/carrot_stick_hat/normal"
                }
            },
            {
                "threshold": 226,
                "model": {
                    "type": "model",
                    "model": "civilization:item/wearable/dandelion_wreath/normal"
                }
            },
            {
                "threshold": 227,
                "model": {
                    "type": "model",
                    "model": "civilization:item/wearable/gummy_bear_hat/normal"
                }
            },
            {
                "threshold": 228,
                "model": {
                    "type": "model",
                    "model": "civilization:item/wearable/chicken_mask/normal"
                }
            },
            {
                "threshold": 229,
                "model": {
                    "type": "model",
                    "model": "civilization:item/wearable/ladybug_helm/normal"
                }
            },
            {
                "threshold": 230,
                "model": {
                    "type": "model",
                    "model": "civilization:item/wearable/rabbit_mask/normal"
                }
            },
            {
                "threshold": 231,
                "model": {
                    "type": "model",
                    "model": "civilization:item/wearable/bunny_rider/normal"
                }
            },
            {
                "threshold": 232,
                "model": {
                    "type": "model",
                    "model": "civilization:item/wearable/egg_head/normal"
                }
            },
            {
                "threshold": 233,
                "model": {
                    "type": "model",
                    "model": "civilization:item/wearable/transparent_wrapper/normal"
                }
            },
            {
                "threshold": 234,
                "model": {
                    "type": "model",
                    "model": "item/coal"
                }
            }
        ]
    }
}