{"model":{"type":"range_dispatch","property":"custom_model_data","entries":[{"threshold":4,"model":{"type":"condition","property":"has_component","component":"lodestone_tracker","on_true":{"type":"range_dispatch","property":"compass","scale":32,"target":"lodestone","entries":[{"threshold":0,"model":{"type":"model","model":"civilization:item/tools/santa_tracker/compass_16"}},{"threshold":0.5,"model":{"type":"model","model":"civilization:item/tools/santa_tracker/compass_17"}},{"threshold":1.5,"model":{"type":"model","model":"civilization:item/tools/santa_tracker/compass_18"}},{"threshold":2.5,"model":{"type":"model","model":"civilization:item/tools/santa_tracker/compass_19"}},{"threshold":3.5,"model":{"type":"model","model":"civilization:item/tools/santa_tracker/compass_20"}},{"threshold":4.5,"model":{"type":"model","model":"civilization:item/tools/santa_tracker/compass_21"}},{"threshold":5.5,"model":{"type":"model","model":"civilization:item/tools/santa_tracker/compass_22"}},{"threshold":6.5,"model":{"type":"model","model":"civilization:item/tools/santa_tracker/compass_23"}},{"threshold":7.5,"model":{"type":"model","model":"civilization:item/tools/santa_tracker/compass_24"}},{"threshold":8.5,"model":{"type":"model","model":"civilization:item/tools/santa_tracker/compass_25"}},{"threshold":9.5,"model":{"type":"model","model":"civilization:item/tools/santa_tracker/compass_26"}},{"threshold":10.5,"model":{"type":"model","model":"civilization:item/tools/santa_tracker/compass_27"}},{"threshold":11.5,"model":{"type":"model","model":"civilization:item/tools/santa_tracker/compass_28"}},{"threshold":12.5,"model":{"type":"model","model":"civilization:item/tools/santa_tracker/compass_29"}},{"threshold":13.5,"model":{"type":"model","model":"civilization:item/tools/santa_tracker/compass_30"}},{"threshold":14.5,"model":{"type":"model","model":"civilization:item/tools/santa_tracker/compass_31"}},{"threshold":15.5,"model":{"type":"model","model":"civilization:item/tools/santa_tracker/compass_00"}},{"threshold":16.5,"model":{"type":"model","model":"civilization:item/tools/santa_tracker/compass_01"}},{"threshold":17.5,"model":{"type":"model","model":"civilization:item/tools/santa_tracker/compass_02"}},{"threshold":18.5,"model":{"type":"model","model":"civilization:item/tools/santa_tracker/compass_03"}},{"threshold":19.5,"model":{"type":"model","model":"civilization:item/tools/santa_tracker/compass_04"}},{"threshold":20.5,"model":{"type":"model","model":"civilization:item/tools/santa_tracker/compass_05"}},{"threshold":21.5,"model":{"type":"model","model":"civilization:item/tools/santa_tracker/compass_06"}},{"threshold":22.5,"model":{"type":"model","model":"civilization:item/tools/santa_tracker/compass_07"}},{"threshold":23.5,"model":{"type":"model","model":"civilization:item/tools/santa_tracker/compass_08"}},{"threshold":24.5,"model":{"type":"model","model":"civilization:item/tools/santa_tracker/compass_09"}},{"threshold":25.5,"model":{"type":"model","model":"civilization:item/tools/santa_tracker/compass_10"}},{"threshold":26.5,"model":{"type":"model","model":"civilization:item/tools/santa_tracker/compass_11"}},{"threshold":27.5,"model":{"type":"model","model":"civilization:item/tools/santa_tracker/compass_12"}},{"threshold":28.5,"model":{"type":"model","model":"civilization:item/tools/santa_tracker/compass_13"}},{"threshold":29.5,"model":{"type":"model","model":"civilization:item/tools/santa_tracker/compass_14"}},{"threshold":30.5,"model":{"type":"model","model":"civilization:item/tools/santa_tracker/compass_15"}},{"threshold":31.5,"model":{"type":"model","model":"civilization:item/tools/santa_tracker/compass_16"}}]},"on_false":{"type":"select","property":"context_dimension","cases":[{"when":"overworld","model":{"type":"range_dispatch","property":"compass","scale":32,"target":"spawn","entries":[{"threshold":0,"model":{"type":"model","model":"civilization:item/tools/santa_tracker/compass_16"}},{"threshold":0.5,"model":{"type":"model","model":"civilization:item/tools/santa_tracker/compass_17"}},{"threshold":1.5,"model":{"type":"model","model":"civilization:item/tools/santa_tracker/compass_18"}},{"threshold":2.5,"model":{"type":"model","model":"civilization:item/tools/santa_tracker/compass_19"}},{"threshold":3.5,"model":{"type":"model","model":"civilization:item/tools/santa_tracker/compass_20"}},{"threshold":4.5,"model":{"type":"model","model":"civilization:item/tools/santa_tracker/compass_21"}},{"threshold":5.5,"model":{"type":"model","model":"civilization:item/tools/santa_tracker/compass_22"}},{"threshold":6.5,"model":{"type":"model","model":"civilization:item/tools/santa_tracker/compass_23"}},{"threshold":7.5,"model":{"type":"model","model":"civilization:item/tools/santa_tracker/compass_24"}},{"threshold":8.5,"model":{"type":"model","model":"civilization:item/tools/santa_tracker/compass_25"}},{"threshold":9.5,"model":{"type":"model","model":"civilization:item/tools/santa_tracker/compass_26"}},{"threshold":10.5,"model":{"type":"model","model":"civilization:item/tools/santa_tracker/compass_27"}},{"threshold":11.5,"model":{"type":"model","model":"civilization:item/tools/santa_tracker/compass_28"}},{"threshold":12.5,"model":{"type":"model","model":"civilization:item/tools/santa_tracker/compass_29"}},{"threshold":13.5,"model":{"type":"model","model":"civilization:item/tools/santa_tracker/compass_30"}},{"threshold":14.5,"model":{"type":"model","model":"civilization:item/tools/santa_tracker/compass_31"}},{"threshold":15.5,"model":{"type":"model","model":"civilization:item/tools/santa_tracker/compass_00"}},{"threshold":16.5,"model":{"type":"model","model":"civilization:item/tools/santa_tracker/compass_01"}},{"threshold":17.5,"model":{"type":"model","model":"civilization:item/tools/santa_tracker/compass_02"}},{"threshold":18.5,"model":{"type":"model","model":"civilization:item/tools/santa_tracker/compass_03"}},{"threshold":19.5,"model":{"type":"model","model":"civilization:item/tools/santa_tracker/compass_04"}},{"threshold":20.5,"model":{"type":"model","model":"civilization:item/tools/santa_tracker/compass_05"}},{"threshold":21.5,"model":{"type":"model","model":"civilization:item/tools/santa_tracker/compass_06"}},{"threshold":22.5,"model":{"type":"model","model":"civilization:item/tools/santa_tracker/compass_07"}},{"threshold":23.5,"model":{"type":"model","model":"civilization:item/tools/santa_tracker/compass_08"}},{"threshold":24.5,"model":{"type":"model","model":"civilization:item/tools/santa_tracker/compass_09"}},{"threshold":25.5,"model":{"type":"model","model":"civilization:item/tools/santa_tracker/compass_10"}},{"threshold":26.5,"model":{"type":"model","model":"civilization:item/tools/santa_tracker/compass_11"}},{"threshold":27.5,"model":{"type":"model","model":"civilization:item/tools/santa_tracker/compass_12"}},{"threshold":28.5,"model":{"type":"model","model":"civilization:item/tools/santa_tracker/compass_13"}},{"threshold":29.5,"model":{"type":"model","model":"civilization:item/tools/santa_tracker/compass_14"}},{"threshold":30.5,"model":{"type":"model","model":"civilization:item/tools/santa_tracker/compass_15"}},{"threshold":31.5,"model":{"type":"model","model":"civilization:item/tools/santa_tracker/compass_16"}}]}}],"fallback":{"type":"range_dispatch","property":"compass","scale":32,"target":"none","entries":[{"threshold":0,"model":{"type":"model","model":"civilization:item/tools/santa_tracker/compass_16"}},{"threshold":0.5,"model":{"type":"model","model":"civilization:item/tools/santa_tracker/compass_17"}},{"threshold":1.5,"model":{"type":"model","model":"civilization:item/tools/santa_tracker/compass_18"}},{"threshold":2.5,"model":{"type":"model","model":"civilization:item/tools/santa_tracker/compass_19"}},{"threshold":3.5,"model":{"type":"model","model":"civilization:item/tools/santa_tracker/compass_20"}},{"threshold":4.5,"model":{"type":"model","model":"civilization:item/tools/santa_tracker/compass_21"}},{"threshold":5.5,"model":{"type":"model","model":"civilization:item/tools/santa_tracker/compass_22"}},{"threshold":6.5,"model":{"type":"model","model":"civilization:item/tools/santa_tracker/compass_23"}},{"threshold":7.5,"model":{"type":"model","model":"civilization:item/tools/santa_tracker/compass_24"}},{"threshold":8.5,"model":{"type":"model","model":"civilization:item/tools/santa_tracker/compass_25"}},{"threshold":9.5,"model":{"type":"model","model":"civilization:item/tools/santa_tracker/compass_26"}},{"threshold":10.5,"model":{"type":"model","model":"civilization:item/tools/santa_tracker/compass_27"}},{"threshold":11.5,"model":{"type":"model","model":"civilization:item/tools/santa_tracker/compass_28"}},{"threshold":12.5,"model":{"type":"model","model":"civilization:item/tools/santa_tracker/compass_29"}},{"threshold":13.5,"model":{"type":"model","model":"civilization:item/tools/santa_tracker/compass_30"}},{"threshold":14.5,"model":{"type":"model","model":"civilization:item/tools/santa_tracker/compass_31"}},{"threshold":15.5,"model":{"type":"model","model":"civilization:item/tools/santa_tracker/compass_00"}},{"threshold":16.5,"model":{"type":"model","model":"civilization:item/tools/santa_tracker/compass_01"}},{"threshold":17.5,"model":{"type":"model","model":"civilization:item/tools/santa_tracker/compass_02"}},{"threshold":18.5,"model":{"type":"model","model":"civilization:item/tools/santa_tracker/compass_03"}},{"threshold":19.5,"model":{"type":"model","model":"civilization:item/tools/santa_tracker/compass_04"}},{"threshold":20.5,"model":{"type":"model","model":"civilization:item/tools/santa_tracker/compass_05"}},{"threshold":21.5,"model":{"type":"model","model":"civilization:item/tools/santa_tracker/compass_06"}},{"threshold":22.5,"model":{"type":"model","model":"civilization:item/tools/santa_tracker/compass_07"}},{"threshold":23.5,"model":{"type":"model","model":"civilization:item/tools/santa_tracker/compass_08"}},{"threshold":24.5,"model":{"type":"model","model":"civilization:item/tools/santa_tracker/compass_09"}},{"threshold":25.5,"model":{"type":"model","model":"civilization:item/tools/santa_tracker/compass_10"}},{"threshold":26.5,"model":{"type":"model","model":"civilization:item/tools/santa_tracker/compass_11"}},{"threshold":27.5,"model":{"type":"model","model":"civilization:item/tools/santa_tracker/compass_12"}},{"threshold":28.5,"model":{"type":"model","model":"civilization:item/tools/santa_tracker/compass_13"}},{"threshold":29.5,"model":{"type":"model","model":"civilization:item/tools/santa_tracker/compass_14"}},{"threshold":30.5,"model":{"type":"model","model":"civilization:item/tools/santa_tracker/compass_15"}},{"threshold":31.5,"model":{"type":"model","model":"civilization:item/tools/santa_tracker/compass_16"}}]}}}}],"fallback":{"type":"condition","property":"has_component","component":"lodestone_tracker","on_true":{"type":"range_dispatch","property":"compass","scale":32,"target":"lodestone","entries":[{"threshold":0,"model":{"type":"model","model":"item/compass"}},{"threshold":0.5,"model":{"type":"model","model":"item/compass_17"}},{"threshold":1.5,"model":{"type":"model","model":"item/compass_18"}},{"threshold":2.5,"model":{"type":"model","model":"item/compass_19"}},{"threshold":3.5,"model":{"type":"model","model":"item/compass_20"}},{"threshold":4.5,"model":{"type":"model","model":"item/compass_21"}},{"threshold":5.5,"model":{"type":"model","model":"item/compass_22"}},{"threshold":6.5,"model":{"type":"model","model":"item/compass_23"}},{"threshold":7.5,"model":{"type":"model","model":"item/compass_24"}},{"threshold":8.5,"model":{"type":"model","model":"item/compass_25"}},{"threshold":9.5,"model":{"type":"model","model":"item/compass_26"}},{"threshold":10.5,"model":{"type":"model","model":"item/compass_27"}},{"threshold":11.5,"model":{"type":"model","model":"item/compass_28"}},{"threshold":12.5,"model":{"type":"model","model":"item/compass_29"}},{"threshold":13.5,"model":{"type":"model","model":"item/compass_30"}},{"threshold":14.5,"model":{"type":"model","model":"item/compass_31"}},{"threshold":15.5,"model":{"type":"model","model":"item/compass_00"}},{"threshold":16.5,"model":{"type":"model","model":"item/compass_01"}},{"threshold":17.5,"model":{"type":"model","model":"item/compass_02"}},{"threshold":18.5,"model":{"type":"model","model":"item/compass_03"}},{"threshold":19.5,"model":{"type":"model","model":"item/compass_04"}},{"threshold":20.5,"model":{"type":"model","model":"item/compass_05"}},{"threshold":21.5,"model":{"type":"model","model":"item/compass_06"}},{"threshold":22.5,"model":{"type":"model","model":"item/compass_07"}},{"threshold":23.5,"model":{"type":"model","model":"item/compass_08"}},{"threshold":24.5,"model":{"type":"model","model":"item/compass_09"}},{"threshold":25.5,"model":{"type":"model","model":"item/compass_10"}},{"threshold":26.5,"model":{"type":"model","model":"item/compass_11"}},{"threshold":27.5,"model":{"type":"model","model":"item/compass_12"}},{"threshold":28.5,"model":{"type":"model","model":"item/compass_13"}},{"threshold":29.5,"model":{"type":"model","model":"item/compass_14"}},{"threshold":30.5,"model":{"type":"model","model":"item/compass_15"}},{"threshold":31.5,"model":{"type":"model","model":"item/compass"}}]},"on_false":{"type":"select","property":"context_dimension","cases":[{"when":"overworld","model":{"type":"range_dispatch","property":"compass","scale":32,"target":"spawn","entries":[{"threshold":0,"model":{"type":"model","model":"item/compass"}},{"threshold":0.5,"model":{"type":"model","model":"item/compass_17"}},{"threshold":1.5,"model":{"type":"model","model":"item/compass_18"}},{"threshold":2.5,"model":{"type":"model","model":"item/compass_19"}},{"threshold":3.5,"model":{"type":"model","model":"item/compass_20"}},{"threshold":4.5,"model":{"type":"model","model":"item/compass_21"}},{"threshold":5.5,"model":{"type":"model","model":"item/compass_22"}},{"threshold":6.5,"model":{"type":"model","model":"item/compass_23"}},{"threshold":7.5,"model":{"type":"model","model":"item/compass_24"}},{"threshold":8.5,"model":{"type":"model","model":"item/compass_25"}},{"threshold":9.5,"model":{"type":"model","model":"item/compass_26"}},{"threshold":10.5,"model":{"type":"model","model":"item/compass_27"}},{"threshold":11.5,"model":{"type":"model","model":"item/compass_28"}},{"threshold":12.5,"model":{"type":"model","model":"item/compass_29"}},{"threshold":13.5,"model":{"type":"model","model":"item/compass_30"}},{"threshold":14.5,"model":{"type":"model","model":"item/compass_31"}},{"threshold":15.5,"model":{"type":"model","model":"item/compass_00"}},{"threshold":16.5,"model":{"type":"model","model":"item/compass_01"}},{"threshold":17.5,"model":{"type":"model","model":"item/compass_02"}},{"threshold":18.5,"model":{"type":"model","model":"item/compass_03"}},{"threshold":19.5,"model":{"type":"model","model":"item/compass_04"}},{"threshold":20.5,"model":{"type":"model","model":"item/compass_05"}},{"threshold":21.5,"model":{"type":"model","model":"item/compass_06"}},{"threshold":22.5,"model":{"type":"model","model":"item/compass_07"}},{"threshold":23.5,"model":{"type":"model","model":"item/compass_08"}},{"threshold":24.5,"model":{"type":"model","model":"item/compass_09"}},{"threshold":25.5,"model":{"type":"model","model":"item/compass_10"}},{"threshold":26.5,"model":{"type":"model","model":"item/compass_11"}},{"threshold":27.5,"model":{"type":"model","model":"item/compass_12"}},{"threshold":28.5,"model":{"type":"model","model":"item/compass_13"}},{"threshold":29.5,"model":{"type":"model","model":"item/compass_14"}},{"threshold":30.5,"model":{"type":"model","model":"item/compass_15"}},{"threshold":31.5,"model":{"type":"model","model":"item/compass"}}]}}],"fallback":{"type":"range_dispatch","property":"compass","scale":32,"target":"none","entries":[{"threshold":0,"model":{"type":"model","model":"item/compass"}},{"threshold":0.5,"model":{"type":"model","model":"item/compass_17"}},{"threshold":1.5,"model":{"type":"model","model":"item/compass_18"}},{"threshold":2.5,"model":{"type":"model","model":"item/compass_19"}},{"threshold":3.5,"model":{"type":"model","model":"item/compass_20"}},{"threshold":4.5,"model":{"type":"model","model":"item/compass_21"}},{"threshold":5.5,"model":{"type":"model","model":"item/compass_22"}},{"threshold":6.5,"model":{"type":"model","model":"item/compass_23"}},{"threshold":7.5,"model":{"type":"model","model":"item/compass_24"}},{"threshold":8.5,"model":{"type":"model","model":"item/compass_25"}},{"threshold":9.5,"model":{"type":"model","model":"item/compass_26"}},{"threshold":10.5,"model":{"type":"model","model":"item/compass_27"}},{"threshold":11.5,"model":{"type":"model","model":"item/compass_28"}},{"threshold":12.5,"model":{"type":"model","model":"item/compass_29"}},{"threshold":13.5,"model":{"type":"model","model":"item/compass_30"}},{"threshold":14.5,"model":{"type":"model","model":"item/compass_31"}},{"threshold":15.5,"model":{"type":"model","model":"item/compass_00"}},{"threshold":16.5,"model":{"type":"model","model":"item/compass_01"}},{"threshold":17.5,"model":{"type":"model","model":"item/compass_02"}},{"threshold":18.5,"model":{"type":"model","model":"item/compass_03"}},{"threshold":19.5,"model":{"type":"model","model":"item/compass_04"}},{"threshold":20.5,"model":{"type":"model","model":"item/compass_05"}},{"threshold":21.5,"model":{"type":"model","model":"item/compass_06"}},{"threshold":22.5,"model":{"type":"model","model":"item/compass_07"}},{"threshold":23.5,"model":{"type":"model","model":"item/compass_08"}},{"threshold":24.5,"model":{"type":"model","model":"item/compass_09"}},{"threshold":25.5,"model":{"type":"model","model":"item/compass_10"}},{"threshold":26.5,"model":{"type":"model","model":"item/compass_11"}},{"threshold":27.5,"model":{"type":"model","model":"item/compass_12"}},{"threshold":28.5,"model":{"type":"model","model":"item/compass_13"}},{"threshold":29.5,"model":{"type":"model","model":"item/compass_14"}},{"threshold":30.5,"model":{"type":"model","model":"item/compass_15"}},{"threshold":31.5,"model":{"type":"model","model":"item/compass"}}]}}}}}