{"model":{"type":"range_dispatch","property":"custom_model_data","entries":[{"threshold":1,"model":{"type":"condition","property":"using_item","on_true":{"type":"range_dispatch","property":"crossbow/pull","entries":[{"threshold":0,"model":{"type":"model","model":"civilization:item/tools/sonic_crossbow/pulling/1"}},{"threshold":0.58,"model":{"type":"model","model":"civilization:item/tools/sonic_crossbow/pulling/2"}},{"threshold":1.0,"model":{"type":"model","model":"civilization:item/tools/sonic_crossbow/pulling/3"}}],"fallback":{"type":"model","model":"civilization:item/tools/sonic_crossbow/pulling/1"}},"on_false":{"type":"select","property":"charge_type","cases":[{"model":{"type":"model","model":"civilization:item/tools/sonic_crossbow/pulling/4"},"when":"arrow"}],"fallback":{"type":"model","model":"civilization:item/tools/sonic_crossbow/default"}}}},{"threshold":3,"model":{"type":"condition","property":"using_item","on_true":{"type":"range_dispatch","property":"crossbow/pull","entries":[{"threshold":0,"model":{"type":"model","model":"civilization:item/tools/flaming_crossbow/pulling/0"}},{"threshold":0.58,"model":{"type":"model","model":"civilization:item/tools/flaming_crossbow/pulling/1"}},{"threshold":1.0,"model":{"type":"model","model":"civilization:item/tools/flaming_crossbow/pulling/2"}}],"fallback":{"type":"model","model":"civilization:item/tools/flaming_crossbow/pulling/0"}},"on_false":{"type":"select","property":"charge_type","cases":[{"model":{"type":"model","model":"civilization:item/tools/flaming_crossbow/arrow"},"when":"arrow"}],"fallback":{"type":"model","model":"civilization:item/tools/flaming_crossbow/default"}}}},{"threshold":4,"model":{"type":"condition","property":"using_item","on_true":{"type":"range_dispatch","property":"crossbow/pull","entries":[{"threshold":0,"model":{"type":"model","model":"civilization:item/tools/corrupted_crossbow/pulling/1"}},{"threshold":0.58,"model":{"type":"model","model":"civilization:item/tools/corrupted_crossbow/pulling/2"}},{"threshold":1.0,"model":{"type":"model","model":"civilization:item/tools/corrupted_crossbow/pulling/3"}}],"fallback":{"type":"model","model":"civilization:item/tools/corrupted_crossbow/pulling/1"}},"on_false":{"type":"select","property":"charge_type","cases":[{"model":{"type":"model","model":"civilization:item/tools/corrupted_crossbow/pulling/4"},"when":"arrow"}],"fallback":{"type":"model","model":"civilization:item/tools/corrupted_crossbow/default"}}}},{"threshold":5,"model":{"type":"condition","property":"using_item","on_true":{"type":"range_dispatch","property":"crossbow/pull","entries":[{"threshold":0,"model":{"type":"model","model":"civilization:item/tools/armadillo_detonator/pulling/1"}},{"threshold":0.58,"model":{"type":"model","model":"civilization:item/tools/armadillo_detonator/pulling/2"}},{"threshold":1.0,"model":{"type":"model","model":"civilization:item/tools/armadillo_detonator/pulling/3"}}],"fallback":{"type":"model","model":"civilization:item/tools/armadillo_detonator/pulling/1"}},"on_false":{"type":"select","property":"charge_type","cases":[{"model":{"type":"model","model":"civilization:item/tools/armadillo_detonator/pulling/4"},"when":"arrow"}],"fallback":{"type":"model","model":"civilization:item/tools/armadillo_detonator/default"}}}},{"threshold":6,"model":{"type":"condition","property":"using_item","on_true":{"type":"range_dispatch","property":"crossbow/pull","entries":[{"threshold":0,"model":{"type":"model","model":"civilization:item/tools/frog_crossbow/pulling/1"}},{"threshold":0.58,"model":{"type":"model","model":"civilization:item/tools/frog_crossbow/pulling/2"}},{"threshold":1.0,"model":{"type":"model","model":"civilization:item/tools/frog_crossbow/pulling/3"}}],"fallback":{"type":"model","model":"civilization:item/tools/frog_crossbow/pulling/1"}},"on_false":{"type":"select","property":"charge_type","cases":[{"model":{"type":"model","model":"civilization:item/tools/frog_crossbow/pulling/4"},"when":"arrow"}],"fallback":{"type":"model","model":"civilization:item/tools/frog_crossbow/default"}}}}],"fallback":{"type":"condition","property":"using_item","on_true":{"type":"range_dispatch","property":"crossbow/pull","fallback":{"type":"model","model":"item/crossbow_pulling_0"},"entries":[{"threshold":0.58,"model":{"type":"model","model":"item/crossbow_pulling_1"}},{"threshold":1.0,"model":{"type":"model","model":"item/crossbow_pulling_2"}}]},"on_false":{"type":"select","property":"charge_type","fallback":{"type":"model","model":"item/crossbow"},"cases":[{"model":{"type":"model","model":"item/crossbow_arrow"},"when":"arrow"},{"model":{"type":"model","model":"item/crossbow_firework"},"when":"rocket"}]}}}}