{"model":{"type":"range_dispatch","property":"custom_model_data","entries":[{"threshold":1,"model":{"type":"model","model":"civilization:item/decor/info_boards/info_board_br_lobby_left"}},{"threshold":2,"model":{"type":"model","model":"civilization:item/decor/info_boards/info_board_br_lobby_right"}},{"threshold":3,"model":{"type":"model","model":"civilization:item/decor/info_boards/info_board_br_pregame"}},{"threshold":4,"model":{"type":"model","model":"civilization:item/decor/info_boards/info_board_duels_lobby_left"}},{"threshold":5,"model":{"type":"model","model":"civilization:item/decor/info_boards/info_board_duels_lobby_right"}},{"threshold":6,"model":{"type":"model","model":"block/dandelion"}}],"fallback":{"type":"model","model":"item/dandelion"}}}