{"model":{"type":"range_dispatch","property":"custom_model_data","entries":[{"threshold":1,"model":{"type":"model","model":"civilization:item/tools/midas_sword"}},{"threshold":2,"model":{"type":"model","model":"civilization:item/tools/dragon_katana/normal"}},{"threshold":3,"model":{"type":"model","model":"civilization:item/tools/emerald_sword"}},{"threshold":4,"model":{"type":"model","model":"civilization:item/tools/shadow_blade/normal"}},{"threshold":5,"model":{"type":"model","model":"civilization:item/tools/magma_club/normal"}},{"threshold":6,"model":{"type":"model","model":"civilization:item/tools/mace"}},{"threshold":7,"model":{"type":"model","model":"civilization:item/tools/cloud_sword"}},{"threshold":8,"model":{"type":"model","model":"civilization:item/tools/crimson_chainsword/normal"}},{"threshold":9,"model":{"type":"model","model":"civilization:item/tools/crimson_chainsword/red"}},{"threshold":10,"model":{"type":"model","model":"civilization:item/tools/magma_club/inferno"}},{"threshold":11,"model":{"type":"model","model":"civilization:item/tools/shadow_blade/sculkripper"}},{"threshold":12,"model":{"type":"model","model":"item/diamond_sword"}}],"fallback":{"type":"model","model":"item/diamond_sword"}}}