{"model":{"type":"minecraft:range_dispatch","property":"minecraft:custom_model_data","entries":[{"threshold":1,"model":{"type":"minecraft:model","model":"civilization:item/tools/reinforced_elytra"}},{"threshold":2,"model":{"type":"minecraft:model","model":"civilization:item/tools/valentines_elytra"}},{"threshold":3,"model":{"type":"minecraft:condition","on_false":{"type":"minecraft:model","model":"minecraft:item/elytra"},"on_true":{"type":"minecraft:model","model":"minecraft:item/elytra_broken"},"property":"minecraft:broken"}}],"fallback":{"type":"minecraft:condition","on_false":{"type":"minecraft:model","model":"minecraft:item/elytra"},"on_true":{"type":"minecraft:model","model":"minecraft:item/elytra_broken"},"property":"minecraft:broken"}}}