{"model":{"type":"range_dispatch","property":"custom_model_data","entries":[{"threshold":1,"model":{"type":"model","model":"civilization:item/tools/previews/artemis_bow"}},{"threshold":2,"model":{"type":"model","model":"civilization:item/tools/previews/dragon_katana"}},{"threshold":3,"model":{"type":"model","model":"civilization:item/tools/previews/aiglos"}},{"threshold":4,"model":{"type":"model","model":"civilization:item/tools/previews/emerald_sword"}},{"threshold":5,"model":{"type":"model","model":"civilization:item/tools/previews/ender_bow"}},{"threshold":6,"model":{"type":"model","model":"civilization:item/tools/previews/fountain_of_youth"}},{"threshold":7,"model":{"type":"model","model":"civilization:item/tools/previews/grimoire"}},{"threshold":8,"model":{"type":"model","model":"civilization:item/tools/previews/legendary_sniffer"}},{"threshold":9,"model":{"type":"model","model":"civilization:item/tools/previews/lich_staff"}},{"threshold":10,"model":{"type":"model","model":"civilization:item/tools/previews/magma_club"}},{"threshold":11,"model":{"type":"model","model":"civilization:item/tools/previews/midas_sword"}},{"threshold":12,"model":{"type":"model","model":"civilization:item/tools/previews/mjolnir"}},{"threshold":13,"model":{"type":"model","model":"civilization:item/tools/previews/pufferfish_cannon"}},{"threshold":14,"model":{"type":"model","model":"civilization:item/tools/previews/reaper_scythe"}},{"threshold":15,"model":{"type":"model","model":"civilization:item/tools/previews/reinforced_elytra"}},{"threshold":16,"model":{"type":"model","model":"civilization:item/tools/previews/shadow_blade"}},{"threshold":17,"model":{"type":"model","model":"civilization:item/tools/previews/sonic_crossbow"}},{"threshold":18,"model":{"type":"model","model":"civilization:item/tools/previews/tim_the_enchanter"}},{"threshold":19,"model":{"type":"model","model":"civilization:item/tools/previews/void_staff_shulker"}},{"threshold":20,"model":{"type":"model","model":"civilization:item/tools/previews/void_staff_teleport"}},{"threshold":21,"model":{"type":"model","model":"civilization:item/tools/previews/war_pickaxe"}},{"threshold":22,"model":{"type":"model","model":"item/emerald"}}],"fallback":{"type":"model","model":"item/emerald"}}}