{"model":{"type":"range_dispatch","property":"custom_model_data","entries":[{"threshold":1,"model":{"type":"model","model":"civilization:item/glider/default/normal"}},{"threshold":2,"model":{"type":"model","model":"civilization:item/glider/camo/normal"}},{"threshold":3,"model":{"type":"model","model":"civilization:item/glider/celestial_dragon/normal"}},{"threshold":4,"model":{"type":"model","model":"civilization:item/glider/glider_of_death/normal"}},{"threshold":5,"model":{"type":"model","model":"civilization:item/glider/jurassic/normal"}},{"threshold":6,"model":{"type":"model","model":"civilization:item/glider/raven/normal"}},{"threshold":7,"model":{"type":"model","model":"civilization:item/glider/phantom/normal"}},{"threshold":8,"model":{"type":"model","model":"civilization:item/glider/spider/normal"}},{"threshold":9,"model":{"type":"model","model":"civilization:item/glider/default/shiny"}},{"threshold":10,"model":{"type":"model","model":"civilization:item/glider/camo/shiny"}},{"threshold":11,"model":{"type":"model","model":"civilization:item/glider/celestial_dragon/shiny"}},{"threshold":12,"model":{"type":"model","model":"civilization:item/glider/glider_of_death/shiny"}},{"threshold":13,"model":{"type":"model","model":"civilization:item/glider/jurassic/shiny"}},{"threshold":14,"model":{"type":"model","model":"civilization:item/glider/raven/shiny"}},{"threshold":15,"model":{"type":"model","model":"civilization:item/glider/phantom/shiny"}},{"threshold":16,"model":{"type":"model","model":"civilization:item/glider/spider/shiny"}},{"threshold":17,"model":{"type":"model","model":"civilization:item/glider/christmas_tree_rocket/normal"}},{"threshold":18,"model":{"type":"model","model":"civilization:item/glider/gift_wrap/normal"}},{"threshold":19,"model":{"type":"model","model":"civilization:item/glider/santa_sleigh/normal"}},{"threshold":20,"model":{"type":"model","model":"civilization:item/glider/santa_sleigh/shiny"}},{"threshold":21,"model":{"type":"model","model":"civilization:item/glider/hubert_the_sophisticated_turtle/normal"}},{"threshold":22,"model":{"type":"model","model":"civilization:item/glider/snowman/normal"}},{"threshold":23,"model":{"type":"model","model":"civilization:item/glider/ufo/normal"}},{"threshold":24,"model":{"type":"model","model":"civilization:item/glider/christmas_stocking/normal"}},{"threshold":25,"model":{"type":"model","model":"civilization:item/glider/gift_wrap/shiny"}},{"threshold":26,"model":{"type":"model","model":"civilization:item/glider/hubert_the_sophisticated_turtle/shiny"}},{"threshold":27,"model":{"type":"model","model":"civilization:item/glider/christmas_stocking/shiny"}},{"threshold":28,"model":{"type":"model","model":"civilization:item/glider/christmas_tree_rocket/shiny"}},{"threshold":29,"model":{"type":"model","model":"civilization:item/glider/snowman/shiny"}},{"threshold":30,"model":{"type":"model","model":"civilization:item/glider/ufo/shiny"}},{"threshold":31,"model":{"type":"model","model":"civilization:item/glider/dragon/normal"}},{"threshold":32,"model":{"type":"model","model":"civilization:item/glider/dragon/shiny"}},{"threshold":33,"model":{"type":"model","model":"civilization:item/glider/checkerboard/normal"}},{"threshold":34,"model":{"type":"model","model":"civilization:item/glider/checkerboard/shiny"}},{"threshold":35,"model":{"type":"model","model":"civilization:item/glider/phoenix/normal"}},{"threshold":36,"model":{"type":"model","model":"civilization:item/glider/phoenix/shiny"}},{"threshold":37,"model":{"type":"model","model":"civilization:item/glider/stealth/normal"}},{"threshold":38,"model":{"type":"model","model":"civilization:item/glider/stealth/shiny"}},{"threshold":39,"model":{"type":"model","model":"civilization:item/glider/heart_balloons/normal"}},{"threshold":40,"model":{"type":"model","model":"civilization:item/glider/heart_balloons/shiny"}},{"threshold":41,"model":{"type":"model","model":"civilization:item/glider/cupid/normal"}},{"threshold":42,"model":{"type":"model","model":"civilization:item/glider/cupid/shiny"}},{"threshold":43,"model":{"type":"model","model":"civilization:item/glider/rose/normal"}},{"threshold":44,"model":{"type":"model","model":"civilization:item/glider/rose/shiny"}},{"threshold":45,"model":{"type":"model","model":"civilization:item/glider/valentines/normal"}},{"threshold":46,"model":{"type":"model","model":"civilization:item/glider/valentines/shiny"}},{"threshold":47,"model":{"type":"model","model":"civilization:item/glider/biplane/normal"}},{"threshold":48,"model":{"type":"model","model":"civilization:item/glider/biplane/shiny"}},{"threshold":49,"model":{"type":"model","model":"civilization:item/glider/large_propeller_hat/normal"}},{"threshold":50,"model":{"type":"model","model":"civilization:item/glider/large_propeller_hat/shiny"}},{"threshold":51,"model":{"type":"model","model":"civilization:item/glider/pig/normal"}},{"threshold":52,"model":{"type":"model","model":"civilization:item/glider/pig/shiny"}},{"threshold":53,"model":{"type":"model","model":"civilization:item/glider/warden_dragon/normal"}},{"threshold":54,"model":{"type":"model","model":"civilization:item/glider/warden_dragon/shiny"}},{"threshold":55,"model":{"type":"model","model":"civilization:item/glider/warden_default/normal"}},{"threshold":56,"model":{"type":"model","model":"civilization:item/glider/warden_default/shiny"}},{"threshold":57,"model":{"type":"model","model":"civilization:item/glider/falling_warden/normal"}},{"threshold":58,"model":{"type":"model","model":"civilization:item/glider/falling_warden/shiny"}},{"threshold":59,"model":{"type":"model","model":"civilization:item/glider/deep_dark_wings/normal"}},{"threshold":60,"model":{"type":"model","model":"civilization:item/glider/deep_dark_wings/shiny"}},{"threshold":61,"model":{"type":"model","model":"civilization:item/glider/butterfly/normal"}},{"threshold":62,"model":{"type":"model","model":"civilization:item/glider/butterfly/shiny"}},{"threshold":63,"model":{"type":"model","model":"civilization:item/glider/fire/normal"}},{"threshold":64,"model":{"type":"model","model":"civilization:item/glider/fire/shiny"}},{"threshold":65,"model":{"type":"model","model":"civilization:item/glider/shark/normal"}},{"threshold":66,"model":{"type":"model","model":"civilization:item/glider/shark/shiny"}},{"threshold":67,"model":{"type":"model","model":"civilization:item/glider/enchanted/normal"}},{"threshold":68,"model":{"type":"model","model":"civilization:item/glider/enchanted/shiny"}},{"threshold":69,"model":{"type":"model","model":"civilization:item/glider/swordfish/normal"}},{"threshold":70,"model":{"type":"model","model":"civilization:item/glider/swordfish/shiny"}},{"threshold":71,"model":{"type":"model","model":"civilization:item/glider/rescue_boat/normal"}},{"threshold":72,"model":{"type":"model","model":"civilization:item/glider/rescue_boat/shiny"}},{"threshold":73,"model":{"type":"model","model":"civilization:item/glider/crab/normal"}},{"threshold":74,"model":{"type":"model","model":"civilization:item/glider/crab/shiny"}},{"threshold":75,"model":{"type":"model","model":"civilization:item/glider/greg/normal"}},{"threshold":76,"model":{"type":"model","model":"civilization:item/glider/greg/shiny"}},{"threshold":77,"model":{"type":"model","model":"civilization:item/glider/magma/normal"}},{"threshold":78,"model":{"type":"model","model":"civilization:item/glider/magma/shiny"}},{"threshold":79,"model":{"type":"model","model":"civilization:item/glider/skeleton_hoglin/normal"}},{"threshold":80,"model":{"type":"model","model":"civilization:item/glider/skeleton_hoglin/shiny"}},{"threshold":81,"model":{"type":"model","model":"civilization:item/glider/ghast/normal"}},{"threshold":82,"model":{"type":"model","model":"civilization:item/glider/ghast/shiny"}},{"threshold":83,"model":{"type":"model","model":"civilization:item/glider/anglia/normal"}},{"threshold":84,"model":{"type":"model","model":"civilization:item/glider/anglia/shiny"}},{"threshold":85,"model":{"type":"model","model":"civilization:item/glider/ender_eye/normal"}},{"threshold":86,"model":{"type":"model","model":"civilization:item/glider/ender_eye/shiny"}},{"threshold":87,"model":{"type":"model","model":"civilization:item/glider/hoplite/normal"}},{"threshold":88,"model":{"type":"model","model":"civilization:item/glider/hoplite/shiny"}},{"threshold":89,"model":{"type":"model","model":"civilization:item/glider/rainbow/normal"}},{"threshold":90,"model":{"type":"model","model":"civilization:item/glider/rainbow/shiny"}},{"threshold":91,"model":{"type":"model","model":"civilization:item/glider/sunflower/normal"}},{"threshold":92,"model":{"type":"model","model":"civilization:item/glider/sunflower/shiny"}},{"threshold":93,"model":{"type":"model","model":"civilization:item/glider/corrupted_dragon/normal"}},{"threshold":94,"model":{"type":"model","model":"civilization:item/glider/corrupted_dragon/shiny"}},{"threshold":95,"model":{"type":"model","model":"civilization:item/glider/end_ship/normal"}},{"threshold":96,"model":{"type":"model","model":"civilization:item/glider/end_ship/shiny"}},{"threshold":97,"model":{"type":"model","model":"civilization:item/glider/end_phantom/normal"}},{"threshold":98,"model":{"type":"model","model":"civilization:item/glider/end_phantom/shiny"}},{"threshold":99,"model":{"type":"model","model":"civilization:item/glider/apollos_chariot/normal"}},{"threshold":100,"model":{"type":"model","model":"civilization:item/glider/apollos_chariot/shiny"}},{"threshold":101,"model":{"type":"model","model":"civilization:item/glider/parthenon/normal"}},{"threshold":102,"model":{"type":"model","model":"civilization:item/glider/parthenon/shiny"}},{"threshold":103,"model":{"type":"model","model":"civilization:item/glider/poseidon/normal"}},{"threshold":104,"model":{"type":"model","model":"civilization:item/glider/poseidon/shiny"}},{"threshold":105,"model":{"type":"model","model":"civilization:item/glider/ladybug/normal"}},{"threshold":106,"model":{"type":"model","model":"civilization:item/glider/ladybug/shiny"}},{"threshold":107,"model":{"type":"model","model":"civilization:item/glider/orange/normal"}},{"threshold":108,"model":{"type":"model","model":"civilization:item/glider/orange/shiny"}},{"threshold":109,"model":{"type":"model","model":"civilization:item/glider/stork/normal"}},{"threshold":110,"model":{"type":"model","model":"civilization:item/glider/stork/shiny"}},{"threshold":111,"model":{"type":"model","model":"civilization:item/glider/frozen/normal"}},{"threshold":112,"model":{"type":"model","model":"civilization:item/glider/frozen/shiny"}},{"threshold":113,"model":{"type":"model","model":"civilization:item/glider/gerald/normal"}},{"threshold":114,"model":{"type":"model","model":"civilization:item/glider/gerald/shiny"}},{"threshold":115,"model":{"type":"model","model":"civilization:item/glider/golden/normal"}},{"threshold":116,"model":{"type":"model","model":"civilization:item/glider/golden/shiny"}},{"threshold":117,"model":{"type":"model","model":"civilization:item/glider/hot_air_balloon/normal"}},{"threshold":118,"model":{"type":"model","model":"civilization:item/glider/hot_air_balloon/shiny"}},{"threshold":119,"model":{"type":"model","model":"civilization:item/glider/bat/normal"}},{"threshold":120,"model":{"type":"model","model":"civilization:item/glider/bat/shiny"}},{"threshold":121,"model":{"type":"model","model":"civilization:item/glider/spooky_eyeball/normal"}},{"threshold":122,"model":{"type":"model","model":"civilization:item/glider/spooky_eyeball/shiny"}},{"threshold":123,"model":{"type":"model","model":"civilization:item/glider/scary_pumpkin/normal"}},{"threshold":124,"model":{"type":"model","model":"civilization:item/glider/scary_pumpkin/shiny"}},{"threshold":125,"model":{"type":"model","model":"civilization:item/glider/cake/normal"}},{"threshold":126,"model":{"type":"model","model":"civilization:item/glider/cake/shiny"}},{"threshold":127,"model":{"type":"model","model":"civilization:item/glider/bee/normal"}},{"threshold":128,"model":{"type":"model","model":"civilization:item/glider/bee/shiny"}},{"threshold":129,"model":{"type":"model","model":"civilization:item/glider/train/normal"}},{"threshold":130,"model":{"type":"model","model":"civilization:item/glider/train/shiny"}},{"threshold":131,"model":{"type":"model","model":"civilization:item/glider/biplane/legacy"}},{"threshold":132,"model":{"type":"model","model":"civilization:item/glider/greg/legacy"}},{"threshold":133,"model":{"type":"model","model":"civilization:item/glider/hubert_the_sophisticated_turtle/legacy"}},{"threshold":134,"model":{"type":"model","model":"civilization:item/glider/phoenix/legacy"}},{"threshold":135,"model":{"type":"model","model":"civilization:item/glider/large_propeller_hat/legacy"}},{"threshold":136,"model":{"type":"model","model":"civilization:item/glider/ufo/legacy"}},{"threshold":137,"model":{"type":"model","model":"civilization:item/glider/gerald/legacy"}},{"threshold":138,"model":{"type":"model","model":"civilization:item/glider/hoplite/legacy"}},{"threshold":139,"model":{"type":"model","model":"civilization:item/glider/jurassic/legacy"}},{"threshold":140,"model":{"type":"model","model":"civilization:item/glider/pig/legacy"}},{"threshold":141,"model":{"type":"model","model":"civilization:item/glider/stealth/legacy"}},{"threshold":142,"model":{"type":"model","model":"civilization:item/glider/sunflower/legacy"}},{"threshold":143,"model":{"type":"model","model":"civilization:item/glider/chocolate/normal"}},{"threshold":144,"model":{"type":"model","model":"civilization:item/glider/chocolate/shiny"}},{"threshold":145,"model":{"type":"model","model":"civilization:item/glider/blue_butterfly/normal"}},{"threshold":146,"model":{"type":"model","model":"civilization:item/glider/blue_butterfly/shiny"}},{"threshold":147,"model":{"type":"model","model":"civilization:item/glider/bunny/normal"}},{"threshold":148,"model":{"type":"model","model":"civilization:item/glider/bunny/shiny"}},{"threshold":149,"model":{"type":"model","model":"item/feather"}}],"fallback":{"type":"model","model":"item/feather"}}}