{"model":{"type":"range_dispatch","property":"custom_model_data","entries":[{"threshold":1,"model":{"type":"condition","property":"fishing_rod/cast","on_true":{"type":"model","model":"civilization:item/tools/lucky_rod/cast"},"on_false":{"type":"model","model":"civilization:item/tools/lucky_rod/default"}}},{"threshold":2,"model":{"type":"condition","property":"fishing_rod/cast","on_true":{"type":"model","model":"civilization:item/tools/fishermans_rod/normal/cast"},"on_false":{"type":"model","model":"civilization:item/tools/fishermans_rod/normal/default"}}},{"threshold":3,"model":{"type":"condition","property":"fishing_rod/cast","on_true":{"type":"model","model":"civilization:item/tools/fishermans_rod/prestiged/cast"},"on_false":{"type":"model","model":"civilization:item/tools/fishermans_rod/prestiged/default"}}},{"threshold":4,"model":{"type":"condition","property":"fishing_rod/cast","on_true":{"type":"model","model":"civilization:item/tools/barbed_rod/cast"},"on_false":{"type":"model","model":"civilization:item/tools/barbed_rod/default"}}},{"threshold":5,"model":{"type":"model","model":"civilization:item/tools/sculkweaver_lantern/normal/default"}},{"threshold":6,"model":{"type":"model","model":"civilization:item/tools/sculkweaver_lantern/normal/cast"}},{"threshold":7,"model":{"type":"model","model":"civilization:item/tools/sculkweaver_lantern/jolly/default"}},{"threshold":8,"model":{"type":"model","model":"civilization:item/tools/sculkweaver_lantern/jolly/cast"}}],"fallback":{"type":"condition","property":"fishing_rod/cast","on_true":{"type":"model","model":"item/fishing_rod_cast"},"on_false":{"type":"model","model":"item/fishing_rod"}}}}