{"model":{"type":"range_dispatch","property":"custom_model_data","entries":[{"threshold":1,"model":{"type":"model","model":"civilization:item/ui/settings/private_messages"}},{"threshold":2,"model":{"type":"model","model":"civilization:item/ui/settings/friend_requests"}},{"threshold":3,"model":{"type":"model","model":"civilization:item/ui/settings/friend_notifications"}},{"threshold":4,"model":{"type":"model","model":"civilization:item/ui/settings/profanity_filter"}},{"threshold":5,"model":{"type":"model","model":"civilization:item/ui/settings/chat_mentions"}},{"threshold":6,"model":{"type":"model","model":"civilization:item/ui/settings/party_invites"}},{"threshold":7,"model":{"type":"model","model":"civilization:item/ui/settings/party_glow"}},{"threshold":8,"model":{"type":"model","model":"civilization:item/ui/settings/profile_visibility"}},{"threshold":9,"model":{"type":"model","model":"civilization:item/ui/settings/share_online_status"}},{"threshold":10,"model":{"type":"model","model":"civilization:item/ui/settings/announce_join_message"}},{"threshold":11,"model":{"type":"model","model":"civilization:item/ui/settings/auto_queue"}},{"threshold":12,"model":{"type":"model","model":"civilization:item/ui/settings/spectator_visibility"}},{"threshold":13,"model":{"type":"model","model":"civilization:item/ui/settings/team_glow"}},{"threshold":14,"model":{"type":"model","model":"civilization:item/ui/settings/night_vision"}},{"threshold":15,"model":{"type":"model","model":"civilization:item/ui/settings/quest_progression"}},{"threshold":16,"model":{"type":"model","model":"civilization:item/ui/settings/duel_requests"}},{"threshold":17,"model":{"type":"model","model":"civilization:item/ui/settings/fast_weapon_mode_toggle"}},{"threshold":18,"model":{"type":"model","model":"civilization:item/ui/settings/lobby_leave_confirmation"}},{"threshold":19,"model":{"type":"model","model":"civilization:item/ui/settings/lobby_time"}},{"threshold":20,"model":{"type":"model","model":"civilization:item/ui/settings/lobby_flight"}},{"threshold":21,"model":{"type":"model","model":"civilization:item/ui/settings/discord_visibility"}},{"threshold":22,"model":{"type":"model","model":"civilization:item/ui/settings/proximity_chat_filter"}},{"threshold":23,"model":{"type":"model","model":"civilization:item/ui/settings/cooldown_bars"}},{"threshold":24,"model":{"type":"model","model":"civilization:item/ui/settings/flag_accessibility"}},{"threshold":25,"model":{"type":"model","model":"civilization:item/ui/settings/auto_replace_emojis"}},{"threshold":26,"model":{"type":"model","model":"civilization:item/ui/hide_hats"}},{"threshold":27,"model":{"type":"model","model":"civilization:item/ui/settings/cooldown_bars_purple"}},{"threshold":28,"model":{"type":"model","model":"item/flint"}}],"fallback":{"type":"model","model":"item/flint"}}}