{"model":{"type":"range_dispatch","property":"custom_model_data","entries":[{"threshold":1,"model":{"type":"model","model":"civilization:item/tools/ravager_horn"}},{"threshold":2,"model":{"type":"minecraft:condition","on_false":{"type":"minecraft:model","model":"minecraft:item/goat_horn"},"on_true":{"type":"minecraft:model","model":"minecraft:item/tooting_goat_horn"},"property":"minecraft:using_item"}}],"fallback":{"type":"minecraft:condition","on_false":{"type":"minecraft:model","model":"minecraft:item/goat_horn"},"on_true":{"type":"minecraft:model","model":"minecraft:item/tooting_goat_horn"},"property":"minecraft:using_item"}}}