{"model":{"type":"range_dispatch","property":"custom_model_data","entries":[{"threshold":1,"model":{"type":"model","model":"civilization:item/tools/expert_evoker"}},{"threshold":2,"model":{"type":"model","model":"civilization:item/gameplay/heart"}},{"threshold":3,"model":{"type":"model","model":"civilization:item/tools/kim_the_transmuter"}},{"threshold":4,"model":{"type":"model","model":"civilization:item/tools/gruntilda"}},{"threshold":5,"model":{"type":"model","model":"item/iron_ingot"}}],"fallback":{"type":"model","model":"item/iron_ingot"}}}