{"model":{"type":"range_dispatch","property":"custom_model_data","entries":[{"threshold":1,"model":{"type":"model","model":"civilization:item/cosmetics/animations/plasma_burst/0"}},{"threshold":2,"model":{"type":"model","model":"civilization:item/cosmetics/animations/plasma_burst/1"}},{"threshold":3,"model":{"type":"model","model":"civilization:item/cosmetics/animations/plasma_burst/2"}},{"threshold":4,"model":{"type":"model","model":"civilization:item/cosmetics/animations/plasma_burst/3"}},{"threshold":5,"model":{"type":"model","model":"civilization:item/cosmetics/animations/plasma_burst/4"}},{"threshold":6,"model":{"type":"model","model":"civilization:item/cosmetics/animations/plasma_burst/5"}},{"threshold":7,"model":{"type":"model","model":"civilization:item/cosmetics/animations/plasma_burst/6"}},{"threshold":8,"model":{"type":"model","model":"civilization:item/cosmetics/animations/plasma_burst/7"}},{"threshold":9,"model":{"type":"model","model":"civilization:item/cosmetics/animations/plasma_burst/8"}},{"threshold":10,"model":{"type":"model","model":"civilization:item/cosmetics/animations/plasma_burst/9"}},{"threshold":11,"model":{"type":"model","model":"civilization:item/cosmetics/animations/plasma_burst/10"}},{"threshold":12,"model":{"type":"model","model":"civilization:item/cosmetics/animations/plasma_burst/11"}},{"threshold":13,"model":{"type":"model","model":"civilization:item/cosmetics/animations/snowflake_bloom/0"}},{"threshold":14,"model":{"type":"model","model":"civilization:item/cosmetics/animations/snowflake_bloom/1"}},{"threshold":15,"model":{"type":"model","model":"civilization:item/cosmetics/animations/snowflake_bloom/2"}},{"threshold":16,"model":{"type":"model","model":"civilization:item/cosmetics/animations/snowflake_bloom/3"}},{"threshold":17,"model":{"type":"model","model":"civilization:item/cosmetics/animations/snowflake_bloom/4"}},{"threshold":18,"model":{"type":"model","model":"civilization:item/cosmetics/animations/snowflake_bloom/5"}},{"threshold":19,"model":{"type":"model","model":"civilization:item/cosmetics/animations/snowflake_bloom/6"}},{"threshold":20,"model":{"type":"model","model":"civilization:item/cosmetics/animations/snowflake_bloom/7"}},{"threshold":21,"model":{"type":"model","model":"civilization:item/cosmetics/animations/snowflake_bloom/8"}},{"threshold":22,"model":{"type":"model","model":"civilization:item/cosmetics/animations/snowflake_bloom/9"}},{"threshold":23,"model":{"type":"model","model":"civilization:item/cosmetics/animations/snowflake_bloom/10"}},{"threshold":24,"model":{"type":"model","model":"civilization:item/cosmetics/animations/snowflake_bloom/11"}},{"threshold":25,"model":{"type":"model","model":"civilization:item/cosmetics/animations/fire_ignition/0"}},{"threshold":26,"model":{"type":"model","model":"civilization:item/cosmetics/animations/fire_ignition/1"}},{"threshold":27,"model":{"type":"model","model":"civilization:item/cosmetics/animations/fire_ignition/2"}},{"threshold":28,"model":{"type":"model","model":"civilization:item/cosmetics/animations/fire_ignition/3"}},{"threshold":29,"model":{"type":"model","model":"civilization:item/cosmetics/animations/fire_ignition/4"}},{"threshold":30,"model":{"type":"model","model":"civilization:item/cosmetics/animations/fire_ignition/5"}},{"threshold":31,"model":{"type":"model","model":"civilization:item/cosmetics/animations/fire_ignition/6"}},{"threshold":32,"model":{"type":"model","model":"civilization:item/cosmetics/animations/bomb_drop/0"}},{"threshold":33,"model":{"type":"model","model":"civilization:item/cosmetics/animations/bomb_drop/1"}},{"threshold":34,"model":{"type":"model","model":"civilization:item/cosmetics/animations/bomb_drop/2"}},{"threshold":35,"model":{"type":"model","model":"civilization:item/cosmetics/animations/bomb_drop/3"}},{"threshold":36,"model":{"type":"model","model":"civilization:item/cosmetics/animations/bomb_drop/4"}},{"threshold":37,"model":{"type":"model","model":"civilization:item/cosmetics/animations/bomb_drop/5"}},{"threshold":38,"model":{"type":"model","model":"civilization:item/cosmetics/animations/bomb_drop/6"}},{"threshold":39,"model":{"type":"model","model":"civilization:item/cosmetics/animations/confetti_explosion/0"}},{"threshold":40,"model":{"type":"model","model":"civilization:item/cosmetics/animations/confetti_explosion/1"}},{"threshold":41,"model":{"type":"model","model":"civilization:item/cosmetics/animations/confetti_explosion/2"}},{"threshold":42,"model":{"type":"model","model":"civilization:item/cosmetics/animations/confetti_explosion/3"}},{"threshold":43,"model":{"type":"model","model":"civilization:item/cosmetics/animations/confetti_explosion/4"}},{"threshold":44,"model":{"type":"model","model":"civilization:item/cosmetics/animations/confetti_explosion/5"}},{"threshold":45,"model":{"type":"model","model":"civilization:item/cosmetics/animations/confetti_explosion/6"}},{"threshold":46,"model":{"type":"model","model":"civilization:item/cosmetics/animations/confetti_explosion/7"}},{"threshold":47,"model":{"type":"model","model":"civilization:item/cosmetics/animations/confetti_explosion/8"}},{"threshold":48,"model":{"type":"model","model":"civilization:item/cosmetics/animations/confetti_explosion/9"}},{"threshold":49,"model":{"type":"model","model":"civilization:item/cosmetics/animations/divine_smite/0"}},{"threshold":50,"model":{"type":"model","model":"civilization:item/cosmetics/animations/divine_smite/1"}},{"threshold":51,"model":{"type":"model","model":"civilization:item/cosmetics/animations/divine_smite/2"}},{"threshold":52,"model":{"type":"model","model":"civilization:item/cosmetics/animations/divine_smite/3"}},{"threshold":53,"model":{"type":"model","model":"civilization:item/cosmetics/animations/divine_smite/4"}},{"threshold":54,"model":{"type":"model","model":"civilization:item/cosmetics/animations/divine_smite/5"}},{"threshold":55,"model":{"type":"model","model":"civilization:item/cosmetics/animations/divine_smite/6"}},{"threshold":56,"model":{"type":"model","model":"item/iron_nugget"}}],"fallback":{"type":"model","model":"item/iron_nugget"}}}