{"model":{"type":"minecraft:range_dispatch","property":"minecraft:custom_model_data","entries":[{"threshold":1,"model":{"type":"minecraft:model","model":"civilization:item/armor/cactus/leggings"}},{"threshold":1,"model":{"type":"minecraft:model","model":"civilization:item/armor/cactus/trims/leggings_quartz_trim"}},{"threshold":1,"model":{"type":"minecraft:model","model":"civilization:item/armor/cactus/trims/leggings_iron_trim"}},{"threshold":1,"model":{"type":"minecraft:model","model":"civilization:item/armor/cactus/trims/leggings_netherite_trim"}},{"threshold":1,"model":{"type":"minecraft:model","model":"civilization:item/armor/cactus/trims/leggings_redstone_trim"}},{"threshold":1,"model":{"type":"minecraft:model","model":"civilization:item/armor/cactus/trims/leggings_copper_trim"}},{"threshold":1,"model":{"type":"minecraft:model","model":"civilization:item/armor/cactus/trims/leggings_gold_trim"}},{"threshold":1,"model":{"type":"minecraft:model","model":"civilization:item/armor/cactus/trims/leggings_emerald_trim"}},{"threshold":1,"model":{"type":"minecraft:model","model":"civilization:item/armor/cactus/trims/leggings_diamond_trim"}},{"threshold":1,"model":{"type":"minecraft:model","model":"civilization:item/armor/cactus/trims/leggings_lapis_trim"}},{"threshold":1,"model":{"type":"minecraft:model","model":"civilization:item/armor/cactus/trims/leggings_amethyst_trim"}},{"threshold":2,"model":{"type":"minecraft:model","model":"civilization:item/armor/ent/leggings"}},{"threshold":2,"model":{"type":"minecraft:model","model":"civilization:item/armor/ent/trims/leggings_quartz_trim"}},{"threshold":2,"model":{"type":"minecraft:model","model":"civilization:item/armor/ent/trims/leggings_iron_trim"}},{"threshold":2,"model":{"type":"minecraft:model","model":"civilization:item/armor/ent/trims/leggings_netherite_trim"}},{"threshold":2,"model":{"type":"minecraft:model","model":"civilization:item/armor/ent/trims/leggings_redstone_trim"}},{"threshold":2,"model":{"type":"minecraft:model","model":"civilization:item/armor/ent/trims/leggings_copper_trim"}},{"threshold":2,"model":{"type":"minecraft:model","model":"civilization:item/armor/ent/trims/leggings_gold_trim"}},{"threshold":2,"model":{"type":"minecraft:model","model":"civilization:item/armor/ent/trims/leggings_emerald_trim"}},{"threshold":2,"model":{"type":"minecraft:model","model":"civilization:item/armor/ent/trims/leggings_diamond_trim"}},{"threshold":2,"model":{"type":"minecraft:model","model":"civilization:item/armor/ent/trims/leggings_lapis_trim"}},{"threshold":2,"model":{"type":"minecraft:model","model":"civilization:item/armor/ent/trims/leggings_amethyst_trim"}},{"threshold":3,"model":{"type":"minecraft:model","model":"civilization:item/armor/mushroom/leggings"}},{"threshold":3,"model":{"type":"minecraft:model","model":"civilization:item/armor/mushroom/trims/leggings_quartz_trim"}},{"threshold":3,"model":{"type":"minecraft:model","model":"civilization:item/armor/mushroom/trims/leggings_iron_trim"}},{"threshold":3,"model":{"type":"minecraft:model","model":"civilization:item/armor/mushroom/trims/leggings_netherite_trim"}},{"threshold":3,"model":{"type":"minecraft:model","model":"civilization:item/armor/mushroom/trims/leggings_redstone_trim"}},{"threshold":3,"model":{"type":"minecraft:model","model":"civilization:item/armor/mushroom/trims/leggings_copper_trim"}},{"threshold":3,"model":{"type":"minecraft:model","model":"civilization:item/armor/mushroom/trims/leggings_gold_trim"}},{"threshold":3,"model":{"type":"minecraft:model","model":"civilization:item/armor/mushroom/trims/leggings_emerald_trim"}},{"threshold":3,"model":{"type":"minecraft:model","model":"civilization:item/armor/mushroom/trims/leggings_diamond_trim"}},{"threshold":3,"model":{"type":"minecraft:model","model":"civilization:item/armor/mushroom/trims/leggings_lapis_trim"}},{"threshold":3,"model":{"type":"minecraft:model","model":"civilization:item/armor/mushroom/trims/leggings_amethyst_trim"}},{"threshold":4,"model":{"type":"minecraft:model","model":"civilization:item/armor/bandit/leggings"}},{"threshold":4,"model":{"type":"minecraft:model","model":"civilization:item/armor/bandit/trims/leggings_quartz_trim"}},{"threshold":4,"model":{"type":"minecraft:model","model":"civilization:item/armor/bandit/trims/leggings_iron_trim"}},{"threshold":4,"model":{"type":"minecraft:model","model":"civilization:item/armor/bandit/trims/leggings_netherite_trim"}},{"threshold":4,"model":{"type":"minecraft:model","model":"civilization:item/armor/bandit/trims/leggings_redstone_trim"}},{"threshold":4,"model":{"type":"minecraft:model","model":"civilization:item/armor/bandit/trims/leggings_copper_trim"}},{"threshold":4,"model":{"type":"minecraft:model","model":"civilization:item/armor/bandit/trims/leggings_gold_trim"}},{"threshold":4,"model":{"type":"minecraft:model","model":"civilization:item/armor/bandit/trims/leggings_emerald_trim"}},{"threshold":4,"model":{"type":"minecraft:model","model":"civilization:item/armor/bandit/trims/leggings_diamond_trim"}},{"threshold":4,"model":{"type":"minecraft:model","model":"civilization:item/armor/bandit/trims/leggings_lapis_trim"}},{"threshold":4,"model":{"type":"minecraft:model","model":"civilization:item/armor/bandit/trims/leggings_amethyst_trim"}},{"threshold":6,"model":{"type":"minecraft:model","model":"civilization:item/armor/skeleton/leggings"}},{"threshold":6,"model":{"type":"minecraft:model","model":"civilization:item/armor/skeleton/trims/leggings_quartz_trim"}},{"threshold":6,"model":{"type":"minecraft:model","model":"civilization:item/armor/skeleton/trims/leggings_iron_trim"}},{"threshold":6,"model":{"type":"minecraft:model","model":"civilization:item/armor/skeleton/trims/leggings_netherite_trim"}},{"threshold":6,"model":{"type":"minecraft:model","model":"civilization:item/armor/skeleton/trims/leggings_redstone_trim"}},{"threshold":6,"model":{"type":"minecraft:model","model":"civilization:item/armor/skeleton/trims/leggings_copper_trim"}},{"threshold":6,"model":{"type":"minecraft:model","model":"civilization:item/armor/skeleton/trims/leggings_gold_trim"}},{"threshold":6,"model":{"type":"minecraft:model","model":"civilization:item/armor/skeleton/trims/leggings_emerald_trim"}},{"threshold":6,"model":{"type":"minecraft:model","model":"civilization:item/armor/skeleton/trims/leggings_diamond_trim"}},{"threshold":6,"model":{"type":"minecraft:model","model":"civilization:item/armor/skeleton/trims/leggings_lapis_trim"}},{"threshold":6,"model":{"type":"minecraft:model","model":"civilization:item/armor/skeleton/trims/leggings_amethyst_trim"}},{"threshold":10,"model":{"type":"minecraft:model","model":"minecraft:item/leather_leggings"}}],"fallback":{"type":"minecraft:model","model":"minecraft:item/leather_leggings"}}}