{"model":{"type":"minecraft:range_dispatch","property":"minecraft:custom_model_data","entries":[{"threshold":1,"model":{"type":"minecraft:model","model":"civilization:item/armor/cactus/boots"}},{"threshold":1,"model":{"type":"minecraft:model","model":"civilization:item/armor/cactus/trims/boots_quartz_trim"}},{"threshold":1,"model":{"type":"minecraft:model","model":"civilization:item/armor/cactus/trims/boots_iron_trim"}},{"threshold":1,"model":{"type":"minecraft:model","model":"civilization:item/armor/cactus/trims/boots_netherite_trim"}},{"threshold":1,"model":{"type":"minecraft:model","model":"civilization:item/armor/cactus/trims/boots_redstone_trim"}},{"threshold":1,"model":{"type":"minecraft:model","model":"civilization:item/armor/cactus/trims/boots_copper_trim"}},{"threshold":1,"model":{"type":"minecraft:model","model":"civilization:item/armor/cactus/trims/boots_gold_trim"}},{"threshold":1,"model":{"type":"minecraft:model","model":"civilization:item/armor/cactus/trims/boots_emerald_trim"}},{"threshold":1,"model":{"type":"minecraft:model","model":"civilization:item/armor/cactus/trims/boots_diamond_trim"}},{"threshold":1,"model":{"type":"minecraft:model","model":"civilization:item/armor/cactus/trims/boots_lapis_trim"}},{"threshold":1,"model":{"type":"minecraft:model","model":"civilization:item/armor/cactus/trims/boots_amethyst_trim"}},{"threshold":2,"model":{"type":"minecraft:model","model":"civilization:item/armor/ent/boots"}},{"threshold":2,"model":{"type":"minecraft:model","model":"civilization:item/armor/ent/trims/boots_quartz_trim"}},{"threshold":2,"model":{"type":"minecraft:model","model":"civilization:item/armor/ent/trims/boots_iron_trim"}},{"threshold":2,"model":{"type":"minecraft:model","model":"civilization:item/armor/ent/trims/boots_netherite_trim"}},{"threshold":2,"model":{"type":"minecraft:model","model":"civilization:item/armor/ent/trims/boots_redstone_trim"}},{"threshold":2,"model":{"type":"minecraft:model","model":"civilization:item/armor/ent/trims/boots_copper_trim"}},{"threshold":2,"model":{"type":"minecraft:model","model":"civilization:item/armor/ent/trims/boots_gold_trim"}},{"threshold":2,"model":{"type":"minecraft:model","model":"civilization:item/armor/ent/trims/boots_emerald_trim"}},{"threshold":2,"model":{"type":"minecraft:model","model":"civilization:item/armor/ent/trims/boots_diamond_trim"}},{"threshold":2,"model":{"type":"minecraft:model","model":"civilization:item/armor/ent/trims/boots_lapis_trim"}},{"threshold":2,"model":{"type":"minecraft:model","model":"civilization:item/armor/ent/trims/boots_amethyst_trim"}},{"threshold":3,"model":{"type":"minecraft:model","model":"civilization:item/armor/mushroom/boots"}},{"threshold":3,"model":{"type":"minecraft:model","model":"civilization:item/armor/mushroom/trims/boots_quartz_trim"}},{"threshold":3,"model":{"type":"minecraft:model","model":"civilization:item/armor/mushroom/trims/boots_iron_trim"}},{"threshold":3,"model":{"type":"minecraft:model","model":"civilization:item/armor/mushroom/trims/boots_netherite_trim"}},{"threshold":3,"model":{"type":"minecraft:model","model":"civilization:item/armor/mushroom/trims/boots_redstone_trim"}},{"threshold":3,"model":{"type":"minecraft:model","model":"civilization:item/armor/mushroom/trims/boots_copper_trim"}},{"threshold":3,"model":{"type":"minecraft:model","model":"civilization:item/armor/mushroom/trims/boots_gold_trim"}},{"threshold":3,"model":{"type":"minecraft:model","model":"civilization:item/armor/mushroom/trims/boots_emerald_trim"}},{"threshold":3,"model":{"type":"minecraft:model","model":"civilization:item/armor/mushroom/trims/boots_diamond_trim"}},{"threshold":3,"model":{"type":"minecraft:model","model":"civilization:item/armor/mushroom/trims/boots_lapis_trim"}},{"threshold":3,"model":{"type":"minecraft:model","model":"civilization:item/armor/mushroom/trims/boots_amethyst_trim"}},{"threshold":5,"model":{"type":"minecraft:model","model":"civilization:item/armor/axolotl/boots"}},{"threshold":5,"model":{"type":"minecraft:model","model":"civilization:item/armor/axolotl/trims/boots_quartz_trim"}},{"threshold":5,"model":{"type":"minecraft:model","model":"civilization:item/armor/axolotl/trims/boots_iron_trim"}},{"threshold":5,"model":{"type":"minecraft:model","model":"civilization:item/armor/axolotl/trims/boots_netherite_trim"}},{"threshold":5,"model":{"type":"minecraft:model","model":"civilization:item/armor/axolotl/trims/boots_redstone_trim"}},{"threshold":5,"model":{"type":"minecraft:model","model":"civilization:item/armor/axolotl/trims/boots_copper_trim"}},{"threshold":5,"model":{"type":"minecraft:model","model":"civilization:item/armor/axolotl/trims/boots_gold_trim"}},{"threshold":5,"model":{"type":"minecraft:model","model":"civilization:item/armor/axolotl/trims/boots_emerald_trim"}},{"threshold":5,"model":{"type":"minecraft:model","model":"civilization:item/armor/axolotl/trims/boots_diamond_trim"}},{"threshold":5,"model":{"type":"minecraft:model","model":"civilization:item/armor/axolotl/trims/boots_lapis_trim"}},{"threshold":5,"model":{"type":"minecraft:model","model":"civilization:item/armor/axolotl/trims/boots_amethyst_trim"}},{"threshold":7,"model":{"type":"minecraft:model","model":"civilization:item/armor/horse_tamer/boots"}},{"threshold":7,"model":{"type":"minecraft:model","model":"civilization:item/armor/horse_tamer/trims/boots_quartz_trim"}},{"threshold":7,"model":{"type":"minecraft:model","model":"civilization:item/armor/horse_tamer/trims/boots_iron_trim"}},{"threshold":7,"model":{"type":"minecraft:model","model":"civilization:item/armor/horse_tamer/trims/boots_netherite_trim"}},{"threshold":7,"model":{"type":"minecraft:model","model":"civilization:item/armor/horse_tamer/trims/boots_redstone_trim"}},{"threshold":7,"model":{"type":"minecraft:model","model":"civilization:item/armor/horse_tamer/trims/boots_copper_trim"}},{"threshold":7,"model":{"type":"minecraft:model","model":"civilization:item/armor/horse_tamer/trims/boots_gold_trim"}},{"threshold":7,"model":{"type":"minecraft:model","model":"civilization:item/armor/horse_tamer/trims/boots_emerald_trim"}},{"threshold":7,"model":{"type":"minecraft:model","model":"civilization:item/armor/horse_tamer/trims/boots_diamond_trim"}},{"threshold":7,"model":{"type":"minecraft:model","model":"civilization:item/armor/horse_tamer/trims/boots_lapis_trim"}},{"threshold":7,"model":{"type":"minecraft:model","model":"civilization:item/armor/horse_tamer/trims/boots_amethyst_trim"}},{"threshold":10,"model":{"type":"minecraft:model","model":"minecraft:item/leather_boots"}}],"fallback":{"type":"minecraft:model","model":"minecraft:item/leather_boots"}}}