{
  "model": {
    "type": "minecraft:range_dispatch",
    "property": "minecraft:custom_model_data",
    "entries": [
      {
        "threshold": 1,
        "model": {
          "type": "minecraft:model",
          "model": "civilization:item/armor/cactus/chestplate"
        }
      },
      {
        "threshold": 1,
        "model": {
          "type": "minecraft:model",
          "model": "civilization:item/armor/cactus/trims/chestplate_quartz_trim"
        }
      },
      {
        "threshold": 1,
        "model": {
          "type": "minecraft:model",
          "model": "civilization:item/armor/cactus/trims/chestplate_iron_trim"
        }
      },
      {
        "threshold": 1,
        "model": {
          "type": "minecraft:model",
          "model": "civilization:item/armor/cactus/trims/chestplate_netherite_trim"
        }
      },
      {
        "threshold": 1,
        "model": {
          "type": "minecraft:model",
          "model": "civilization:item/armor/cactus/trims/chestplate_redstone_trim"
        }
      },
      {
        "threshold": 1,
        "model": {
          "type": "minecraft:model",
          "model": "civilization:item/armor/cactus/trims/chestplate_copper_trim"
        }
      },
      {
        "threshold": 1,
        "model": {
          "type": "minecraft:model",
          "model": "civilization:item/armor/cactus/trims/chestplate_gold_trim"
        }
      },
      {
        "threshold": 1,
        "model": {
          "type": "minecraft:model",
          "model": "civilization:item/armor/cactus/trims/chestplate_emerald_trim"
        }
      },
      {
        "threshold": 1,
        "model": {
          "type": "minecraft:model",
          "model": "civilization:item/armor/cactus/trims/chestplate_diamond_trim"
        }
      },
      {
        "threshold": 1,
        "model": {
          "type": "minecraft:model",
          "model": "civilization:item/armor/cactus/trims/chestplate_lapis_trim"
        }
      },
      {
        "threshold": 1,
        "model": {
          "type": "minecraft:model",
          "model": "civilization:item/armor/cactus/trims/chestplate_amethyst_trim"
        }
      },
      {
        "threshold": 2,
        "model": {
          "type": "minecraft:model",
          "model": "civilization:item/armor/ent/chestplate"
        }
      },
      {
        "threshold": 2,
        "model": {
          "type": "minecraft:model",
          "model": "civilization:item/armor/ent/trims/chestplate_quartz_trim"
        }
      },
      {
        "threshold": 2,
        "model": {
          "type": "minecraft:model",
          "model": "civilization:item/armor/ent/trims/chestplate_iron_trim"
        }
      },
      {
        "threshold": 2,
        "model": {
          "type": "minecraft:model",
          "model": "civilization:item/armor/ent/trims/chestplate_netherite_trim"
        }
      },
      {
        "threshold": 2,
        "model": {
          "type": "minecraft:model",
          "model": "civilization:item/armor/ent/trims/chestplate_redstone_trim"
        }
      },
      {
        "threshold": 2,
        "model": {
          "type": "minecraft:model",
          "model": "civilization:item/armor/ent/trims/chestplate_copper_trim"
        }
      },
      {
        "threshold": 2,
        "model": {
          "type": "minecraft:model",
          "model": "civilization:item/armor/ent/trims/chestplate_gold_trim"
        }
      },
      {
        "threshold": 2,
        "model": {
          "type": "minecraft:model",
          "model": "civilization:item/armor/ent/trims/chestplate_emerald_trim"
        }
      },
      {
        "threshold": 2,
        "model": {
          "type": "minecraft:model",
          "model": "civilization:item/armor/ent/trims/chestplate_diamond_trim"
        }
      },
      {
        "threshold": 2,
        "model": {
          "type": "minecraft:model",
          "model": "civilization:item/armor/ent/trims/chestplate_lapis_trim"
        }
      },
      {
        "threshold": 2,
        "model": {
          "type": "minecraft:model",
          "model": "civilization:item/armor/ent/trims/chestplate_amethyst_trim"
        }
      },
      {
        "threshold": 3,
        "model": {
          "type": "minecraft:model",
          "model": "civilization:item/armor/mushroom/chestplate"
        }
      },
      {
        "threshold": 3,
        "model": {
          "type": "minecraft:model",
          "model": "civilization:item/armor/mushroom/trims/chestplate_quartz_trim"
        }
      },
      {
        "threshold": 3,
        "model": {
          "type": "minecraft:model",
          "model": "civilization:item/armor/mushroom/trims/chestplate_iron_trim"
        }
      },
      {
        "threshold": 3,
        "model": {
          "type": "minecraft:model",
          "model": "civilization:item/armor/mushroom/trims/chestplate_netherite_trim"
        }
      },
      {
        "threshold": 3,
        "model": {
          "type": "minecraft:model",
          "model": "civilization:item/armor/mushroom/trims/chestplate_redstone_trim"
        }
      },
      {
        "threshold": 3,
        "model": {
          "type": "minecraft:model",
          "model": "civilization:item/armor/mushroom/trims/chestplate_copper_trim"
        }
      },
      {
        "threshold": 3,
        "model": {
          "type": "minecraft:model",
          "model": "civilization:item/armor/mushroom/trims/chestplate_gold_trim"
        }
      },
      {
        "threshold": 3,
        "model": {
          "type": "minecraft:model",
          "model": "civilization:item/armor/mushroom/trims/chestplate_emerald_trim"
        }
      },
      {
        "threshold": 3,
        "model": {
          "type": "minecraft:model",
          "model": "civilization:item/armor/mushroom/trims/chestplate_diamond_trim"
        }
      },
      {
        "threshold": 3,
        "model": {
          "type": "minecraft:model",
          "model": "civilization:item/armor/mushroom/trims/chestplate_lapis_trim"
        }
      },
      {
        "threshold": 3,
        "model": {
          "type": "minecraft:model",
          "model": "civilization:item/armor/mushroom/trims/chestplate_amethyst_trim"
        }
      },
      {
        "threshold": 10,
        "model": {
          "type": "minecraft:model",
          "model": "minecraft:item/leather_chestplate"
        }
      }
    ],
    "fallback": {
      "type": "minecraft:model",
      "model": "minecraft:item/leather_chestplate"
    }
  }
}