{
    "model": {
        "type": "range_dispatch",
        "property": "custom_model_data",
        "entries": [
            {
                "threshold": 1,
                "model": {
                    "type": "model",
                    "model": "civilization:item/tools/dragon_katana/normal"
                }
            },
            {
                "threshold": 2,
                "model": {
                    "type": "model",
                    "model": "civilization:item/tools/light_netherite_sword"
                }
            },
            {
                "threshold": 3,
                "model": {
                    "type": "model",
                    "model": "civilization:item/tools/excalibur_sword/normal"
                }
            },
            {
                "threshold": 4,
                "model": {
                    "type": "model",
                    "model": "civilization:item/tools/dragon_katana/dragonbreath"
                }
            },
            {
                "threshold": 5,
                "model": {
                    "type": "model",
                    "model": "civilization:item/tools/excalibur_sword/radiant"
                }
            },
            {
                "threshold": 6,
                "model": {
                    "type": "model",
                    "model": "item/netherite_sword"
                }
            }
        ],
        "fallback": {
            "type": "model",
            "model": "item/netherite_sword"
        }
    }
}