{
    "model": {
        "type": "range_dispatch",
        "property": "custom_model_data",
        "fallback": {
            "type": "model",
            "model": "item/paper"
        },
        "entries": [
            {
                "threshold": 1,
                "model": {
                    "type": "model",
                    "model": "item/icon-1"
                }
            },
            {
                "threshold": 3,
                "model": {
                    "type": "model",
                    "model": "civilization:item/ui/cosmetics"
                }
            },
            {
                "threshold": 11,
                "model": {
                    "type": "model",
                    "model": "civilization:item/ui/button_back"
                }
            },
            {
                "threshold": 12,
                "model": {
                    "type": "model",
                    "model": "civilization:item/ui/button_exit"
                }
            },
            {
                "threshold": 13,
                "model": {
                    "type": "model",
                    "model": "civilization:item/ui/button_info"
                }
            },
            {
                "threshold": 14,
                "model": {
                    "type": "model",
                    "model": "civilization:item/ui/button_shop"
                }
            },
            {
                "threshold": 234,
                "model": {
                    "type": "model",
                    "model": "civilization:item/ui/mystery_chests/fire_crate_may_2024"
                }
            },
            {
                "threshold": 235,
                "model": {
                    "type": "model",
                    "model": "civilization:item/ui/mystery_chests/fire_question_mark"
                }
            }
        ]
    }
}