{"model":{"type":"range_dispatch","property":"custom_model_data","entries":[{"threshold":10,"model":{"type":"special","base":"civilization:item/player_head/2d_head","model":{"type":"head","kind":"player"}}},{"threshold":11,"model":{"type":"special","base":"civilization:item/player_head/2d_party_head","model":{"type":"head","kind":"player"}}},{"threshold":12,"model":{"type":"special","base":"civilization:item/player_head/2d_profile_head","model":{"type":"head","kind":"player"}}},{"threshold":13,"model":{"type":"special","base":"item/player_head","model":{"type":"head","kind":"player"}}}],"fallback":{"type":"special","base":"item/template_skull","model":{"type":"head","kind":"player"}}}}