{"model":{"type":"range_dispatch","property":"custom_model_data","entries":[{"threshold":1,"model":{"type":"model","model":"item/coal"}},{"threshold":2,"model":{"type":"model","model":"item/copper_ingot"}},{"threshold":3,"model":{"type":"model","model":"item/iron_ingot"}},{"threshold":4,"model":{"type":"model","model":"item/gold_ingot"}},{"threshold":5,"model":{"type":"model","model":"item/emerald"}},{"threshold":6,"model":{"type":"model","model":"item/redstone"}},{"threshold":7,"model":{"type":"model","model":"item/lapis_lazuli"}},{"threshold":8,"model":{"type":"model","model":"item/diamond"}},{"threshold":9,"model":{"type":"model","model":"item/wheat"}},{"threshold":10,"model":{"type":"model","model":"item/sugar_cane"}},{"threshold":11,"model":{"type":"model","model":"item/carrot"}},{"threshold":12,"model":{"type":"model","model":"item/potato"}},{"threshold":13,"model":{"type":"model","model":"item/melon_slice"}},{"threshold":14,"model":{"type":"model","model":"block/pumpkin"}},{"threshold":15,"model":{"type":"model","model":"item/beetroot"}},{"threshold":16,"model":{"type":"model","model":"item/apple"}},{"threshold":17,"model":{"type":"model","model":"block/cactus"}},{"threshold":18,"model":{"type":"model","model":"item/salmon"}},{"threshold":19,"model":{"type":"model","model":"item/cod"}},{"threshold":20,"model":{"type":"model","model":"item/tropical_fish"}},{"threshold":21,"model":{"type":"model","model":"item/rotten_flesh"}},{"threshold":22,"model":{"type":"model","model":"item/bone"}},{"threshold":23,"model":{"type":"model","model":"item/gunpowder"}},{"threshold":24,"model":{"type":"model","model":"item/blaze_rod"}},{"threshold":25,"model":{"type":"model","model":"item/spider_eye"}},{"threshold":26,"model":{"type":"model","model":"item/plenty_pottery_sherd"}}],"fallback":{"type":"model","model":"item/plenty_pottery_sherd"}}}