{"model":{"type":"range_dispatch","property":"custom_model_data","entries":[{"threshold":1,"model":{"type":"model","model":"civilization:item/decor/halloween/skulls/villager_skull_1"}},{"threshold":2,"model":{"type":"model","model":"civilization:item/decor/halloween/skulls/villager_skull_2"}},{"threshold":3,"model":{"type":"model","model":"civilization:item/decor/halloween/skulls/piglin_skull"}},{"threshold":4,"model":{"type":"model","model":"civilization:item/decor/halloween/broom"}},{"threshold":5,"model":{"type":"model","model":"civilization:item/decor/halloween/cleaver"}},{"threshold":6,"model":{"type":"model","model":"civilization:item/decor/halloween/skeleton_statue"}},{"threshold":7,"model":{"type":"model","model":"civilization:item/decor/halloween/witch_cauldron"}},{"threshold":8,"model":{"type":"model","model":"civilization:item/decor/halloween/zombie_hand"}},{"threshold":9,"model":{"type":"model","model":"civilization:item/decor/halloween/pumpkins/carved_pumpkin_1"}},{"threshold":10,"model":{"type":"model","model":"civilization:item/decor/halloween/pumpkins/carved_pumpkin_2"}},{"threshold":11,"model":{"type":"model","model":"civilization:item/decor/halloween/pumpkins/carved_pumpkin_3"}},{"threshold":12,"model":{"type":"model","model":"civilization:item/decor/halloween/pumpkins/monstrous_pumpkin"}},{"threshold":13,"model":{"type":"model","model":"civilization:item/decor/halloween/pumpkins/stacked_pumpkins"}},{"threshold":14,"model":{"type":"model","model":"civilization:item/decor/halloween/pumpkins/uncarved_pumpkin_1"}},{"threshold":15,"model":{"type":"model","model":"civilization:item/decor/halloween/pumpkins/uncarved_pumpkin_2"}},{"threshold":16,"model":{"type":"model","model":"civilization:item/decor/halloween/pumpkins/uncarved_pumpkin_3"}},{"threshold":17,"model":{"type":"model","model":"civilization:item/decor/halloween/tombstones/tombstone_1"}},{"threshold":18,"model":{"type":"model","model":"civilization:item/decor/halloween/tombstones/tombstone_2"}},{"threshold":19,"model":{"type":"model","model":"civilization:item/decor/halloween/tombstones/tombstone_3"}},{"threshold":20,"model":{"type":"model","model":"civilization:item/decor/halloween/tombstones/tombstone_4"}},{"threshold":21,"model":{"type":"model","model":"civilization:item/gameplay/launch_pad"}},{"threshold":22,"model":{"type":"model","model":"civilization:item/gameplay/launch_pad_2"}},{"threshold":23,"model":{"type":"model","model":"civilization:item/gameplay/launch_pad_2_disabled"}},{"threshold":27,"model":{"type":"model","model":"civilization:item/decor/gems"}},{"threshold":28,"model":{"type":"model","model":"civilization:item/decor/gems_barrel"}},{"threshold":29,"model":{"type":"model","model":"civilization:item/decor/gems_small"}},{"threshold":30,"model":{"type":"model","model":"block/poppy"}}],"fallback":{"type":"model","model":"item/poppy"}}}