{"model":{"type":"range_dispatch","property":"custom_model_data","entries":[{"threshold":1,"model":{"type":"model","model":"civilization:item/ui/panacea_potion"}},{"threshold":2,"model":{"type":"model","model":"civilization:item/ui/panacea_potion_2"}},{"threshold":3,"model":{"type":"model","model":"civilization:item/ui/panacea_potion_3"}},{"threshold":4,"model":{"type":"model","model":"civilization:item/ui/panacea_potion_4"}},{"threshold":5,"model":{"type":"model","model":"civilization:item/ui/panacea_potion_5"}},{"threshold":6,"model":{"type":"model","model":"item/potion","tints":[{"type":"potion","default":-13083194}]}}],"fallback":{"type":"model","model":"item/potion","tints":[{"type":"potion","default":-13083194}]}}}