{
    "model": {
        "type": "range_dispatch",
        "property": "custom_model_data",
        "entries": [
            {
                "threshold": 1,
                "model": {
                    "type": "model",
                    "model": "civilization:item/ui/panacea_potion_empty"
                }
            },
            {
                "threshold": 2,
                "model": {
                    "type": "model",
                    "model": "civilization:item/ui/panacea_potion_empty_2"
                }
            },
            {
                "threshold": 3,
                "model": {
                    "type": "model",
                    "model": "civilization:item/ui/panacea_potion_empty_3"
                }
            },
            {
                "threshold": 4,
                "model": {
                    "type": "model",
                    "model": "civilization:item/ui/panacea_potion_empty_4"
                }
            },
            {
                "threshold": 5,
                "model": {
                    "type": "model",
                    "model": "civilization:item/ui/panacea_potion_empty_5"
                }
            },
            {
                "threshold": 6,
                "model": {
                    "type": "model",
                    "model": "item/shelter_pottery_sherd"
                }
            }
        ],
        "fallback": {
            "type": "model",
            "model": "item/shelter_pottery_sherd"
        }
    }
}