{
    "model": {
        "type": "range_dispatch",
        "property": "custom_model_data",
        "entries": [
            {
                "threshold": 1001,
                "model": {
                    "type": "model",
                    "model": "civilization:item/tools/paladin_shield/default"
                }
            }
        ],
        "fallback": {
            "type": "minecraft:special",
            "model": {
                "type": "minecraft:shield"
            },
            "base": "minecraft:item/shield"
        }
    }
}