{"model":{"type":"range_dispatch","property":"custom_model_data","entries":[{"threshold":1,"model":{"type":"model","model":"civilization:item/ui/classes/looter_1"}},{"threshold":2,"model":{"type":"model","model":"civilization:item/ui/classes/looter_2"}},{"threshold":3,"model":{"type":"model","model":"civilization:item/ui/classes/looter_3"}},{"threshold":4,"model":{"type":"model","model":"civilization:item/ui/classes/looter_4"}},{"threshold":5,"model":{"type":"model","model":"civilization:item/ui/classes/looter_5"}},{"threshold":6,"model":{"type":"model","model":"civilization:item/ui/iceball"}},{"threshold":7,"model":{"type":"model","model":"civilization:item/ui/classes/miner_1"}},{"threshold":8,"model":{"type":"model","model":"civilization:item/ui/classes/miner_2"}},{"threshold":9,"model":{"type":"model","model":"civilization:item/ui/classes/miner_3"}},{"threshold":10,"model":{"type":"model","model":"civilization:item/ui/classes/miner_4"}},{"threshold":11,"model":{"type":"model","model":"civilization:item/ui/classes/miner_5"}},{"threshold":13,"model":{"type":"model","model":"civilization:item/ui/classes/warrior_1"}},{"threshold":14,"model":{"type":"model","model":"civilization:item/ui/classes/warrior_2"}},{"threshold":15,"model":{"type":"model","model":"civilization:item/ui/classes/warrior_3"}},{"threshold":16,"model":{"type":"model","model":"civilization:item/ui/classes/warrior_4"}},{"threshold":17,"model":{"type":"model","model":"civilization:item/ui/classes/warrior_5"}},{"threshold":19,"model":{"type":"model","model":"civilization:item/ui/perks/experience_boost_1"}},{"threshold":20,"model":{"type":"model","model":"civilization:item/ui/perks/experience_boost_2"}},{"threshold":21,"model":{"type":"model","model":"civilization:item/ui/perks/experience_boost_3"}},{"threshold":22,"model":{"type":"model","model":"civilization:item/ui/perks/experience_boost_4"}},{"threshold":23,"model":{"type":"model","model":"civilization:item/ui/perks/experience_boost_5"}},{"threshold":24,"model":{"type":"model","model":"civilization:item/ui/perks/haste_1"}},{"threshold":25,"model":{"type":"model","model":"civilization:item/ui/perks/haste_2"}},{"threshold":26,"model":{"type":"model","model":"civilization:item/ui/perks/haste_3"}},{"threshold":27,"model":{"type":"model","model":"civilization:item/ui/perks/haste_4"}},{"threshold":28,"model":{"type":"model","model":"civilization:item/ui/perks/haste_5"}},{"threshold":28,"model":{"type":"model","model":"civilization:item/ui/perks/haste_5"}},{"threshold":29,"model":{"type":"model","model":"civilization:item/ui/perks/speed_1"}},{"threshold":30,"model":{"type":"model","model":"civilization:item/ui/perks/speed_2"}},{"threshold":31,"model":{"type":"model","model":"civilization:item/ui/perks/speed_3"}},{"threshold":32,"model":{"type":"model","model":"civilization:item/ui/perks/speed_4"}},{"threshold":33,"model":{"type":"model","model":"civilization:item/ui/perks/speed_5"}},{"threshold":34,"model":{"type":"model","model":"civilization:item/ui/perks/starter_health_1"}},{"threshold":35,"model":{"type":"model","model":"civilization:item/ui/perks/starter_health_2"}},{"threshold":36,"model":{"type":"model","model":"civilization:item/ui/perks/starter_health_3"}},{"threshold":37,"model":{"type":"model","model":"civilization:item/ui/perks/starter_health_4"}},{"threshold":38,"model":{"type":"model","model":"civilization:item/ui/perks/starter_health_5"}},{"threshold":39,"model":{"type":"model","model":"civilization:item/ui/classes/archer_1"}},{"threshold":40,"model":{"type":"model","model":"civilization:item/ui/classes/archer_2"}},{"threshold":41,"model":{"type":"model","model":"civilization:item/ui/classes/archer_3"}},{"threshold":42,"model":{"type":"model","model":"civilization:item/ui/classes/archer_4"}},{"threshold":43,"model":{"type":"model","model":"civilization:item/ui/classes/archer_5"}},{"threshold":45,"model":{"type":"model","model":"civilization:item/ui/perks/golden_bounty_1"}},{"threshold":46,"model":{"type":"model","model":"civilization:item/ui/perks/golden_bounty_2"}},{"threshold":47,"model":{"type":"model","model":"civilization:item/ui/perks/golden_bounty_3"}},{"threshold":48,"model":{"type":"model","model":"civilization:item/ui/perks/golden_bounty_4"}},{"threshold":49,"model":{"type":"model","model":"civilization:item/ui/perks/golden_bounty_5"}},{"threshold":50,"model":{"type":"model","model":"civilization:item/ui/perks/saturation_1"}},{"threshold":51,"model":{"type":"model","model":"civilization:item/ui/perks/saturation_2"}},{"threshold":52,"model":{"type":"model","model":"civilization:item/ui/perks/saturation_3"}},{"threshold":53,"model":{"type":"model","model":"civilization:item/ui/perks/saturation_4"}},{"threshold":54,"model":{"type":"model","model":"civilization:item/ui/perks/saturation_5"}},{"threshold":55,"model":{"type":"model","model":"civilization:item/ui/classes/trapper_1"}},{"threshold":56,"model":{"type":"model","model":"civilization:item/ui/classes/trapper_2"}},{"threshold":57,"model":{"type":"model","model":"civilization:item/ui/classes/trapper_3"}},{"threshold":58,"model":{"type":"model","model":"civilization:item/ui/classes/trapper_4"}},{"threshold":59,"model":{"type":"model","model":"civilization:item/ui/classes/trapper_5"}},{"threshold":60,"model":{"type":"model","model":"civilization:item/ui/paintball/white"}},{"threshold":61,"model":{"type":"model","model":"civilization:item/ui/paintball/light_gray"}},{"threshold":62,"model":{"type":"model","model":"civilization:item/ui/paintball/gray"}},{"threshold":63,"model":{"type":"model","model":"civilization:item/ui/paintball/black"}},{"threshold":64,"model":{"type":"model","model":"civilization:item/ui/paintball/brown"}},{"threshold":65,"model":{"type":"model","model":"civilization:item/ui/paintball/red"}},{"threshold":66,"model":{"type":"model","model":"civilization:item/ui/paintball/orange"}},{"threshold":67,"model":{"type":"model","model":"civilization:item/ui/paintball/yellow"}},{"threshold":68,"model":{"type":"model","model":"civilization:item/ui/paintball/lime"}},{"threshold":69,"model":{"type":"model","model":"civilization:item/ui/paintball/green"}},{"threshold":70,"model":{"type":"model","model":"civilization:item/ui/paintball/cyan"}},{"threshold":71,"model":{"type":"model","model":"civilization:item/ui/paintball/light_blue"}},{"threshold":72,"model":{"type":"model","model":"civilization:item/ui/paintball/blue"}},{"threshold":73,"model":{"type":"model","model":"civilization:item/ui/paintball/purple"}},{"threshold":74,"model":{"type":"model","model":"civilization:item/ui/paintball/magenta"}},{"threshold":75,"model":{"type":"model","model":"civilization:item/ui/paintball/pink"}},{"threshold":76,"model":{"type":"model","model":"civilization:item/ui/delivery_man/delivery_gift"}},{"threshold":77,"model":{"type":"model","model":"civilization:item/ui/delivery_man/delivery_gift_open"}},{"threshold":78,"model":{"type":"model","model":"civilization:item/ui/delivery_man/findmcserver_gift"}},{"threshold":79,"model":{"type":"model","model":"civilization:item/ui/delivery_man/findmcserver_gift_open"}},{"threshold":80,"model":{"type":"model","model":"civilization:item/ui/delivery_man/namemc_gift"}},{"threshold":81,"model":{"type":"model","model":"civilization:item/ui/delivery_man/namemc_gift_open"}},{"threshold":82,"model":{"type":"model","model":"civilization:item/ui/delivery_man/twitter_gift"}},{"threshold":83,"model":{"type":"model","model":"civilization:item/ui/delivery_man/twitter_gift_open"}},{"threshold":84,"model":{"type":"model","model":"civilization:item/ui/delivery_man/youtube_gift"}},{"threshold":85,"model":{"type":"model","model":"civilization:item/ui/delivery_man/youtube_gift_open"}},{"threshold":86,"model":{"type":"model","model":"civilization:item/ui/best_of/1"}},{"threshold":87,"model":{"type":"model","model":"civilization:item/ui/best_of/3"}},{"threshold":88,"model":{"type":"model","model":"civilization:item/ui/best_of/5"}},{"threshold":89,"model":{"type":"model","model":"civilization:item/ui/best_of/7"}},{"threshold":90,"model":{"type":"model","model":"civilization:item/ui/paintball/sonic"}},{"threshold":91,"model":{"type":"model","model":"civilization:item/ui/classes/fisherman_1"}},{"threshold":92,"model":{"type":"model","model":"civilization:item/ui/classes/fisherman_2"}},{"threshold":93,"model":{"type":"model","model":"civilization:item/ui/classes/fisherman_3"}},{"threshold":94,"model":{"type":"model","model":"civilization:item/ui/classes/fisherman_4"}},{"threshold":95,"model":{"type":"model","model":"civilization:item/ui/classes/fisherman_5"}},{"threshold":96,"model":{"type":"model","model":"civilization:item/ui/delivery_man/discord_custom_game_role_gift"}},{"threshold":97,"model":{"type":"model","model":"civilization:item/ui/delivery_man/discord_custom_game_role_gift_open"}},{"threshold":98,"model":{"type":"model","model":"item/snowball"}}],"fallback":{"type":"model","model":"item/snowball"}}}