{"model":{"type":"range_dispatch","property":"custom_model_data","entries":[{"threshold":1,"model":{"type":"model","model":"civilization:item/tools/mjolnir/normal"}},{"threshold":2,"model":{"type":"model","model":"civilization:item/tools/void_blossom"}},{"threshold":3,"model":{"type":"model","model":"civilization:item/tools/golem_hammer/normal"}},{"threshold":4,"model":{"type":"model","model":"civilization:item/tools/golem_hammer/resonant"}},{"threshold":5,"model":{"type":"model","model":"civilization:item/tools/mjolnir/valentine"}},{"threshold":7,"model":{"type":"model","model":"item/stone_axe"}}],"fallback":{"type":"model","model":"item/stone_axe"}}}