{"model":{"type":"range_dispatch","property":"custom_model_data","entries":[{"threshold":1,"model":{"type":"model","model":"civilization:item/tools/warrior_sword/normal"}},{"threshold":2,"model":{"type":"model","model":"civilization:item/tools/lich_staff"}},{"threshold":3,"model":{"type":"model","model":"civilization:item/tools/warrior_sword/prestiged"}},{"threshold":4,"model":{"type":"model","model":"civilization:item/tools/void_staff/teleport"}},{"threshold":5,"model":{"type":"model","model":"civilization:item/tools/void_staff/shulker"}},{"threshold":6,"model":{"type":"model","model":"civilization:item/tools/hypnosis_staff/normal"}},{"threshold":7,"model":{"type":"model","model":"civilization:item/tools/evoker_wand/normal"}},{"threshold":8,"model":{"type":"model","model":"civilization:item/tools/evoker_wand/frostbite"}},{"threshold":10,"model":{"type":"model","model":"civilization:item/tools/hypnosis_staff/eggstatic"}},{"threshold":11,"model":{"type":"model","model":"civilization:item/tools/villager_wand"}},{"threshold":12,"model":{"type":"model","model":"item/stone_sword"}}],"fallback":{"type":"model","model":"item/stone_sword"}}}