{"model":{"type":"range_dispatch","property":"custom_model_data","entries":[{"threshold":1,"model":{"type":"model","model":"civilization:item/food/halloween_candy_green"}},{"threshold":2,"model":{"type":"model","model":"civilization:item/food/halloween_candy_orange"}},{"threshold":3,"model":{"type":"model","model":"civilization:item/food/halloween_candy_purple"}},{"threshold":4,"model":{"type":"model","model":"civilization:item/food/candy_cane_red"}},{"threshold":5,"model":{"type":"model","model":"civilization:item/food/candy_cane_blue"}},{"threshold":6,"model":{"type":"model","model":"civilization:item/food/candy_cane_green"}},{"threshold":7,"model":{"type":"model","model":"civilization:item/food/candy_cane_magenta"}},{"threshold":8,"model":{"type":"model","model":"civilization:item/food/beetroot_soup"}},{"threshold":9,"model":{"type":"model","model":"item/suspicious_stew"}}],"fallback":{"type":"model","model":"item/suspicious_stew"}}}