{
    "model": {
        "type": "range_dispatch",
        "property": "custom_model_data",
        "entries": [
            {
                "threshold": 1,
                "model": {
                    "type": "model",
                    "model": "civilization:item/gameplay/heart"
                }
            },
            {
                "threshold": 2,
                "model": {
                    "type": "model",
                    "model": "item/totem_of_undying"
                }
            }
        ],
        "fallback": {
            "type": "model",
            "model": "item/totem_of_undying"
        }
    }
}