{"model":{"type":"range_dispatch","property":"custom_model_data","entries":[{"threshold":1,"model":{"type":"model","model":"civilization:item/cosmetics/models/tombstone"}},{"threshold":2,"model":{"type":"model","model":"civilization:item/cosmetics/models/cannon"}},{"threshold":3,"model":{"type":"model","model":"civilization:item/cosmetics/models/ancient_guardian"}},{"threshold":4,"model":{"type":"model","model":"civilization:item/cosmetics/models/rocket"}},{"threshold":5,"model":{"type":"model","model":"civilization:item/cosmetics/models/volcano_victory"}},{"threshold":6,"model":{"type":"model","model":"civilization:item/cosmetics/models/kings_throne"}},{"threshold":7,"model":{"type":"model","model":"civilization:item/cosmetics/models/magic_wand"}},{"threshold":8,"model":{"type":"model","model":"civilization:item/cosmetics/models/vacuum"}},{"threshold":9,"model":{"type":"model","model":"civilization:item/cosmetics/models/scarecrow_no_head"}},{"threshold":10,"model":{"type":"model","model":"civilization:item/cosmetics/models/scarecrow_with_head"}},{"threshold":11,"model":{"type":"model","model":"civilization:item/cosmetics/models/1year_cake"}},{"threshold":12,"model":{"type":"model","model":"civilization:item/cosmetics/models/1year_cake_large"}},{"threshold":13,"model":{"type":"model","model":"item/turtle_scute"}}],"fallback":{"type":"model","model":"item/turtle_scute"}}}