{"model":{"type":"minecraft:range_dispatch","property":"minecraft:custom_model_data","entries":[{"threshold":1,"model":{"type":"minecraft:model","model":"civilization:item/tools/tim_the_enchanter"}},{"threshold":2,"model":{"type":"minecraft:model","model":"minecraft:item/template_spawn_egg","tints":[{"type":"minecraft:constant","value":-11125709},{"type":"minecraft:constant","value":-4355214}]}}],"fallback":{"type":"minecraft:model","model":"minecraft:item/template_spawn_egg","tints":[{"type":"minecraft:constant","value":-11125709},{"type":"minecraft:constant","value":-4355214}]}}}