{"model":{"type":"range_dispatch","property":"custom_model_data","entries":[{"threshold":1,"model":{"type":"model","model":"civilization:item/tools/pufferfish_cannon/normal/default"}},{"threshold":2,"model":{"type":"model","model":"civilization:item/tools/pufferfish_cannon/normal/pulling/1"}},{"threshold":3,"model":{"type":"model","model":"civilization:item/tools/pufferfish_cannon/normal/pulling/2"}},{"threshold":4,"model":{"type":"model","model":"civilization:item/tools/pufferfish_cannon/normal/pulling/3"}},{"threshold":5,"model":{"type":"model","model":"civilization:item/tools/pufferfish_cannon/normal/pulling/4"}},{"threshold":6,"model":{"type":"model","model":"civilization:item/tools/pufferfish_cannon/fishflop/default"}},{"threshold":7,"model":{"type":"model","model":"civilization:item/tools/pufferfish_cannon/fishflop/pulling/1"}},{"threshold":8,"model":{"type":"model","model":"civilization:item/tools/pufferfish_cannon/fishflop/pulling/2"}},{"threshold":10,"model":{"type":"model","model":"civilization:item/tools/pufferfish_cannon/fishflop/pulling/3"}},{"threshold":11,"model":{"type":"model","model":"item/wooden_shovel"}}],"fallback":{"type":"model","model":"item/wooden_shovel"}}}