{"display":{"thirdperson_righthand":{"rotation":[0,-180,0],"translation":[0,-2.5,1.75],"scale":[0.8,0.8,0.8]},"thirdperson_lefthand":{"rotation":[0,-180,0],"translation":[0,-2.5,1.75],"scale":[0.8,0.8,0.8]},"firstperson_righthand":{"rotation":[-165,1,-180],"translation":[1,-0.25,0.75],"scale":[0.6,0.6,0.6]},"firstperson_lefthand":{"rotation":[-165,1,-180],"translation":[1,-0.25,0.75],"scale":[0.6,0.6,0.6]},"ground":{"rotation":[59,-67,0],"translation":[0,2.5,0],"scale":[0.5,0.5,0.5]},"gui":{"rotation":[90,45,-90],"translation":[-1.25,-2,0],"scale":[0.65,0.65,0.65]},"fixed":{"rotation":[0,90,0],"translation":[0,-2,-1],"scale":[0.64,0.64,0.64]}},"texture_size":[64,64],"textures":{"0":"civilization:item/tools/mjolnir/valentine/heartbeat_big_anim","1":"civilization:item/tools/mjolnir/valentine/default","2":"civilization:item/tools/mjolnir/valentine/heart_flow_anim","particle":"civilization:item/tools/mjolnir/valentine/default"},"elements":[{"from":[6.5,0,6.5],"to":[9.5,4,9.5],"faces":{"north":{"uv":[4.25,7.25,5,8.25],"texture":"#1"},"east":{"uv":[7.5,2,8.25,3],"texture":"#1"},"south":{"uv":[7.5,3.25,8.25,4.25],"texture":"#1"},"west":{"uv":[8,4.5,8.75,5.5],"texture":"#1"},"up":{"uv":[8.75,6.5,8,5.75],"texture":"#1"},"down":{"uv":[3.25,8.25,2.5,9],"texture":"#1"}}},{"from":[7,2,7],"to":[9,14,9],"faces":{"north":{"uv":[5.5,5.5,6,8.5],"texture":"#1"},"east":{"uv":[0,6,0.5,9],"texture":"#1"},"south":{"uv":[0.75,6,1.25,9],"texture":"#1"},"west":{"uv":[6.25,5.5,6.75,8.5],"texture":"#1"},"up":{"uv":[2.5,4.5,2,4],"texture":"#1"},"down":{"uv":[2.5,4.75,2,5.25],"texture":"#1"}}},{"from":[6.5,14,6.5],"to":[9.5,17,9.5],"rotation":{"angle":0,"axis":"y","origin":[0,-3,0]},"faces":{"north":{"uv":[7,8.25,7.75,9],"texture":"#1"},"east":{"uv":[8,8.25,8.75,9],"texture":"#1"},"south":{"uv":[8.5,0,9.25,0.75],"texture":"#1"},"west":{"uv":[8.5,1,9.25,1.75],"texture":"#1"},"up":{"uv":[9.25,2.75,8.5,2],"texture":"#1"},"down":{"uv":[9.25,3,8.5,3.75],"texture":"#1"}}},{"from":[5,17,12],"to":[11,23,15],"rotation":{"angle":0,"axis":"y","origin":[0,-4,16]},"faces":{"north":{"uv":[2,5.5,3.5,7],"texture":"#1"},"east":{"uv":[7,5.5,7.75,7],"texture":"#1"},"south":{"uv":[3.75,5.5,5.25,7],"texture":"#1"},"west":{"uv":[1.5,7.25,2.25,8.75],"texture":"#1"},"up":{"uv":[4,8,2.5,7.25],"texture":"#1"},"down":{"uv":[8.5,7.25,7,8],"texture":"#1"}}},{"from":[5,17,1],"to":[11,23,4],"rotation":{"angle":0,"axis":"y","origin":[0,-4,0]},"faces":{"north":{"uv":[5.25,5.5,3.75,7],"texture":"#1"},"east":{"uv":[7.75,5.5,7,7],"texture":"#1"},"south":{"uv":[3.5,5.5,2,7],"texture":"#1"},"west":{"uv":[2.25,7.25,1.5,8.75],"texture":"#1"},"up":{"uv":[4,7.25,2.5,8],"texture":"#1"},"down":{"uv":[8.5,8,7,7.25],"texture":"#1"}}},{"from":[4.5,16.5,3],"to":[11.5,23.5,13],"rotation":{"angle":0,"axis":"y","origin":[0,-4,0]},"faces":{"north":{"uv":[0,4,1.75,5.75],"texture":"#1"},"east":{"uv":[0,0,2.5,1.75],"texture":"#1"},"south":{"uv":[4.75,0,6.5,1.75],"texture":"#1"},"west":{"uv":[0,2,2.5,3.75],"texture":"#1"},"up":{"uv":[4.5,2.5,2.75,0],"texture":"#1"},"down":{"uv":[4.5,2.75,2.75,5.25],"texture":"#1"}}},{"name":"anim","from":[0.5,12.5,15.275],"to":[16.5,28.5,15.275],"rotation":{"angle":0,"axis":"y","origin":[0,0,6]},"faces":{"north":{"uv":[16,0,0,16],"texture":"#0"},"east":{"uv":[0,0,0,4],"texture":"#0"},"south":{"uv":[0,0,16,16],"texture":"#0"},"west":{"uv":[0,0,0,4],"texture":"#0"},"up":{"uv":[0,0,4,0],"texture":"#0"},"down":{"uv":[0,0,4,0],"texture":"#0"}}},{"from":[0.5,23.5,4.025],"to":[16.5,23.5,15.025],"rotation":{"angle":0,"axis":"y","origin":[8.5,20,9.5]},"faces":{"north":{"uv":[0,0,4,0],"texture":"#2"},"east":{"uv":[0,0,4,0],"texture":"#2"},"south":{"uv":[0,0,4,0],"texture":"#2"},"west":{"uv":[0,0,4,0],"texture":"#2"},"up":{"uv":[4,1.5,12,7],"texture":"#2"},"down":{"uv":[0,0,1.5,1.5],"texture":"#2"}}},{"from":[0.5,16.425,4],"to":[16.5,16.425,15],"rotation":{"angle":0,"axis":"y","origin":[8.5,-4,9.5]},"faces":{"north":{"uv":[0,0,4,0],"texture":"#2"},"east":{"uv":[0,0,4,0],"texture":"#2"},"south":{"uv":[0,0,4,0],"texture":"#2"},"west":{"uv":[0,0,4,0],"texture":"#2"},"up":{"uv":[0,1.5,1.5,0],"texture":"#2"},"down":{"uv":[4,7,12,1.5],"texture":"#2"}}},{"from":[11.525,11.5,2.05],"to":[11.525,27.5,15.05],"rotation":{"angle":0,"axis":"y","origin":[8.5,20,9.5]},"faces":{"north":{"uv":[0,0,4,0],"rotation":270,"texture":"#2"},"east":{"uv":[4,1.5,12,8],"rotation":90,"texture":"#2"},"south":{"uv":[0,0,4,0],"rotation":90,"texture":"#2"},"west":{"uv":[0,0,1.5,1.5],"rotation":90,"texture":"#2"},"up":{"uv":[0,0,4,0],"rotation":90,"texture":"#2"},"down":{"uv":[0,0,4,0],"rotation":90,"texture":"#2"}}},{"from":[8.526,11.5,15.049],"to":[11.526,27.5,15.049],"rotation":{"angle":0,"axis":"y","origin":[4.026,20,11.974]},"faces":{"north":{"uv":[0,0,1.5,1.5],"rotation":90,"texture":"#2"},"east":{"uv":[0,0,4,0],"rotation":270,"texture":"#2"},"south":{"uv":[4,8,12,9.5],"rotation":90,"texture":"#2"},"west":{"uv":[0,0,4,0],"rotation":90,"texture":"#2"},"up":{"uv":[0,0,4,0],"rotation":180,"texture":"#2"},"down":{"uv":[0,0,4,0],"texture":"#2"}}},{"from":[4.475,11.5,2.05],"to":[4.475,27.5,15.05],"rotation":{"angle":0,"axis":"y","origin":[7.5,20,9.5]},"faces":{"north":{"uv":[0,0,4,0],"rotation":270,"texture":"#2"},"east":{"uv":[0,1.5,1.5,0],"rotation":90,"texture":"#2"},"south":{"uv":[0,0,4,0],"rotation":90,"texture":"#2"},"west":{"uv":[4,8,12,1.5],"rotation":90,"texture":"#2"},"up":{"uv":[0,0,4,0],"rotation":90,"texture":"#2"},"down":{"uv":[0,0,4,0],"rotation":90,"texture":"#2"}}},{"from":[4.474,11.5,15.049],"to":[7.474,27.5,15.049],"rotation":{"angle":0,"axis":"y","origin":[11.974,20,11.974]},"faces":{"north":{"uv":[0,1.5,1.5,0],"rotation":90,"texture":"#2"},"east":{"uv":[0,0,4,0],"rotation":90,"texture":"#2"},"south":{"uv":[4,9.5,12,8],"rotation":90,"texture":"#2"},"west":{"uv":[0,0,4,0],"rotation":270,"texture":"#2"},"up":{"uv":[4,0,0,0],"rotation":180,"texture":"#2"},"down":{"uv":[4,0,0,0],"texture":"#2"}}},{"from":[0.5,15.5,15.025],"to":[16.5,23.5,15.025],"rotation":{"angle":0,"axis":"y","origin":[8.5,23.5,7]},"faces":{"north":{"uv":[0,0,16,16],"rotation":180,"texture":"#2"},"east":{"uv":[0,0,4,0],"rotation":270,"texture":"#2"},"south":{"uv":[4,7,12,11],"texture":"#2"},"west":{"uv":[0,0,4,0],"rotation":90,"texture":"#2"},"up":{"uv":[0,0,4,0],"rotation":180,"texture":"#2"},"down":{"uv":[0,0,4,0],"texture":"#2"}}},{"from":[0.5,16.425,15],"to":[16.5,24.425,15],"rotation":{"angle":0,"axis":"y","origin":[8.5,-7.5,7]},"faces":{"north":{"uv":[0,16,16,0],"rotation":180,"texture":"#2"},"east":{"uv":[4,0,0,0],"rotation":270,"texture":"#2"},"south":{"uv":[4,11,12,7],"texture":"#2"},"west":{"uv":[4,0,0,0],"rotation":90,"texture":"#2"},"up":{"uv":[0,0,4,0],"texture":"#2"},"down":{"uv":[0,0,4,0],"rotation":180,"texture":"#2"}}},{"name":"flat","from":[8,-3,5],"to":[8,3,11],"rotation":{"angle":22.5,"axis":"x","origin":[7,0,7]},"faces":{"north":{"uv":[0,0,0,1.5],"texture":"#1"},"east":{"uv":[10.75,1,12.25,2.5],"texture":"#1"},"south":{"uv":[0,0,0,1.5],"texture":"#1"},"west":{"uv":[12.25,1,10.75,2.5],"texture":"#1"},"up":{"uv":[0,0,0,1.5],"texture":"#1"},"down":{"uv":[0,0,0,1.5],"texture":"#1"}}}],"gui_light":"front"}