{
    "providers": [
        {
            "type": "bitmap",
            "file": "minecraft:font/admin.png",
            "ascent": 8,
            "height": 10,
            "chars": [
                    "\u00CC"
                ]
        },
        {
            "type": "bitmap",
            "file": "minecraft:font/builder.png",
            "ascent": 8,
            "height": 10,
            "chars": [
                    "\u00CE"
                ]
        },
        {
            "type": "bitmap",
            "file": "minecraft:font/dev.png",
            "ascent": 8,
            "height": 10,
            "chars": [
                    "\u00D0"
                ]
        },
        {
            "type": "bitmap",
            "file": "minecraft:font/discord.png",
            "ascent": 8,
            "height": 10,
            "chars": [
                    "\u00D3"
                ]
        },
        {
            "type": "bitmap",
            "file": "minecraft:font/legend.png",
            "ascent": 8,
            "height": 10,
            "chars": [
                    "\u00D6"
                ]
        },
        {
            "type": "bitmap",
            "file": "minecraft:font/manager.png",
            "ascent": 8,
            "height": 10,
            "chars": [
                    "\u00D8"
                ]
        },
        {
            "type": "bitmap",
            "file": "minecraft:font/staff.png",
            "ascent": 8,
            "height": 10,
            "chars": [
                    "\u00DB"
                ]
        },
        {
            "type": "bitmap",
            "file": "minecraft:font/tiktok.png",
            "ascent": 8,
            "height": 10,
            "chars": [
                    "\u00DE"
                ]
        },
        {
            "type": "bitmap",
            "file": "minecraft:font/twitch.png",
            "ascent": 8,
            "height": 10,
            "chars": [
                    "\u00DF"
                ]
        },
        {
            "type": "bitmap",
            "file": "minecraft:font/vipplus.png",
            "ascent": 8,
            "height": 10,
            "chars": [
                    "\u00F6"
                ]
        },
        {
            "type": "bitmap",
            "file": "minecraft:font/kotek.png",
            "ascent": 8,
            "height": 10,
            "chars": [
                    "\u00E6"
                ]
        },
        {
            "type": "bitmap",
            "file": "minecraft:font/mco.png",
            "ascent": 8,
            "height": 10,
            "chars": [
                    "\u00C6"
                ]
        }
    ]
}