{
    "providers": [
        {
            "type": "bitmap",
            "file": "minecraft:font/admin.png",
            "ascent": 8,
            "height": 10,
            "chars": [
                    "\u00CC"
                ]
        },
        {
            "type": "bitmap",
            "file": "minecraft:font/builder.png",
            "ascent": 8,
            "height": 10,
            "chars": [
                    "\u00CE"
                ]
        },
        {
            "type": "bitmap",
            "file": "minecraft:font/dev.png",
            "ascent": 8,
            "height": 10,
            "chars": [
                    "\u00D0"
                ]
        },
        {
            "type": "bitmap",
            "file": "minecraft:font/discord.png",
            "ascent": 8,
            "height": 10,
            "chars": [
                    "\u00D3"
                ]
        },
        {
            "type": "bitmap",
            "file": "minecraft:font/legend.png",
            "ascent": 8,
            "height": 10,
            "chars": [
                    "\u00D6"
                ]
        },
        {
            "type": "bitmap",
            "file": "minecraft:font/manager.png",
            "ascent": 8,
            "height": 10,
            "chars": [
                    "\u00D8"
                ]
        },
        {
            "type": "bitmap",
            "file": "minecraft:font/staff.png",
            "ascent": 8,
            "height": 10,
            "chars": [
                    "\u00DB"
                ]
        },
        {
            "type": "bitmap",
            "file": "minecraft:font/tiktok.png",
            "ascent": 8,
            "height": 10,
            "chars": [
                    "\u00DE"
                ]
        },
        {
            "type": "bitmap",
            "file": "minecraft:font/twitch.png",
            "ascent": 8,
            "height": 10,
            "chars": [
                    "\u00DF"
                ]
        },
        {
            "type": "bitmap",
            "file": "minecraft:font/vipplus.png",
            "ascent": 8,
            "height": 10,
            "chars": [
                    "\u00F6"
                ]
        },
        {
            "type": "bitmap",
            "file": "minecraft:font/kotek.png",
            "ascent": 8,
            "height": 10,
            "chars": [
                    "\u00E6"
                ]
        },
        {
            "type": "bitmap",
            "file": "minecraft:font/mco.png",
            "ascent": 8,
            "height": 10,
            "chars": [
                    "\u00C6"
                ]
        },
        {
            "type": "bitmap",
            "file": "minecraft:font/con.png",
            "ascent": 8,
            "height": 10,
            "chars": [
                    "\u00EE"
                ]
        },
        {
            "type": "bitmap",
            "file": "minecraft:font/yaselki.png",
            "ascent": 8,
            "height": 10,
            "chars": [
                    "\u00FF"
                ]
        },
        {
            "type": "bitmap",
            "file": "minecraft:font/famous.png",
            "ascent": 8,
            "height": 10,
            "chars": [
                    "\u0144"
                ]
        },
        {
            "type": "bitmap",
            "file": "minecraft:font/media.png",
            "ascent": 8,
            "height": 10,
            "chars": [
                    "\u0176"
                ]
        },
        {
            "type": "bitmap",
            "file": "minecraft:font/owner.png",
            "ascent": 8,
            "height": 10,
            "chars": [
                    "\u01B5"
                ]
        },
        {
            "type": "bitmap",
            "file": "minecraft:font/vip.png",
            "ascent": 8,
            "height": 10,
            "chars": [
                    "\u01A8"
                ]
        },
        {
            "type": "bitmap",
            "file": "minecraft:font/mvp.png",
            "ascent": 8,
            "height": 10,
            "chars": [
                    "\u019A"
                ]
        },        {
            "type": "bitmap",
            "file": "minecraft:font/mvpplus.png",
            "ascent": 8,
            "height": 10,
            "chars": [
                    "\u019E"
                ]
        }
    ]
}