{
	"format_version": "1.21.6",
	"credit": "Made with Blockbench",
	"texture_size": [64, 64],
	"textures": {
		"0": "civilization:item/tools/king_crown/default",
		"particle": "civilization:item/tools/king_crown/default"
	},
	"elements": [
		{
			"from": [7, 6, 2],
			"to": [9, 9, 3],
			"rotation": {"angle": -45, "axis": "z", "origin": [8, 7, 2.5]},
			"faces": {
				"north": {"uv": [5.25, 5.75, 5.75, 6.5], "texture": "#0"},
				"east": {"uv": [6, 9, 6.25, 9.75], "texture": "#0"},
				"south": {"uv": [5.75, 5.75, 6.25, 6.5], "texture": "#0"},
				"west": {"uv": [1, 9.25, 1.25, 10], "texture": "#0"},
				"up": {"uv": [10.25, 3.75, 9.75, 3.5], "texture": "#0"},
				"down": {"uv": [10.25, 3.75, 9.75, 4], "texture": "#0"}
			}
		},
		{
			"from": [6.5, 5.5, 2.25],
			"to": [9.5, 9.5, 3],
			"rotation": {"angle": -45, "axis": "z", "origin": [8, 7, 2.5]},
			"faces": {
				"north": {"uv": [1.5, 4.25, 2.25, 5.25], "texture": "#0"},
				"east": {"uv": [4.25, 8.5, 4.5, 9.5], "texture": "#0"},
				"south": {"uv": [2.25, 4.25, 3, 5.25], "texture": "#0"},
				"west": {"uv": [4.5, 8.5, 4.75, 9.5], "texture": "#0"},
				"up": {"uv": [7, 9.5, 6.25, 9.25], "texture": "#0"},
				"down": {"uv": [10, 6.75, 9.25, 7], "texture": "#0"}
			}
		},
		{
			"from": [5.5, 5.5, 2.25],
			"to": [6.75, 8.5, 3],
			"rotation": {"angle": -45, "axis": "z", "origin": [8, 7, 2.5]},
			"faces": {
				"north": {"uv": [5.75, 9.25, 6, 10], "texture": "#0"},
				"east": {"uv": [7, 9.25, 7.25, 10], "texture": "#0"},
				"south": {"uv": [9.25, 7, 9.5, 7.75], "texture": "#0"},
				"west": {"uv": [8.25, 9.25, 8.5, 10], "texture": "#0"},
				"up": {"uv": [4.5, 10.5, 4.25, 10.25], "texture": "#0"},
				"down": {"uv": [10.5, 4.25, 10.25, 4.5], "texture": "#0"}
			}
		},
		{
			"from": [6, 6, 2],
			"to": [7, 8, 3],
			"rotation": {"angle": -45, "axis": "z", "origin": [8, 7, 2.5]},
			"faces": {
				"north": {"uv": [5.25, 10, 5.5, 10.5], "texture": "#0"},
				"east": {"uv": [5.5, 10, 5.75, 10.5], "texture": "#0"},
				"south": {"uv": [5.75, 10, 6, 10.5], "texture": "#0"},
				"west": {"uv": [10, 5.75, 10.25, 6.25], "texture": "#0"},
				"up": {"uv": [10.5, 4, 10.25, 3.75], "texture": "#0"},
				"down": {"uv": [10.5, 4, 10.25, 4.25], "texture": "#0"}
			}
		},
		{
			"from": [3, 6, 3],
			"to": [13, 9, 5],
			"rotation": {"angle": 0, "axis": "y", "origin": [8, 8, 4]},
			"faces": {
				"north": {"uv": [0, 1.5, 2.5, 2.25], "texture": "#0"},
				"east": {"uv": [7, 4.25, 7.5, 5], "texture": "#0"},
				"south": {"uv": [0, 2.25, 2.5, 3], "texture": "#0"},
				"west": {"uv": [0.5, 7.25, 1, 8], "texture": "#0"},
				"up": {"uv": [5, 1.5, 2.5, 1], "texture": "#0"},
				"down": {"uv": [5, 1.5, 2.5, 2], "texture": "#0"}
			}
		},
		{
			"from": [7, 3, 2.775],
			"to": [9, 7, 3.775],
			"rotation": {"angle": -22.5, "axis": "x", "origin": [8, 5.5, 3.275]},
			"faces": {
				"north": {"uv": [5.75, 0.75, 6.25, 1.75], "texture": "#0"},
				"east": {"uv": [8, 8.5, 8.25, 9.5], "texture": "#0"},
				"south": {"uv": [3, 5.75, 3.5, 6.75], "texture": "#0"},
				"west": {"uv": [3, 8.75, 3.25, 9.75], "texture": "#0"},
				"up": {"uv": [10.75, 1.75, 10.25, 1.5], "texture": "#0"},
				"down": {"uv": [10.75, 1.75, 10.25, 2], "texture": "#0"}
			}
		},
		{
			"from": [11.225, 5, 11.25],
			"to": [13.225, 7, 13.25],
			"rotation": {"angle": 0, "axis": "y", "origin": [8.225, 8, 12.25]},
			"faces": {
				"north": {"uv": [8.25, 0.75, 8.75, 1.25], "texture": "#0"},
				"east": {"uv": [8.25, 1.25, 8.75, 1.75], "texture": "#0"},
				"south": {"uv": [1.5, 8.25, 2, 8.75], "texture": "#0"},
				"west": {"uv": [2, 8.25, 2.5, 8.75], "texture": "#0"},
				"up": {"uv": [8.75, 2.75, 8.25, 2.25], "texture": "#0"},
				"down": {"uv": [3, 8.25, 2.5, 8.75], "texture": "#0"}
			}
		},
		{
			"from": [11.975, 3.9, 2.95],
			"to": [12.975, 5.9, 11.45],
			"rotation": {"angle": -22.5, "axis": "x", "origin": [7.975, 7.9, 9.95]},
			"faces": {
				"north": {"uv": [1.25, 10.25, 1.5, 10.75], "texture": "#0"},
				"east": {"uv": [1.5, 3.75, 3.75, 4.25], "texture": "#0"},
				"south": {"uv": [10.25, 2.75, 10.5, 3.25], "texture": "#0"},
				"west": {"uv": [3.75, 3.75, 6, 4.25], "texture": "#0"},
				"up": {"uv": [5.75, 2.25, 5.5, 0], "texture": "#0"},
				"down": {"uv": [4.75, 5.5, 4.5, 7.75], "texture": "#0"}
			}
		},
		{
			"from": [10.975, 0, 3],
			"to": [12.975, 5, 4],
			"rotation": {"angle": 0, "axis": "y", "origin": [8.975, 8, 4]},
			"faces": {
				"north": {"uv": [0.5, 4.5, 1, 5.75], "texture": "#0"},
				"east": {"uv": [8, 3.5, 8.25, 4.75], "texture": "#0"},
				"south": {"uv": [1, 4.5, 1.5, 5.75], "texture": "#0"},
				"west": {"uv": [3.75, 8, 4, 9.25], "texture": "#0"},
				"up": {"uv": [3.75, 10.25, 3.25, 10], "texture": "#0"},
				"down": {"uv": [10.5, 3.25, 10, 3.5], "texture": "#0"}
			}
		},
		{
			"from": [9.2, -0.175, 3],
			"to": [12.2, 2.825, 4],
			"rotation": {"angle": 22.5, "axis": "z", "origin": [12.2, 1.825, 3.5]},
			"faces": {
				"north": {"uv": [5.25, 2.25, 6, 3], "texture": "#0"},
				"east": {"uv": [9.5, 5.5, 9.75, 6.25], "texture": "#0"},
				"south": {"uv": [5.25, 3, 6, 3.75], "texture": "#0"},
				"west": {"uv": [6.25, 9.5, 6.5, 10.25], "texture": "#0"},
				"up": {"uv": [10.25, 6.5, 9.5, 6.25], "texture": "#0"},
				"down": {"uv": [10.25, 6.5, 9.5, 6.75], "texture": "#0"}
			}
		},
		{
			"from": [12.225, 3, 12.25],
			"to": [13.225, 5, 13.25],
			"rotation": {"angle": 0, "axis": "y", "origin": [9.225, 8, 13.25]},
			"faces": {
				"north": {"uv": [10, 9.75, 10.25, 10.25], "texture": "#0"},
				"east": {"uv": [10.25, 0, 10.5, 0.5], "texture": "#0"},
				"south": {"uv": [10.25, 0.5, 10.5, 1], "texture": "#0"},
				"west": {"uv": [1, 10.25, 1.25, 10.75], "texture": "#0"},
				"up": {"uv": [6.25, 10.5, 6, 10.25], "texture": "#0"},
				"down": {"uv": [10.5, 6, 10.25, 6.25], "texture": "#0"}
			}
		},
		{
			"from": [8.725, 5.5, 2.75],
			"to": [11.725, 6.5, 3.75],
			"rotation": {"angle": 22.5, "axis": "z", "origin": [10.475, 5.5, 3.75]},
			"faces": {
				"north": {"uv": [9.25, 7.75, 10, 8], "texture": "#0"},
				"east": {"uv": [10.25, 5, 10.5, 5.25], "texture": "#0"},
				"south": {"uv": [9.25, 8, 10, 8.25], "texture": "#0"},
				"west": {"uv": [10.25, 5.25, 10.5, 5.5], "texture": "#0"},
				"up": {"uv": [10.25, 0.25, 9.5, 0], "texture": "#0"},
				"down": {"uv": [10.25, 0.25, 9.5, 0.5], "texture": "#0"}
			}
		},
		{
			"from": [9.725, 3.5, 12],
			"to": [12.725, 6.5, 13],
			"rotation": {"angle": 22.5, "axis": "z", "origin": [10.475, 4.5, 13]},
			"faces": {
				"north": {"uv": [5.75, 0, 6.5, 0.75], "texture": "#0"},
				"east": {"uv": [8, 9.5, 8.25, 10.25], "texture": "#0"},
				"south": {"uv": [0.5, 5.75, 1.25, 6.5], "texture": "#0"},
				"west": {"uv": [9.5, 8.25, 9.75, 9], "texture": "#0"},
				"up": {"uv": [10.25, 7.5, 9.5, 7.25], "texture": "#0"},
				"down": {"uv": [10.25, 7.5, 9.5, 7.75], "texture": "#0"}
			}
		},
		{
			"from": [2.85, 12, 2.5],
			"to": [3.85, 14, 3.5],
			"rotation": {"angle": 0, "axis": "y", "origin": [8.85, 9, 4.5]},
			"faces": {
				"north": {"uv": [2, 10, 2.25, 10.5], "texture": "#0"},
				"east": {"uv": [10, 2, 10.25, 2.5], "texture": "#0"},
				"south": {"uv": [2.25, 10, 2.5, 10.5], "texture": "#0"},
				"west": {"uv": [2.5, 10, 2.75, 10.5], "texture": "#0"},
				"up": {"uv": [7, 1.5, 6.75, 1.25], "texture": "#0"},
				"down": {"uv": [7.25, 5, 7, 5.25], "texture": "#0"}
			}
		},
		{
			"from": [4.35, 8.425, 3],
			"to": [7.35, 9.425, 5],
			"rotation": {"angle": -22.5, "axis": "z", "origin": [5.85, 8.925, 4]},
			"faces": {
				"north": {"uv": [9, 2, 9.75, 2.25], "texture": "#0"},
				"east": {"uv": [9.75, 4, 10.25, 4.25], "texture": "#0"},
				"south": {"uv": [9.25, 1, 10, 1.25], "texture": "#0"},
				"west": {"uv": [9.75, 4.25, 10.25, 4.5], "texture": "#0"},
				"up": {"uv": [5.25, 3.75, 4.5, 3.25], "texture": "#0"},
				"down": {"uv": [6.5, 1.75, 5.75, 2.25], "texture": "#0"}
			}
		},
		{
			"from": [2.25, 8.675, 3.675],
			"to": [4.25, 11.675, 4.675],
			"rotation": {"angle": -22.5, "axis": "x", "origin": [3.25, 10.175, 4.175]},
			"faces": {
				"north": {"uv": [6, 2.25, 6.5, 3], "texture": "#0"},
				"east": {"uv": [1.75, 9.25, 2, 10], "texture": "#0"},
				"south": {"uv": [6, 3, 6.5, 3.75], "texture": "#0"},
				"west": {"uv": [2, 9.25, 2.25, 10], "texture": "#0"},
				"up": {"uv": [10.25, 5, 9.75, 4.75], "texture": "#0"},
				"down": {"uv": [10.25, 5, 9.75, 5.25], "texture": "#0"}
			}
		},
		{
			"from": [2.75, 7, 2.225],
			"to": [4.75, 10, 3.225],
			"rotation": {"angle": -22.5, "axis": "x", "origin": [3.75, 8.5, 2.725]},
			"faces": {
				"north": {"uv": [3.5, 5.75, 4, 6.5], "texture": "#0"},
				"east": {"uv": [5, 1.25, 5.25, 2], "texture": "#0"},
				"south": {"uv": [4, 5.75, 4.5, 6.5], "texture": "#0"},
				"west": {"uv": [2.75, 6, 3, 6.75], "texture": "#0"},
				"up": {"uv": [10.25, 0.75, 9.75, 0.5], "texture": "#0"},
				"down": {"uv": [10.25, 0.75, 9.75, 1], "texture": "#0"}
			}
		},
		{
			"from": [2.25, 7, 2.725],
			"to": [3.25, 10, 4.725],
			"rotation": {"angle": 22.5, "axis": "z", "origin": [2.75, 8.5, 3.725]},
			"faces": {
				"north": {"uv": [2.5, 9.25, 2.75, 10], "texture": "#0"},
				"east": {"uv": [0.5, 6.5, 1, 7.25], "texture": "#0"},
				"south": {"uv": [2.75, 9.25, 3, 10], "texture": "#0"},
				"west": {"uv": [6.5, 1.5, 7, 2.25], "texture": "#0"},
				"up": {"uv": [4.5, 7.75, 4.25, 7.25], "texture": "#0"},
				"down": {"uv": [10, 5.75, 9.75, 6.25], "texture": "#0"}
			}
		},
		{
			"from": [3, 6, 11],
			"to": [13, 9, 13],
			"rotation": {"angle": 0, "axis": "y", "origin": [8, 8, 12]},
			"faces": {
				"north": {"uv": [0, 0, 2.5, 0.75], "texture": "#0"},
				"east": {"uv": [0, 6, 0.5, 6.75], "texture": "#0"},
				"south": {"uv": [0, 0.75, 2.5, 1.5], "texture": "#0"},
				"west": {"uv": [1.25, 6, 1.75, 6.75], "texture": "#0"},
				"up": {"uv": [5, 0.5, 2.5, 0], "texture": "#0"},
				"down": {"uv": [5, 0.5, 2.5, 1], "texture": "#0"}
			}
		},
		{
			"from": [3.025, 1.525, 4],
			"to": [4.025, 6.525, 5],
			"rotation": {"angle": 0, "axis": "y", "origin": [4.025, 8.525, 10]},
			"faces": {
				"north": {"uv": [5, 0, 5.25, 1.25], "texture": "#0"},
				"east": {"uv": [3, 7.5, 3.25, 8.75], "texture": "#0"},
				"south": {"uv": [3.25, 8, 3.5, 9.25], "texture": "#0"},
				"west": {"uv": [3.5, 8, 3.75, 9.25], "texture": "#0"},
				"up": {"uv": [4.75, 3.25, 4.5, 3], "texture": "#0"},
				"down": {"uv": [1.5, 5.75, 1.25, 6], "texture": "#0"}
			}
		},
		{
			"from": [2.55, 7.325, 6.5],
			"to": [4.55, 9.325, 9.5],
			"rotation": {"angle": 22.5, "axis": "z", "origin": [3.55, 8.325, 8.5]},
			"faces": {
				"north": {"uv": [8.5, 8.25, 9, 8.75], "texture": "#0"},
				"east": {"uv": [7.5, 0.75, 8.25, 1.25], "texture": "#0"},
				"south": {"uv": [0, 8.75, 0.5, 9.25], "texture": "#0"},
				"west": {"uv": [7.5, 1.25, 8.25, 1.75], "texture": "#0"},
				"up": {"uv": [2, 8.25, 1.5, 7.5], "texture": "#0"},
				"down": {"uv": [8, 1.75, 7.5, 2.5], "texture": "#0"}
			}
		},
		{
			"from": [1.02039, 10.51283, 7],
			"to": [2.02039, 12.51283, 9],
			"rotation": {"angle": 0, "axis": "y", "origin": [1.52039, 11.51283, 8]},
			"faces": {
				"north": {"uv": [7.5, 10, 7.75, 10.5], "texture": "#0"},
				"east": {"uv": [0.5, 8.75, 1, 9.25], "texture": "#0"},
				"south": {"uv": [10, 7.75, 10.25, 8.25], "texture": "#0"},
				"west": {"uv": [8.75, 0.5, 9.25, 1], "texture": "#0"},
				"up": {"uv": [8.5, 10.5, 8.25, 10], "texture": "#0"},
				"down": {"uv": [8.75, 10, 8.5, 10.5], "texture": "#0"}
			}
		},
		{
			"from": [12.75, 7, 2.725],
			"to": [13.75, 10, 4.725],
			"rotation": {"angle": -22.5, "axis": "z", "origin": [13.25, 8.5, 3.725]},
			"faces": {
				"north": {"uv": [1.25, 9.25, 1.5, 10], "texture": "#0"},
				"east": {"uv": [1.75, 6, 2.25, 6.75], "texture": "#0"},
				"south": {"uv": [1.5, 9.25, 1.75, 10], "texture": "#0"},
				"west": {"uv": [2.25, 6, 2.75, 6.75], "texture": "#0"},
				"up": {"uv": [6.25, 5.75, 6, 5.25], "texture": "#0"},
				"down": {"uv": [3.5, 6.75, 3.25, 7.25], "texture": "#0"}
			}
		},
		{
			"from": [11.25, 7, 2.225],
			"to": [13.25, 10, 3.225],
			"rotation": {"angle": -22.5, "axis": "x", "origin": [12.25, 8.5, 2.725]},
			"faces": {
				"north": {"uv": [6, 3.75, 6.5, 4.5], "texture": "#0"},
				"east": {"uv": [2.25, 9.25, 2.5, 10], "texture": "#0"},
				"south": {"uv": [6, 4.5, 6.5, 5.25], "texture": "#0"},
				"west": {"uv": [9.25, 2.25, 9.5, 3], "texture": "#0"},
				"up": {"uv": [10.25, 5.5, 9.75, 5.25], "texture": "#0"},
				"down": {"uv": [10.25, 5.5, 9.75, 5.75], "texture": "#0"}
			}
		},
		{
			"from": [12, 9, 2],
			"to": [14, 12, 4],
			"rotation": {"angle": 0, "axis": "y", "origin": [8, 8, 4]},
			"faces": {
				"north": {"uv": [6.25, 0.75, 6.75, 1.5], "texture": "#0"},
				"east": {"uv": [6.25, 5.25, 6.75, 6], "texture": "#0"},
				"south": {"uv": [6.25, 6, 6.75, 6.75], "texture": "#0"},
				"west": {"uv": [6.5, 0, 7, 0.75], "texture": "#0"},
				"up": {"uv": [8.5, 2.25, 8, 1.75], "texture": "#0"},
				"down": {"uv": [7.75, 8, 7.25, 8.5], "texture": "#0"}
			}
		},
		{
			"from": [12.15, 12, 2.5],
			"to": [13.15, 14, 3.5],
			"rotation": {"angle": 0, "axis": "y", "origin": [7.15, 9, 4.5]},
			"faces": {
				"north": {"uv": [9.75, 8.5, 10, 9], "texture": "#0"},
				"east": {"uv": [9.5, 9.75, 9.75, 10.25], "texture": "#0"},
				"south": {"uv": [9.75, 9.75, 10, 10.25], "texture": "#0"},
				"west": {"uv": [0, 10, 0.25, 10.5], "texture": "#0"},
				"up": {"uv": [6.5, 1.75, 6.25, 1.5], "texture": "#0"},
				"down": {"uv": [1.25, 6.5, 1, 6.75], "texture": "#0"}
			}
		},
		{
			"from": [11.75, 8.675, 3.675],
			"to": [13.75, 11.675, 4.675],
			"rotation": {"angle": -22.5, "axis": "x", "origin": [12.75, 10.175, 4.175]},
			"faces": {
				"north": {"uv": [6.5, 2.25, 7, 3], "texture": "#0"},
				"east": {"uv": [9.25, 3, 9.5, 3.75], "texture": "#0"},
				"south": {"uv": [6.5, 3, 7, 3.75], "texture": "#0"},
				"west": {"uv": [3.25, 9.25, 3.5, 10], "texture": "#0"},
				"up": {"uv": [7.75, 10, 7.25, 9.75], "texture": "#0"},
				"down": {"uv": [10.25, 8.25, 9.75, 8.5], "texture": "#0"}
			}
		},
		{
			"from": [11.4, 8.675, 2.25],
			"to": [12.4, 11.675, 4.25],
			"rotation": {"angle": -22.5, "axis": "z", "origin": [11.9, 10.175, 3.25]},
			"faces": {
				"north": {"uv": [3.5, 9.25, 3.75, 10], "texture": "#0"},
				"east": {"uv": [3.5, 6.5, 4, 7.25], "texture": "#0"},
				"south": {"uv": [3.75, 9.25, 4, 10], "texture": "#0"},
				"west": {"uv": [6.5, 3.75, 7, 4.5], "texture": "#0"},
				"up": {"uv": [6.25, 10.25, 6, 9.75], "texture": "#0"},
				"down": {"uv": [8, 9.75, 7.75, 10.25], "texture": "#0"}
			}
		},
		{
			"from": [2, 9, 2],
			"to": [4, 12, 4],
			"rotation": {"angle": 0, "axis": "y", "origin": [8, 8, 4]},
			"faces": {
				"north": {"uv": [4, 6.5, 4.5, 7.25], "texture": "#0"},
				"east": {"uv": [6.5, 4.5, 7, 5.25], "texture": "#0"},
				"south": {"uv": [4.75, 6.5, 5.25, 7.25], "texture": "#0"},
				"west": {"uv": [5.25, 6.5, 5.75, 7.25], "texture": "#0"},
				"up": {"uv": [8.25, 8.5, 7.75, 8], "texture": "#0"},
				"down": {"uv": [0.5, 8.25, 0, 8.75], "texture": "#0"}
			}
		},
		{
			"from": [2.55, 11.7, 2],
			"to": [3.55, 15.7, 3],
			"rotation": {"angle": -22.5, "axis": "z", "origin": [3.05, 13.2, 2.5]},
			"faces": {
				"north": {"uv": [8.25, 4.75, 8.5, 5.75], "texture": "#0"},
				"east": {"uv": [8.25, 5.75, 8.5, 6.75], "texture": "#0"},
				"south": {"uv": [6.25, 8.25, 6.5, 9.25], "texture": "#0"},
				"west": {"uv": [6.5, 8.25, 6.75, 9.25], "texture": "#0"},
				"up": {"uv": [8.25, 5, 8, 4.75], "texture": "#0"},
				"down": {"uv": [8.75, 0.5, 8.5, 0.75], "texture": "#0"}
			}
		},
		{
			"from": [3.6, 8.675, 2.25],
			"to": [4.6, 11.675, 4.25],
			"rotation": {"angle": 22.5, "axis": "z", "origin": [4.1, 10.175, 3.25]},
			"faces": {
				"north": {"uv": [9.25, 3.75, 9.5, 4.5], "texture": "#0"},
				"east": {"uv": [5.75, 6.5, 6.25, 7.25], "texture": "#0"},
				"south": {"uv": [4, 9.25, 4.25, 10], "texture": "#0"},
				"west": {"uv": [0, 6.75, 0.5, 7.5], "texture": "#0"},
				"up": {"uv": [0.5, 10.5, 0.25, 10], "texture": "#0"},
				"down": {"uv": [0.75, 10, 0.5, 10.5], "texture": "#0"}
			}
		},
		{
			"from": [8.65, 8.425, 3],
			"to": [11.65, 9.425, 5],
			"rotation": {"angle": 22.5, "axis": "z", "origin": [10.15, 8.925, 4]},
			"faces": {
				"north": {"uv": [9.25, 1.25, 10, 1.5], "texture": "#0"},
				"east": {"uv": [1, 10, 1.5, 10.25], "texture": "#0"},
				"south": {"uv": [9.25, 4.5, 10, 4.75], "texture": "#0"},
				"west": {"uv": [10, 1, 10.5, 1.25], "texture": "#0"},
				"up": {"uv": [7.5, 1.25, 6.75, 0.75], "texture": "#0"},
				"down": {"uv": [1.75, 6.75, 1, 7.25], "texture": "#0"}
			}
		},
		{
			"from": [12.45, 11.7, 2],
			"to": [13.45, 15.7, 3],
			"rotation": {"angle": 22.5, "axis": "z", "origin": [12.95, 13.2, 2.5]},
			"faces": {
				"north": {"uv": [4.75, 5.5, 5, 6.5], "texture": "#0"},
				"east": {"uv": [6, 8, 6.25, 9], "texture": "#0"},
				"south": {"uv": [8.25, 2.75, 8.5, 3.75], "texture": "#0"},
				"west": {"uv": [8.25, 3.75, 8.5, 4.75], "texture": "#0"},
				"up": {"uv": [1.75, 7.5, 1.5, 7.25], "texture": "#0"},
				"down": {"uv": [8.25, 2.25, 8, 2.5], "texture": "#0"}
			}
		},
		{
			"from": [12.75, 7, 11.275],
			"to": [13.75, 10, 13.275],
			"rotation": {"angle": -22.5, "axis": "z", "origin": [13.25, 8.5, 12.275]},
			"faces": {
				"north": {"uv": [5.25, 9.25, 5.5, 10], "texture": "#0"},
				"east": {"uv": [7, 2.75, 7.5, 3.5], "texture": "#0"},
				"south": {"uv": [5.5, 9.25, 5.75, 10], "texture": "#0"},
				"west": {"uv": [7, 3.5, 7.5, 4.25], "texture": "#0"},
				"up": {"uv": [3, 10.5, 2.75, 10], "texture": "#0"},
				"down": {"uv": [10.25, 2.75, 10, 3.25], "texture": "#0"}
			}
		},
		{
			"from": [11.75, 8.675, 11.325],
			"to": [13.75, 11.675, 13.325],
			"rotation": {"angle": 22.5, "axis": "x", "origin": [12.75, 10.175, 11.825]},
			"faces": {
				"north": {"uv": [6.75, 6.75, 7.25, 7.5], "texture": "#0"},
				"east": {"uv": [7, 0, 7.5, 0.75], "texture": "#0"},
				"south": {"uv": [7, 1.25, 7.5, 2], "texture": "#0"},
				"west": {"uv": [7, 2, 7.5, 2.75], "texture": "#0"},
				"up": {"uv": [9, 0.5, 8.5, 0], "texture": "#0"},
				"down": {"uv": [9, 1.75, 8.5, 2.25], "texture": "#0"}
			}
		},
		{
			"from": [12, 9, 12],
			"to": [13, 13, 13],
			"rotation": {"angle": 0, "axis": "y", "origin": [8, 8, 12]},
			"faces": {
				"north": {"uv": [8.25, 7.25, 8.5, 8.25], "texture": "#0"},
				"east": {"uv": [8.25, 8.25, 8.5, 9.25], "texture": "#0"},
				"south": {"uv": [8.5, 2.75, 8.75, 3.75], "texture": "#0"},
				"west": {"uv": [8.5, 3.75, 8.75, 4.75], "texture": "#0"},
				"up": {"uv": [9, 1.75, 8.75, 1.5], "texture": "#0"},
				"down": {"uv": [3.5, 10.25, 3.25, 10.5], "texture": "#0"}
			}
		},
		{
			"from": [11.25, 7, 12.775],
			"to": [13.25, 10, 13.775],
			"rotation": {"angle": 22.5, "axis": "x", "origin": [12.25, 8.5, 13.275]},
			"faces": {
				"north": {"uv": [6.75, 6, 7.25, 6.75], "texture": "#0"},
				"east": {"uv": [4.75, 9.25, 5, 10], "texture": "#0"},
				"south": {"uv": [6.25, 6.75, 6.75, 7.5], "texture": "#0"},
				"west": {"uv": [5, 9.25, 5.25, 10], "texture": "#0"},
				"up": {"uv": [10.5, 1.5, 10, 1.25], "texture": "#0"},
				"down": {"uv": [10.5, 2.5, 10, 2.75], "texture": "#0"}
			}
		},
		{
			"from": [11.4, 8.675, 11.75],
			"to": [13.4, 11.675, 13.75],
			"rotation": {"angle": -22.5, "axis": "z", "origin": [11.9, 10.175, 12.75]},
			"faces": {
				"north": {"uv": [1.75, 6.75, 2.25, 7.5], "texture": "#0"},
				"east": {"uv": [2.25, 6.75, 2.75, 7.5], "texture": "#0"},
				"south": {"uv": [2.75, 6.75, 3.25, 7.5], "texture": "#0"},
				"west": {"uv": [6.75, 5.25, 7.25, 6], "texture": "#0"},
				"up": {"uv": [7.25, 8.75, 6.75, 8.25], "texture": "#0"},
				"down": {"uv": [8.75, 6.75, 8.25, 7.25], "texture": "#0"}
			}
		},
		{
			"from": [3.025, 3.9, 2.95],
			"to": [4.025, 5.9, 11.45],
			"rotation": {"angle": -22.5, "axis": "x", "origin": [8.025, 7.9, 9.95]},
			"faces": {
				"north": {"uv": [1.5, 10, 1.75, 10.5], "texture": "#0"},
				"east": {"uv": [2.5, 2, 4.75, 2.5], "texture": "#0"},
				"south": {"uv": [1.75, 10, 2, 10.5], "texture": "#0"},
				"west": {"uv": [2.5, 2.5, 4.75, 3], "texture": "#0"},
				"up": {"uv": [5.25, 6.5, 5, 4.25], "texture": "#0"},
				"down": {"uv": [5.5, 0, 5.25, 2.25], "texture": "#0"}
			}
		},
		{
			"from": [2.775, 3, 12.25],
			"to": [3.775, 5, 13.25],
			"rotation": {"angle": 0, "axis": "y", "origin": [6.775, 8, 13.25]},
			"faces": {
				"north": {"uv": [3.75, 10, 4, 10.5], "texture": "#0"},
				"east": {"uv": [4, 10, 4.25, 10.5], "texture": "#0"},
				"south": {"uv": [4.75, 10, 5, 10.5], "texture": "#0"},
				"west": {"uv": [5, 10, 5.25, 10.5], "texture": "#0"},
				"up": {"uv": [3.75, 10.5, 3.5, 10.25], "texture": "#0"},
				"down": {"uv": [10.5, 3.5, 10.25, 3.75], "texture": "#0"}
			}
		},
		{
			"from": [2.25, 8.675, 11.325],
			"to": [4.25, 11.675, 13.325],
			"rotation": {"angle": 22.5, "axis": "x", "origin": [3.25, 10.175, 11.825]},
			"faces": {
				"north": {"uv": [1, 7.25, 1.5, 8], "texture": "#0"},
				"east": {"uv": [3.25, 7.25, 3.75, 8], "texture": "#0"},
				"south": {"uv": [3.75, 7.25, 4.25, 8], "texture": "#0"},
				"west": {"uv": [4.75, 7.25, 5.25, 8], "texture": "#0"},
				"up": {"uv": [9, 5.25, 8.5, 4.75], "texture": "#0"},
				"down": {"uv": [9, 5.25, 8.5, 5.75], "texture": "#0"}
			}
		},
		{
			"from": [2.6, 8.675, 11.75],
			"to": [4.6, 11.675, 13.75],
			"rotation": {"angle": 22.5, "axis": "z", "origin": [4.1, 10.175, 12.75]},
			"faces": {
				"north": {"uv": [7.25, 5, 7.75, 5.75], "texture": "#0"},
				"east": {"uv": [5.25, 7.25, 5.75, 8], "texture": "#0"},
				"south": {"uv": [5.75, 7.25, 6.25, 8], "texture": "#0"},
				"west": {"uv": [7.25, 5.75, 7.75, 6.5], "texture": "#0"},
				"up": {"uv": [9, 6.25, 8.5, 5.75], "texture": "#0"},
				"down": {"uv": [9, 6.25, 8.5, 6.75], "texture": "#0"}
			}
		},
		{
			"from": [3, 9, 12],
			"to": [4, 13, 13],
			"rotation": {"angle": 0, "axis": "y", "origin": [8, 8, 12]},
			"faces": {
				"north": {"uv": [7.25, 8.5, 7.5, 9.5], "texture": "#0"},
				"east": {"uv": [8.5, 7.25, 8.75, 8.25], "texture": "#0"},
				"south": {"uv": [7.5, 8.5, 7.75, 9.5], "texture": "#0"},
				"west": {"uv": [7.75, 8.5, 8, 9.5], "texture": "#0"},
				"up": {"uv": [4.75, 10.5, 4.5, 10.25], "texture": "#0"},
				"down": {"uv": [10.5, 4.75, 10.25, 5], "texture": "#0"}
			}
		},
		{
			"from": [2.25, 7, 11.275],
			"to": [3.25, 10, 13.275],
			"rotation": {"angle": 22.5, "axis": "z", "origin": [2.75, 8.5, 12.275]},
			"faces": {
				"north": {"uv": [8.5, 9.25, 8.75, 10], "texture": "#0"},
				"east": {"uv": [7.25, 6.5, 7.75, 7.25], "texture": "#0"},
				"south": {"uv": [8.75, 9.25, 9, 10], "texture": "#0"},
				"west": {"uv": [7.25, 7.25, 7.75, 8], "texture": "#0"},
				"up": {"uv": [7.25, 10.5, 7, 10], "texture": "#0"},
				"down": {"uv": [7.5, 10, 7.25, 10.5], "texture": "#0"}
			}
		},
		{
			"from": [2.75, 7, 12.775],
			"to": [4.75, 10, 13.775],
			"rotation": {"angle": 22.5, "axis": "x", "origin": [3.75, 8.5, 13.275]},
			"faces": {
				"north": {"uv": [0, 7.5, 0.5, 8.25], "texture": "#0"},
				"east": {"uv": [9, 9.25, 9.25, 10], "texture": "#0"},
				"south": {"uv": [7.5, 0, 8, 0.75], "texture": "#0"},
				"west": {"uv": [9.25, 9.25, 9.5, 10], "texture": "#0"},
				"up": {"uv": [10.5, 4.75, 10, 4.5], "texture": "#0"},
				"down": {"uv": [10.5, 6.75, 10, 7], "texture": "#0"}
			}
		},
		{
			"from": [11, 6, 5],
			"to": [13, 9, 11],
			"rotation": {"angle": 0, "axis": "y", "origin": [12, 8, 9]},
			"faces": {
				"north": {"uv": [2, 7.5, 2.5, 8.25], "texture": "#0"},
				"east": {"uv": [0, 3, 1.5, 3.75], "texture": "#0"},
				"south": {"uv": [2.5, 7.5, 3, 8.25], "texture": "#0"},
				"west": {"uv": [1.5, 3, 3, 3.75], "texture": "#0"},
				"up": {"uv": [3.5, 5.75, 3, 4.25], "texture": "#0"},
				"down": {"uv": [4, 4.25, 3.5, 5.75], "texture": "#0"}
			}
		},
		{
			"from": [11.975, 1.525, 4],
			"to": [12.975, 6.525, 5],
			"rotation": {"angle": 0, "axis": "y", "origin": [11.975, 8.525, 10]},
			"faces": {
				"north": {"uv": [5, 8, 5.25, 9.25], "texture": "#0"},
				"east": {"uv": [5.25, 8, 5.5, 9.25], "texture": "#0"},
				"south": {"uv": [5.5, 8, 5.75, 9.25], "texture": "#0"},
				"west": {"uv": [5.75, 8, 6, 9.25], "texture": "#0"},
				"up": {"uv": [6.5, 10.5, 6.25, 10.25], "texture": "#0"},
				"down": {"uv": [10.5, 6.25, 10.25, 6.5], "texture": "#0"}
			}
		},
		{
			"from": [11.45, 7.325, 6.5],
			"to": [13.45, 9.325, 9.5],
			"rotation": {"angle": -22.5, "axis": "z", "origin": [12.45, 8.325, 8.5]},
			"faces": {
				"north": {"uv": [1, 8.75, 1.5, 9.25], "texture": "#0"},
				"east": {"uv": [7.5, 2.5, 8.25, 3], "texture": "#0"},
				"south": {"uv": [8.75, 1, 9.25, 1.5], "texture": "#0"},
				"west": {"uv": [7.5, 3, 8.25, 3.5], "texture": "#0"},
				"up": {"uv": [8, 4.25, 7.5, 3.5], "texture": "#0"},
				"down": {"uv": [8, 4.25, 7.5, 5], "texture": "#0"}
			}
		},
		{
			"from": [11.95, 8.325, 7],
			"to": [13.95, 11.325, 9],
			"rotation": {"angle": -22.5, "axis": "z", "origin": [12.45, 8.325, 8.5]},
			"faces": {
				"north": {"uv": [6.25, 7.5, 6.75, 8.25], "texture": "#0"},
				"east": {"uv": [6.75, 7.5, 7.25, 8.25], "texture": "#0"},
				"south": {"uv": [4.25, 7.75, 4.75, 8.5], "texture": "#0"},
				"west": {"uv": [7.75, 5, 8.25, 5.75], "texture": "#0"},
				"up": {"uv": [2, 9.25, 1.5, 8.75], "texture": "#0"},
				"down": {"uv": [2.5, 8.75, 2, 9.25], "texture": "#0"}
			}
		},
		{
			"from": [13.97961, 10.51283, 7],
			"to": [14.97961, 12.51283, 9],
			"rotation": {"angle": 0, "axis": "y", "origin": [14.47961, 11.51283, 8]},
			"faces": {
				"north": {"uv": [10, 8.5, 10.25, 9], "texture": "#0"},
				"east": {"uv": [8.75, 2.25, 9.25, 2.75], "texture": "#0"},
				"south": {"uv": [8.75, 10, 9, 10.5], "texture": "#0"},
				"west": {"uv": [2.5, 8.75, 3, 9.25], "texture": "#0"},
				"up": {"uv": [9.25, 10.5, 9, 10], "texture": "#0"},
				"down": {"uv": [9.5, 10, 9.25, 10.5], "texture": "#0"}
			}
		},
		{
			"from": [2.05, 8.325, 7],
			"to": [4.05, 11.325, 9],
			"rotation": {"angle": 22.5, "axis": "z", "origin": [3.55, 8.325, 8.5]},
			"faces": {
				"north": {"uv": [7.75, 5.75, 8.25, 6.5], "texture": "#0"},
				"east": {"uv": [7.75, 6.5, 8.25, 7.25], "texture": "#0"},
				"south": {"uv": [7.75, 7.25, 8.25, 8], "texture": "#0"},
				"west": {"uv": [8, 0, 8.5, 0.75], "texture": "#0"},
				"up": {"uv": [9.25, 3.25, 8.75, 2.75], "texture": "#0"},
				"down": {"uv": [9.25, 3.25, 8.75, 3.75], "texture": "#0"}
			}
		},
		{
			"from": [2.775, 2, 2.75],
			"to": [3.775, 5, 3.75],
			"rotation": {"angle": 0, "axis": "y", "origin": [7.775, 8, 3.75]},
			"faces": {
				"north": {"uv": [9.5, 2.25, 9.75, 3], "texture": "#0"},
				"east": {"uv": [9.5, 3, 9.75, 3.75], "texture": "#0"},
				"south": {"uv": [9.5, 3.75, 9.75, 4.5], "texture": "#0"},
				"west": {"uv": [4.25, 9.5, 4.5, 10.25], "texture": "#0"},
				"up": {"uv": [10.5, 5.75, 10.25, 5.5], "texture": "#0"},
				"down": {"uv": [10.5, 5.75, 10.25, 6], "texture": "#0"}
			}
		},
		{
			"from": [3.275, 3.5, 12],
			"to": [6.275, 6.5, 13],
			"rotation": {"angle": -22.5, "axis": "z", "origin": [5.525, 4.5, 13]},
			"faces": {
				"north": {"uv": [5.25, 4.25, 6, 5], "texture": "#0"},
				"east": {"uv": [6.5, 9.5, 6.75, 10.25], "texture": "#0"},
				"south": {"uv": [5.25, 5, 6, 5.75], "texture": "#0"},
				"west": {"uv": [6.75, 9.5, 7, 10.25], "texture": "#0"},
				"up": {"uv": [10.25, 7.25, 9.5, 7], "texture": "#0"},
				"down": {"uv": [8, 9.5, 7.25, 9.75], "texture": "#0"}
			}
		},
		{
			"from": [3.8, -0.175, 3],
			"to": [6.8, 2.825, 4],
			"rotation": {"angle": -22.5, "axis": "z", "origin": [3.8, 1.825, 3.5]},
			"faces": {
				"north": {"uv": [1.5, 5.25, 2.25, 6], "texture": "#0"},
				"east": {"uv": [4.5, 9.5, 4.75, 10.25], "texture": "#0"},
				"south": {"uv": [2.25, 5.25, 3, 6], "texture": "#0"},
				"west": {"uv": [9.5, 4.75, 9.75, 5.5], "texture": "#0"},
				"up": {"uv": [10.25, 1.75, 9.5, 1.5], "texture": "#0"},
				"down": {"uv": [10.25, 1.75, 9.5, 2], "texture": "#0"}
			}
		},
		{
			"from": [3.025, 0, 3],
			"to": [5.025, 5, 4],
			"rotation": {"angle": 0, "axis": "y", "origin": [7.025, 8, 4]},
			"faces": {
				"north": {"uv": [4.5, 4.25, 5, 5.5], "texture": "#0"},
				"east": {"uv": [4, 8, 4.25, 9.25], "texture": "#0"},
				"south": {"uv": [4.75, 2, 5.25, 3.25], "texture": "#0"},
				"west": {"uv": [4.75, 8, 5, 9.25], "texture": "#0"},
				"up": {"uv": [10.75, 2.25, 10.25, 2], "texture": "#0"},
				"down": {"uv": [10.75, 2.25, 10.25, 2.5], "texture": "#0"}
			}
		},
		{
			"from": [11.225, 5, 2.75],
			"to": [13.225, 7, 4.75],
			"rotation": {"angle": 0, "axis": "y", "origin": [8.225, 8, 3.75]},
			"faces": {
				"north": {"uv": [8.75, 3.75, 9.25, 4.25], "texture": "#0"},
				"east": {"uv": [8.75, 4.25, 9.25, 4.75], "texture": "#0"},
				"south": {"uv": [6.75, 8.75, 7.25, 9.25], "texture": "#0"},
				"west": {"uv": [8.75, 6.75, 9.25, 7.25], "texture": "#0"},
				"up": {"uv": [9.25, 7.75, 8.75, 7.25], "texture": "#0"},
				"down": {"uv": [9.25, 7.75, 8.75, 8.25], "texture": "#0"}
			}
		},
		{
			"from": [12.225, 2, 2.75],
			"to": [13.225, 5, 3.75],
			"rotation": {"angle": 0, "axis": "y", "origin": [8.225, 8, 3.75]},
			"faces": {
				"north": {"uv": [0.75, 9.75, 1, 10.5], "texture": "#0"},
				"east": {"uv": [9.75, 2, 10, 2.75], "texture": "#0"},
				"south": {"uv": [9.75, 2.75, 10, 3.5], "texture": "#0"},
				"west": {"uv": [3, 9.75, 3.25, 10.5], "texture": "#0"},
				"up": {"uv": [7, 10.5, 6.75, 10.25], "texture": "#0"},
				"down": {"uv": [10.5, 7, 10.25, 7.25], "texture": "#0"}
			}
		},
		{
			"from": [2.775, 5, 11.25],
			"to": [4.775, 7, 13.25],
			"rotation": {"angle": 0, "axis": "y", "origin": [7.775, 8, 12.25]},
			"faces": {
				"north": {"uv": [8.5, 8.75, 9, 9.25], "texture": "#0"},
				"east": {"uv": [9, 0, 9.5, 0.5], "texture": "#0"},
				"south": {"uv": [9, 1.5, 9.5, 2], "texture": "#0"},
				"west": {"uv": [9, 4.75, 9.5, 5.25], "texture": "#0"},
				"up": {"uv": [9.5, 5.75, 9, 5.25], "texture": "#0"},
				"down": {"uv": [9.5, 5.75, 9, 6.25], "texture": "#0"}
			}
		},
		{
			"from": [3, 6, 5],
			"to": [5, 9, 11],
			"rotation": {"angle": 0, "axis": "y", "origin": [4, 8, 9]},
			"faces": {
				"north": {"uv": [0.5, 8, 1, 8.75], "texture": "#0"},
				"east": {"uv": [3, 3, 4.5, 3.75], "texture": "#0"},
				"south": {"uv": [1, 8, 1.5, 8.75], "texture": "#0"},
				"west": {"uv": [0, 3.75, 1.5, 4.5], "texture": "#0"},
				"up": {"uv": [4.5, 5.75, 4, 4.25], "texture": "#0"},
				"down": {"uv": [0.5, 4.5, 0, 6], "texture": "#0"}
			}
		},
		{
			"from": [4.275, 5.5, 2.75],
			"to": [7.275, 6.5, 3.75],
			"rotation": {"angle": -22.5, "axis": "z", "origin": [5.525, 5.5, 3.75]},
			"faces": {
				"north": {"uv": [9.5, 9, 10.25, 9.25], "texture": "#0"},
				"east": {"uv": [6.5, 10.25, 6.75, 10.5], "texture": "#0"},
				"south": {"uv": [9.5, 9.25, 10.25, 9.5], "texture": "#0"},
				"west": {"uv": [10.25, 6.5, 10.5, 6.75], "texture": "#0"},
				"up": {"uv": [10.25, 9.75, 9.5, 9.5], "texture": "#0"},
				"down": {"uv": [0.75, 9.75, 0, 10], "texture": "#0"}
			}
		},
		{
			"from": [2.775, 5, 2.75],
			"to": [4.775, 7, 4.75],
			"rotation": {"angle": 0, "axis": "y", "origin": [7.775, 8, 3.75]},
			"faces": {
				"north": {"uv": [9, 6.25, 9.5, 6.75], "texture": "#0"},
				"east": {"uv": [9, 8.25, 9.5, 8.75], "texture": "#0"},
				"south": {"uv": [9, 8.75, 9.5, 9.25], "texture": "#0"},
				"west": {"uv": [0, 9.25, 0.5, 9.75], "texture": "#0"},
				"up": {"uv": [1, 9.75, 0.5, 9.25], "texture": "#0"},
				"down": {"uv": [9.75, 0.5, 9.25, 1], "texture": "#0"}
			}
		}
	],
	"display": {
		"thirdperson_righthand": {
			"rotation": [75, 45, 0],
			"translation": [0, 2.5, 0],
			"scale": [0.375, 0.375, 0.375]
		},
		"thirdperson_lefthand": {
			"rotation": [75, 45, 0],
			"translation": [0, 2.5, 0],
			"scale": [0.375, 0.375, 0.375]
		},
		"firstperson_righthand": {
			"rotation": [0, 45, 0],
			"scale": [0.4, 0.4, 0.4]
		},
		"firstperson_lefthand": {
			"rotation": [0, -135, 0],
			"scale": [0.4, 0.4, 0.4]
		},
		"ground": {
			"translation": [0, 2, 0],
			"scale": [0.5, 0.5, 0.5]
		},
		"gui": {
			"rotation": [30, -135, 0],
			"translation": [0, 0.75, 0],
			"scale": [0.8, 0.8, 0.8]
		},
		"head": {
			"translation": [0, 6.25, 0],
			"scale": [1.5, 1.5, 1.5]
		},
		"fixed": {
			"scale": [0.5, 0.5, 0.5]
		}
	}
}