{"display":{"thirdperson_righthand":{"rotation":[0,-90,0],"translation":[0,-2,3.5],"scale":[0.7,0.7,0.7]},"thirdperson_lefthand":{"rotation":[0,90,0],"translation":[0,-2,3.5],"scale":[0.7,0.7,0.7]},"firstperson_righthand":{"rotation":[2,-90,0],"translation":[3.75,0,-3.5],"scale":[0.6,0.6,0.6]},"firstperson_lefthand":{"rotation":[2,102,0],"translation":[3.75,0,-3.5],"scale":[0.6,0.6,0.6]},"ground":{"rotation":[-70,0,-25],"translation":[0,3,0],"scale":[0.4,0.4,0.4]},"gui":{"rotation":[0,0,-45],"translation":[-1.25,1.25,-0.75],"scale":[0.38,0.38,0.38]},"fixed":{"translation":[0,0,-0.75],"scale":[0.4,0.4,0.4]}},"texture_size":[128,128],"textures":{"0":"civilization:item/tools/phantom_bow/anim","1":"civilization:item/tools/phantom_bow/default","particle":"civilization:item/tools/phantom_bow/default"},"elements":[{"from":[5.3931,16.46219,7.499],"to":[13.3951,31.46419,8.501],"rotation":{"angle":-22.5,"axis":"z","origin":[7.63364,18.46111,8]},"faces":{"north":{"uv":[2.25,0.875,3.25,2.75],"texture":"#1"},"east":{"uv":[0.875,4.5,1,6.375],"texture":"#1"},"south":{"uv":[0,2.625,1,4.5],"texture":"#1"},"west":{"uv":[3.25,0.875,3.375,2.75],"texture":"#1"},"up":{"uv":[0.5,6,0.375,5],"rotation":270,"texture":"#1"},"down":{"uv":[0.625,5,0.5,6],"rotation":90,"texture":"#1"}}},{"from":[2.3931,9.46219,7.499],"to":[5.3951,14.46419,8.501],"rotation":{"angle":-22.5,"axis":"z","origin":[7.63364,18.46111,8]},"faces":{"north":{"uv":[1,4.5,1.375,5.125],"texture":"#1"},"east":{"uv":[3.625,5.375,3.75,6],"texture":"#1"},"south":{"uv":[1.375,4.5,1.75,5.125],"texture":"#1"},"west":{"uv":[2,5.25,2.125,5.875],"texture":"#1"},"up":{"uv":[5.75,4.5,5.625,4.125],"rotation":270,"texture":"#1"},"down":{"uv":[5,5.625,4.875,6],"rotation":90,"texture":"#1"}}},{"from":[5.3941,16.46319,8.5],"to":[13.3941,31.46319,7.5],"rotation":{"angle":-22.5,"axis":"z","origin":[7.63364,18.46111,9]},"faces":{"north":{"uv":[2.25,0.875,3.25,2.75],"texture":"#1"},"east":{"uv":[0.875,4.5,1,6.375],"texture":"#1"},"south":{"uv":[0,2.625,1,4.5],"texture":"#1"},"west":{"uv":[3.25,0.875,3.375,2.75],"texture":"#1"},"up":{"uv":[0.5,6,0.375,5],"rotation":270,"texture":"#1"},"down":{"uv":[0.625,5,0.5,6],"rotation":90,"texture":"#1"}}},{"from":[2.3941,9.46319,8.5],"to":[5.3941,14.46319,7.5],"rotation":{"angle":-22.5,"axis":"z","origin":[7.63364,18.46111,9]},"faces":{"north":{"uv":[1,4.5,1.375,5.125],"texture":"#1"},"east":{"uv":[3.625,5.375,3.75,6],"texture":"#1"},"south":{"uv":[1.375,4.5,1.75,5.125],"texture":"#1"},"west":{"uv":[2,5.25,2.125,5.875],"texture":"#1"},"up":{"uv":[5.75,4.5,5.625,4.125],"rotation":270,"texture":"#1"},"down":{"uv":[5,5.625,4.875,6],"rotation":90,"texture":"#1"}}},{"from":[2.31782,26.56046,7.25],"to":[5.81782,29.06046,8.75],"rotation":{"angle":-22.5,"axis":"z","origin":[8.10442,18.82143,8]},"faces":{"north":{"uv":[3.375,5.125,3.75,5.375],"texture":"#1"},"east":{"uv":[4.625,3.75,4.75,4],"texture":"#1"},"south":{"uv":[5.125,4.625,5.5,4.875],"texture":"#1"},"west":{"uv":[2.875,4.625,3,4.875],"texture":"#1"},"up":{"uv":[5.125,6,5,5.625],"rotation":270,"texture":"#1"},"down":{"uv":[5.75,5.375,5.625,5.75],"rotation":90,"texture":"#1"}}},{"from":[2.3941,14.46319,7.5],"to":[5.3941,31.46319,8.5],"rotation":{"angle":-22.5,"axis":"z","origin":[7.63364,18.46111,8]},"faces":{"north":{"uv":[3,2.75,3.375,4.875],"texture":"#1"},"east":{"uv":[4.25,4.375,4.375,6.5],"texture":"#1"},"south":{"uv":[3.375,0.875,3.75,3],"texture":"#1"},"west":{"uv":[4.125,4.375,4.25,6.5],"texture":"#1"},"up":{"uv":[5.875,0.375,5.75,0],"rotation":270,"texture":"#1"},"down":{"uv":[5.875,0.375,5.75,0.75],"rotation":90,"texture":"#1"}}},{"from":[5.3941,18.21319,8],"to":[21.3941,31.21319,8],"rotation":{"angle":-22.5,"axis":"z","origin":[7.63364,18.46111,7.5]},"faces":{"north":{"uv":[0,0,16,13],"texture":"#0"},"south":{"uv":[16,0,0,13],"texture":"#0"}}},{"from":[6.54029,-15.08851,8],"to":[22.54029,-2.08851,8],"rotation":{"angle":22.5,"axis":"z","origin":[8.52015,-5.27991,8]},"faces":{"north":{"uv":[0,13,16,0],"texture":"#0"},"south":{"uv":[16,13,0,0],"texture":"#0"}}},{"from":[3.53929,1.66049,7.499],"to":[6.54129,6.66249,8.501],"rotation":{"angle":22.5,"axis":"z","origin":[8.52015,-5.27991,8]},"faces":{"north":{"uv":[4.5,4.375,4.875,5],"texture":"#1"},"east":{"uv":[5.625,0.375,5.75,1],"texture":"#1"},"south":{"uv":[1.75,4.625,2.125,5.25],"texture":"#1"},"west":{"uv":[2.75,5.5,2.875,6.125],"texture":"#1"},"up":{"uv":[5.875,2.125,5.75,1.75],"rotation":270,"texture":"#1"},"down":{"uv":[2.5,5.75,2.375,6.125],"rotation":90,"texture":"#1"}}},{"from":[6.53929,-15.33951,7.499],"to":[14.54129,-0.33751,8.501],"rotation":{"angle":22.5,"axis":"z","origin":[8.52015,-5.27991,8]},"faces":{"north":{"uv":[1,2.625,2,4.5],"texture":"#1"},"east":{"uv":[2.25,4.625,2.375,6.5],"texture":"#1"},"south":{"uv":[2,2.75,3,4.625],"texture":"#1"},"west":{"uv":[2.125,4.625,2.25,6.5],"texture":"#1"},"up":{"uv":[5.125,3.125,5,2.125],"rotation":270,"texture":"#1"},"down":{"uv":[4.625,5,4.5,6],"rotation":90,"texture":"#1"}}},{"from":[3.54029,1.66149,8.5],"to":[6.54029,6.66149,7.5],"rotation":{"angle":22.5,"axis":"z","origin":[8.52015,-5.27991,9]},"faces":{"north":{"uv":[4.5,4.375,4.875,5],"texture":"#1"},"east":{"uv":[5.625,0.375,5.75,1],"texture":"#1"},"south":{"uv":[1.75,4.625,2.125,5.25],"texture":"#1"},"west":{"uv":[2.75,5.5,2.875,6.125],"texture":"#1"},"up":{"uv":[5.875,2.125,5.75,1.75],"rotation":270,"texture":"#1"},"down":{"uv":[2.5,5.75,2.375,6.125],"rotation":90,"texture":"#1"}}},{"from":[6.54029,-15.33851,8.5],"to":[14.54029,-0.33851,7.5],"rotation":{"angle":22.5,"axis":"z","origin":[8.52015,-5.27991,9]},"faces":{"north":{"uv":[1,2.625,2,4.5],"texture":"#1"},"east":{"uv":[2.25,4.625,2.375,6.5],"texture":"#1"},"south":{"uv":[2,2.75,3,4.625],"texture":"#1"},"west":{"uv":[2.125,4.625,2.25,6.5],"texture":"#1"},"up":{"uv":[5.125,3.125,5,2.125],"rotation":270,"texture":"#1"},"down":{"uv":[4.625,5,4.5,6],"rotation":90,"texture":"#1"}}},{"from":[3.54029,-15.33851,7.5],"to":[6.54029,1.66149,8.5],"rotation":{"angle":22.5,"axis":"z","origin":[8.52015,-5.27991,8]},"faces":{"north":{"uv":[3.375,3,3.75,5.125],"texture":"#1"},"east":{"uv":[0,4.5,0.125,6.625],"texture":"#1"},"south":{"uv":[3.75,0.875,4.125,3],"texture":"#1"},"west":{"uv":[4.375,4.375,4.5,6.5],"texture":"#1"},"up":{"uv":[2.625,6.125,2.5,5.75],"rotation":270,"texture":"#1"},"down":{"uv":[2.75,5.75,2.625,6.125],"rotation":90,"texture":"#1"}}},{"from":[3.79029,-14.08851,7.25],"to":[7.29029,-11.58851,8.75],"rotation":{"angle":22.5,"axis":"z","origin":[9.02015,-6.27991,8]},"faces":{"north":{"uv":[5.125,4.875,5.5,5.125],"texture":"#1"},"east":{"uv":[1,5.875,1.125,6.125],"texture":"#1"},"south":{"uv":[5.125,5.125,5.5,5.375],"texture":"#1"},"west":{"uv":[5.25,0.375,5.375,0.625],"texture":"#1"},"up":{"uv":[3,6.125,2.875,5.75],"rotation":270,"texture":"#1"},"down":{"uv":[3.125,5.75,3,6.125],"rotation":90,"texture":"#1"}}},{"from":[3.36575,-2.2553,7.1],"to":[6.16575,0.5447,8.9],"rotation":{"angle":-22.5,"axis":"z","origin":[9.60442,-2.82143,8]},"faces":{"north":{"uv":[16,16,13,13],"texture":"#0"},"east":{"uv":[15,16,16,13],"texture":"#0"},"south":{"uv":[13,16,16,13],"texture":"#0"}}},{"from":[3.36575,15.4553,7.1],"to":[6.16575,18.2553,8.9],"rotation":{"angle":22.5,"axis":"z","origin":[9.60442,18.82143,8]},"faces":{"north":{"uv":[16,13,13,16],"texture":"#0"},"east":{"uv":[15,13,16,16],"texture":"#0"},"south":{"uv":[13,13,16,16],"texture":"#0"}}},{"name":"out","from":[6.26475,-4.3563,6.999],"to":[8.26675,-1.3543,9.001],"rotation":{"angle":-22.5,"axis":"z","origin":[9.60442,-2.82143,8]},"faces":{"north":{"uv":[4.625,4,4.875,4.375],"texture":"#1"},"east":{"uv":[1.5,5.125,1.75,5.5],"texture":"#1"},"south":{"uv":[5.25,0,5.5,0.375],"texture":"#1"},"west":{"uv":[4.5,0.5,4.75,0.875],"texture":"#1"},"up":{"uv":[5.75,5.375,5.5,5.125],"rotation":270,"texture":"#1"},"down":{"uv":[1.25,5.625,1,5.875],"rotation":90,"texture":"#1"}}},{"name":"in","from":[6.26575,-4.3553,9],"to":[8.26575,-1.3553,7],"rotation":{"angle":-22.5,"axis":"z","origin":[9.60442,-2.82143,10]},"faces":{"north":{"uv":[4.625,4,4.875,4.375],"texture":"#1"},"east":{"uv":[1.5,5.125,1.75,5.5],"texture":"#1"},"south":{"uv":[5.25,0,5.5,0.375],"texture":"#1"},"west":{"uv":[4.5,0.5,4.75,0.875],"texture":"#1"},"up":{"uv":[5.75,5.375,5.5,5.125],"rotation":270,"texture":"#1"},"down":{"uv":[1.25,5.625,1,5.875],"rotation":90,"texture":"#1"}}},{"name":"out","from":[6.26475,17.3543,6.999],"to":[8.26675,20.3563,9.001],"rotation":{"angle":22.5,"axis":"z","origin":[9.60442,18.82143,8]},"faces":{"north":{"uv":[5.25,3.125,5.5,3.5],"texture":"#1"},"east":{"uv":[4.875,5.25,5.125,5.625],"texture":"#1"},"south":{"uv":[5.375,0.375,5.625,0.75],"texture":"#1"},"west":{"uv":[1.75,5.25,2,5.625],"texture":"#1"},"up":{"uv":[5.875,1.25,5.625,1],"rotation":270,"texture":"#1"},"down":{"uv":[1.5,5.625,1.25,5.875],"rotation":90,"texture":"#1"}}},{"name":"in","from":[6.26575,17.3553,9],"to":[8.26575,20.3553,7],"rotation":{"angle":22.5,"axis":"z","origin":[9.60442,18.82143,10]},"faces":{"north":{"uv":[5.25,3.125,5.5,3.5],"texture":"#1"},"east":{"uv":[4.875,5.25,5.125,5.625],"texture":"#1"},"south":{"uv":[5.375,0.375,5.625,0.75],"texture":"#1"},"west":{"uv":[1.75,5.25,2,5.625],"texture":"#1"},"up":{"uv":[5.875,1.25,5.625,1],"rotation":270,"texture":"#1"},"down":{"uv":[1.5,5.625,1.25,5.875],"rotation":90,"texture":"#1"}}},{"from":[2.26575,15.3553,7],"to":[6.26575,20.3553,9],"rotation":{"angle":22.5,"axis":"z","origin":[9.60442,18.82143,8]},"faces":{"north":{"uv":[4.125,3.75,4.625,4.375],"texture":"#1"},"east":{"uv":[4.875,4.625,5.125,5.25],"texture":"#1"},"south":{"uv":[4.25,0.875,4.75,1.5],"texture":"#1"},"west":{"uv":[4.875,4,5.125,4.625],"texture":"#1"},"up":{"uv":[5.25,3.625,5,3.125],"rotation":270,"texture":"#1"},"down":{"uv":[4.875,5,4.625,5.5],"rotation":90,"texture":"#1"}}},{"from":[3.51575,-2.1053,7.25],"to":[6.01575,0.3947,8.75],"rotation":{"angle":-22.5,"axis":"z","origin":[9.60442,-2.82143,8]},"faces":{"north":{"uv":[5,0.625,5.375,1],"texture":"#1"},"east":{"uv":[5.375,1.125,5.625,1.5],"texture":"#1"},"south":{"uv":[5,1,5.375,1.375],"texture":"#1"},"west":{"uv":[5.375,0.75,5.625,1.125],"texture":"#1"},"up":{"uv":[5.625,1.875,5.375,1.5],"rotation":270,"texture":"#1"},"down":{"uv":[3.625,5.375,3.375,5.75],"rotation":90,"texture":"#1"}}},{"from":[3.51575,15.6053,7.25],"to":[6.01575,18.1053,8.75],"rotation":{"angle":22.5,"axis":"z","origin":[9.60442,18.82143,8]},"faces":{"north":{"uv":[5,1.375,5.375,1.75],"texture":"#1"},"east":{"uv":[5.375,5.375,5.625,5.75],"texture":"#1"},"south":{"uv":[5,1.75,5.375,2.125],"texture":"#1"},"west":{"uv":[5.125,5.375,5.375,5.75],"texture":"#1"},"up":{"uv":[5.75,0.375,5.5,0],"rotation":270,"texture":"#1"},"down":{"uv":[1.75,5.5,1.5,5.875],"rotation":90,"texture":"#1"}}},{"from":[5.61388,12.498,6.998],"to":[8.61788,14.502,9.002],"rotation":{"angle":0,"axis":"y","origin":[9.60442,18.82143,8]},"faces":{"north":{"uv":[5.375,1.875,5.75,2.125],"texture":"#1"},"east":{"uv":[5.625,1.5,5.875,1.75],"texture":"#1"},"south":{"uv":[2.375,5.5,2.75,5.75],"texture":"#1"},"west":{"uv":[5.625,1.25,5.875,1.5],"texture":"#1"},"up":{"uv":[5.75,3.5,5.5,3.125],"rotation":270,"texture":"#1"},"down":{"uv":[5.75,3.5,5.5,3.875],"rotation":90,"texture":"#1"}}},{"from":[6.30984,-3.04343,7],"to":[10.30984,1.95657,9],"rotation":{"angle":-22.5,"axis":"z","origin":[8.32887,8,8]},"faces":{"north":{"uv":[4.25,1.5,4.75,2.125],"texture":"#1"},"east":{"uv":[0.125,5,0.375,5.625],"texture":"#1"},"south":{"uv":[4.25,2.125,4.75,2.75],"texture":"#1"},"west":{"uv":[5,0,5.25,0.625],"texture":"#1"},"up":{"uv":[1.25,5.625,1,5.125],"rotation":270,"texture":"#1"},"down":{"uv":[1.5,5.125,1.25,5.625],"rotation":90,"texture":"#1"}}},{"from":[5.61388,1.498,6.998],"to":[8.61788,3.502,9.002],"rotation":{"angle":0,"axis":"y","origin":[8.32887,8,8]},"faces":{"north":{"uv":[5.5,4.625,5.875,4.875],"texture":"#1"},"east":{"uv":[5.625,2.125,5.875,2.375],"texture":"#1"},"south":{"uv":[5.5,4.875,5.875,5.125],"texture":"#1"},"west":{"uv":[1.75,5.625,2,5.875],"texture":"#1"},"up":{"uv":[4.875,5.875,4.625,5.5],"rotation":270,"texture":"#1"},"down":{"uv":[0.375,5.625,0.125,6],"rotation":90,"texture":"#1"}}},{"from":[3.11588,11.5,6],"to":[7.11588,13.5,10],"rotation":{"angle":0,"axis":"y","origin":[8.32887,8,8.5]},"faces":{"north":{"uv":[5.125,2.125,5.625,2.375],"texture":"#1"},"east":{"uv":[5.125,2.375,5.625,2.625],"texture":"#1"},"south":{"uv":[5.125,2.625,5.625,2.875],"texture":"#1"},"west":{"uv":[5,3.625,5.5,3.875],"texture":"#1"},"up":{"uv":[4.75,3.25,4.25,2.75],"rotation":270,"texture":"#1"},"down":{"uv":[4.75,3.25,4.25,3.75],"rotation":90,"texture":"#1"}}},{"from":[4.61588,12,4.5],"to":[5.61588,13,7.5],"rotation":{"angle":0,"axis":"y","origin":[8.82887,8.5,9]},"faces":{"north":{"uv":[2,2.625,2.125,2.75],"texture":"#1"},"east":{"uv":[5.75,0.75,6.125,0.875],"texture":"#1"},"south":{"uv":[2.125,2.625,2.25,2.75],"texture":"#1"},"west":{"uv":[5.625,4.5,6,4.625],"texture":"#1"},"up":{"uv":[6.125,1,5.75,0.875],"rotation":270,"texture":"#1"},"down":{"uv":[3.5,5.75,3.125,5.875],"rotation":90,"texture":"#1"}}},{"from":[1.57887,12,7.53701],"to":[4.57887,13,8.53701],"rotation":{"angle":0,"axis":"y","origin":[0.07887,8.5,11.75]},"faces":{"north":{"uv":[5.75,3.125,6.125,3.25],"texture":"#1"},"east":{"uv":[1.875,4.5,2,4.625],"texture":"#1"},"south":{"uv":[5.75,3.25,6.125,3.375],"texture":"#1"},"west":{"uv":[1.75,4.5,1.875,4.625],"texture":"#1"},"up":{"uv":[5.875,3.75,5.75,3.375],"rotation":270,"texture":"#1"},"down":{"uv":[3.625,5.75,3.5,6.125],"rotation":90,"texture":"#1"}}},{"from":[1.57887,3,7.53701],"to":[4.57887,4,8.53701],"rotation":{"angle":0,"axis":"y","origin":[0.07887,-0.5,11.75]},"faces":{"north":{"uv":[5.75,3.75,6.125,3.875],"texture":"#1"},"east":{"uv":[5.25,3.5,5.375,3.625],"texture":"#1"},"south":{"uv":[5.75,4.125,6.125,4.25],"texture":"#1"},"west":{"uv":[5,3.875,5.125,4],"texture":"#1"},"up":{"uv":[5.25,6.125,5.125,5.75],"rotation":270,"texture":"#1"},"down":{"uv":[5.875,5.125,5.75,5.5],"rotation":90,"texture":"#1"}}},{"from":[4.61588,3,4.5],"to":[5.61588,4,7.5],"rotation":{"angle":0,"axis":"y","origin":[8.82887,-0.5,9]},"faces":{"north":{"uv":[5.375,3.5,5.5,3.625],"texture":"#1"},"east":{"uv":[5.75,4.375,6.125,4.5],"texture":"#1"},"south":{"uv":[5.625,1.75,5.75,1.875],"texture":"#1"},"west":{"uv":[5.75,4.25,6.125,4.375],"texture":"#1"},"up":{"uv":[5.625,5.875,5.25,5.75],"rotation":270,"texture":"#1"},"down":{"uv":[6.125,5.5,5.75,5.625],"rotation":90,"texture":"#1"}}},{"from":[4.61588,12,8.5],"to":[5.61588,13,11.5],"rotation":{"angle":0,"axis":"y","origin":[8.82887,8.5,7]},"faces":{"north":{"uv":[5.875,1,6,1.125],"texture":"#1"},"east":{"uv":[5.75,5.625,6.125,5.75],"texture":"#1"},"south":{"uv":[1.125,5.875,1.25,6],"texture":"#1"},"west":{"uv":[5.625,5.75,6,5.875],"texture":"#1"},"up":{"uv":[6.25,0.125,5.875,0],"rotation":270,"texture":"#1"},"down":{"uv":[6.25,0.125,5.875,0.25],"rotation":90,"texture":"#1"}}},{"from":[4.61588,3,8.5],"to":[5.61588,4,11.5],"rotation":{"angle":0,"axis":"y","origin":[8.82887,-0.5,7]},"faces":{"north":{"uv":[5.875,1.125,6,1.25],"texture":"#1"},"east":{"uv":[5.875,0.375,6.25,0.5],"texture":"#1"},"south":{"uv":[1.25,5.875,1.375,6],"texture":"#1"},"west":{"uv":[5.875,0.25,6.25,0.375],"texture":"#1"},"up":{"uv":[6.25,0.625,5.875,0.5],"rotation":270,"texture":"#1"},"down":{"uv":[6.25,0.625,5.875,0.75],"rotation":90,"texture":"#1"}}},{"from":[3.11588,2.5,6],"to":[7.11588,4.5,10],"rotation":{"angle":0,"axis":"y","origin":[8.32887,8,8.5]},"faces":{"north":{"uv":[5.125,3.875,5.625,4.125],"texture":"#1"},"east":{"uv":[5.125,4.125,5.625,4.375],"texture":"#1"},"south":{"uv":[5.125,4.375,5.625,4.625],"texture":"#1"},"west":{"uv":[5.125,2.875,5.625,3.125],"texture":"#1"},"up":{"uv":[5,0.5,4.5,0],"rotation":270,"texture":"#1"},"down":{"uv":[0.625,4.5,0.125,5],"rotation":90,"texture":"#1"}}},{"from":[4.11588,4.5,7],"to":[6.11588,11.5,9],"rotation":{"angle":0,"axis":"y","origin":[8.32887,8,8]},"faces":{"north":{"uv":[2.625,4.625,2.875,5.5],"texture":"#1"},"east":{"uv":[4.75,0.5,5,1.375],"texture":"#1"},"south":{"uv":[4.75,1.375,5,2.25],"texture":"#1"},"west":{"uv":[2.375,4.625,2.625,5.5],"texture":"#1"},"up":{"uv":[5.875,2.625,5.625,2.375],"rotation":270,"texture":"#1"},"down":{"uv":[5.875,2.625,5.625,2.875],"rotation":90,"texture":"#1"}}},{"from":[3.81588,4.2,6.7],"to":[6.41588,11.8,9.3],"rotation":{"angle":0,"axis":"y","origin":[8.32887,8,8]},"faces":{"north":{"uv":[4.75,3.125,5,4],"texture":"#1"},"east":{"uv":[2.875,4.875,3.125,5.75],"texture":"#1"},"south":{"uv":[3.125,4.875,3.375,5.75],"texture":"#1"},"west":{"uv":[4.75,2.25,5,3.125],"texture":"#1"},"up":{"uv":[5.875,3.125,5.625,2.875],"rotation":270,"texture":"#1"},"down":{"uv":[5.875,3.875,5.625,4.125],"rotation":90,"texture":"#1"}}},{"from":[9.08588,-14.03,7.97],"to":[10.14588,31.03,8.03],"rotation":{"angle":0,"axis":"y","origin":[6.32887,8,8]},"faces":{"north":{"uv":[3.75,3,3.875,8.625],"texture":"#1"},"east":{"uv":[0,0,0,5.625],"texture":"#1"},"south":{"uv":[3.875,3,4,8.625],"texture":"#1"},"west":{"uv":[0,0,0,5.625],"texture":"#1"},"up":{"uv":[0,0.125,0,0],"rotation":270,"texture":"#1"},"down":{"uv":[0,0,0,0.125],"rotation":90,"texture":"#1"}}}],"gui_light":"front"}