{
    "providers": [
        {
            "type": "bitmap",
            "file": "minecraft:font/twitch.png",
            "ascent": 7,
            "height": 7,
            "chars": [
                    "\u0014"
                ]
        },
        {
            "type": "bitmap",
            "file": "minecraft:font/player.png",
            "ascent": 7,
            "height": 7,
            "chars": [
                    "\u00CF"
                ]
        },
        {
            "type": "bitmap",
            "file": "minecraft:font/vip.png",
            "ascent": 7,
            "height": 7,
            "chars": [
                    "\u00D0"
                ]
        },
        {
            "type": "bitmap",
            "file": "minecraft:font/tiktok.png",
            "ascent": 7,
            "height": 7,
            "chars": [
                    "\u00E6"
                ]
        },
        {
            "type": "bitmap",
            "file": "minecraft:font/nerd.png",
            "ascent": 7,
            "height": 10,
            "chars": [
                    "\u00C4"
                ]
        },
        {
            "type": "bitmap",
            "file": "minecraft:font/investor.png",
            "ascent": 7,
            "height": 9,
            "chars": [
                    "\u00DF"
                ]
        },
        {
            "type": "bitmap",
            "file": "minecraft:font/advokat.png",
            "ascent": 7,
            "height": 9,
            "chars": [
                    "\u00D8"
                ]
        },
        {
            "type": "bitmap",
            "file": "minecraft:font/kotek.png",
            "ascent": 7,
            "height": 10,
            "chars": [
                    "\u00F6"
                ]
        }
    ]
}