{"texture_size":[64,64],"elements":[{"from":[3.5,15,3.5],"to":[12.5,18,12.5],"rotation":{"angle":0,"axis":"y","origin":[4.5,1,4.5]},"faces":{"north":{"uv":[4.25,3,6.5,3.75],"texture":"#0"},"east":{"uv":[4.25,3.75,6.5,4.5],"texture":"#0"},"south":{"uv":[0,4.5,2.25,5.25],"texture":"#0"},"west":{"uv":[4.25,4.5,6.5,5.25],"texture":"#0"},"up":{"uv":[2.25,2.25,0,0],"texture":"#0"},"down":{"uv":[2.25,2.25,0,4.5],"texture":"#0"}}},{"from":[7.28033,15,1.26256],"to":[12.28033,16,3.26256],"rotation":{"angle":-22.5,"axis":"y","origin":[8,15.5,3]},"faces":{"north":{"uv":[8.25,2.75,9.5,3],"texture":"#0"},"east":{"uv":[8.75,5.25,9.25,5.5],"texture":"#0"},"south":{"uv":[8.75,1.25,10,1.5],"texture":"#0"},"west":{"uv":[8.75,5.5,9.25,5.75],"texture":"#0"},"up":{"uv":[9.25,3.5,8,3],"texture":"#0"},"down":{"uv":[9.25,3.5,8,4],"texture":"#0"}}},{"from":[3.71967,15,1.26256],"to":[8.71967,16,3.26256],"rotation":{"angle":22.5,"axis":"y","origin":[8,15.5,3]},"faces":{"north":{"uv":[8.75,1.5,10,1.75],"texture":"#0"},"east":{"uv":[8.5,8.75,9,9],"texture":"#0"},"south":{"uv":[8.75,1.75,10,2],"texture":"#0"},"west":{"uv":[9,2,9.5,2.25],"texture":"#0"},"up":{"uv":[9.25,4.5,8,4],"texture":"#0"},"down":{"uv":[9.25,4.5,8,5],"texture":"#0"}}},{"from":[3.98,14.98,3.98],"to":[12.02,19.02,12.02],"rotation":{"angle":0,"axis":"y","origin":[4.5,1,4.5]},"faces":{"north":{"uv":[2.25,4,4.25,5],"texture":"#0"},"east":{"uv":[4.25,0,6.25,1],"texture":"#0"},"south":{"uv":[4.25,1,6.25,2],"texture":"#0"},"west":{"uv":[4.25,2,6.25,3],"texture":"#0"},"up":{"uv":[4.25,2,2.25,0],"texture":"#0"},"down":{"uv":[4.25,2,2.25,4],"texture":"#0"}}},{"from":[6.5,16,2],"to":[9.5,22,4],"rotation":{"angle":0,"axis":"y","origin":[4.5,1,4.5]},"faces":{"north":{"uv":[2,6.5,2.75,8],"texture":"#0"},"east":{"uv":[7.5,7.25,8,8.75],"texture":"#0"},"south":{"uv":[2.75,6.5,3.5,8],"texture":"#0"},"west":{"uv":[2,8,2.5,9.5],"texture":"#0"},"up":{"uv":[8.75,6.75,8,6.25],"texture":"#0"},"down":{"uv":[9.5,0.75,8.75,1.25],"texture":"#0"}}},{"from":[3,14.5,3],"to":[9,17.5,3],"rotation":{"angle":-22.5,"axis":"z","origin":[8,19,3]},"faces":{"north":{"uv":[6.5,3,8,3.75],"texture":"#0"},"east":{"uv":[0,0,0,0.75],"texture":"#0"},"south":{"uv":[6.5,4.5,8,5.25],"texture":"#0"},"west":{"uv":[0,0,0,0.75],"texture":"#0"},"up":{"uv":[1.5,0,0,0],"texture":"#0"},"down":{"uv":[1.5,0,0,0],"texture":"#0"}}},{"from":[7,14.5,3],"to":[13,17.5,3],"rotation":{"angle":22.5,"axis":"z","origin":[8,19,3]},"faces":{"north":{"uv":[6.5,4.5,8,5.25],"texture":"#0"},"east":{"uv":[0,0,0,0.75],"texture":"#0"},"south":{"uv":[6.5,3,8,3.75],"texture":"#0"},"west":{"uv":[0,0,0,0.75],"texture":"#0"},"up":{"uv":[1.5,0,0,0],"texture":"#0"},"down":{"uv":[1.5,0,0,0],"texture":"#0"}}},{"from":[10.5,17,2.5],"to":[12.5,25,3.5],"rotation":{"angle":-22.5,"axis":"z","origin":[8,22,2.5]},"faces":{"north":{"uv":[6,7.25,6.5,9.25],"texture":"#0"},"east":{"uv":[8.25,7.25,8.5,9.25],"texture":"#0"},"south":{"uv":[6.5,7.25,7,9.25],"texture":"#0"},"west":{"uv":[8.5,0,8.75,2],"texture":"#0"},"up":{"uv":[9.25,6.75,8.75,6.5],"texture":"#0"},"down":{"uv":[8,8.75,7.5,9],"texture":"#0"}}},{"from":[3.5,17,2.5],"to":[5.5,25,3.5],"rotation":{"angle":22.5,"axis":"z","origin":[8,22,2.5]},"faces":{"north":{"uv":[5,7.25,5.5,9.25],"texture":"#0"},"east":{"uv":[8,7.25,8.25,9.25],"texture":"#0"},"south":{"uv":[5.5,7.25,6,9.25],"texture":"#0"},"west":{"uv":[8.25,0,8.5,2],"texture":"#0"},"up":{"uv":[9.25,6,8.75,5.75],"texture":"#0"},"down":{"uv":[9.25,6.25,8.75,6.5],"texture":"#0"}}},{"from":[1.8,12,4],"to":[3.8,15,12],"rotation":{"angle":-22.5,"axis":"z","origin":[4.8,10.5,8]},"faces":{"north":{"uv":[8.25,2,8.75,2.75],"texture":"#0"},"east":{"uv":[4.25,5.25,6.25,6],"texture":"#0"},"south":{"uv":[8.25,5.25,8.75,6],"texture":"#0"},"west":{"uv":[2,5.75,4,6.5],"texture":"#0"},"up":{"uv":[4,8.5,3.5,6.5],"texture":"#0"},"down":{"uv":[2,6.75,1.5,8.75],"texture":"#0"}}},{"from":[0.81,8.01,4.01],"to":[1.79,10.99,11.99],"rotation":{"angle":-45,"axis":"z","origin":[4.8,8.5,8]},"faces":{"north":{"uv":[8.75,2,9,2.75],"texture":"#0"},"east":{"uv":[0,6,2,6.75],"texture":"#0"},"south":{"uv":[4,8.75,4.25,9.5],"texture":"#0"},"west":{"uv":[4,6,6,6.75],"texture":"#0"},"up":{"uv":[2.75,10,2.5,8],"texture":"#0"},"down":{"uv":[3,8,2.75,10],"texture":"#0"}}},{"from":[12.2,12,4],"to":[14.2,15,12],"rotation":{"angle":22.5,"axis":"z","origin":[11.2,10.5,8]},"faces":{"north":{"uv":[3.5,8.5,4,9.25],"texture":"#0"},"east":{"uv":[6.25,0.75,8.25,1.5],"texture":"#0"},"south":{"uv":[8.5,7.25,9,8],"texture":"#0"},"west":{"uv":[6.25,1.5,8.25,2.25],"texture":"#0"},"up":{"uv":[4.5,8.75,4,6.75],"texture":"#0"},"down":{"uv":[5,6.75,4.5,8.75],"texture":"#0"}}},{"from":[13.2,8,3.9],"to":[15.2,15,3.9],"rotation":{"angle":22.5,"axis":"z","origin":[11.2,10.5,7.9]},"faces":{"north":{"uv":[7,7.25,7.5,9],"texture":"#0"},"east":{"uv":[0,0,0,1.75],"texture":"#0"},"south":{"uv":[0.5,7.5,1,9.25],"texture":"#0"},"west":{"uv":[0,0,0,1.75],"texture":"#0"},"up":{"uv":[0.5,0,0,0],"texture":"#0"},"down":{"uv":[0.5,0,0,0],"texture":"#0"}}},{"from":[0.8,8,3.9],"to":[2.8,15,3.9],"rotation":{"angle":-22.5,"axis":"z","origin":[4.8,10.5,7.9]},"faces":{"north":{"uv":[0.5,7.5,1,9.25],"texture":"#0"},"east":{"uv":[0,0,0,1.75],"texture":"#0"},"south":{"uv":[7,7.25,7.5,9],"texture":"#0"},"west":{"uv":[0,0,0,1.75],"texture":"#0"},"up":{"uv":[0.5,0,0,0],"texture":"#0"},"down":{"uv":[0.5,0,0,0],"texture":"#0"}}},{"from":[14.21,8.01,4.01],"to":[15.19,10.99,11.99],"rotation":{"angle":45,"axis":"z","origin":[11.2,8.5,8]},"faces":{"north":{"uv":[4.25,8.75,4.5,9.5],"texture":"#0"},"east":{"uv":[6,6,8,6.75],"texture":"#0"},"south":{"uv":[4.5,8.75,4.75,9.5],"texture":"#0"},"west":{"uv":[6.25,0,8.25,0.75],"texture":"#0"},"up":{"uv":[3.25,10,3,8],"texture":"#0"},"down":{"uv":[3.5,8,3.25,10],"texture":"#0"}}},{"from":[4,12.57063,11.19426],"to":[12,15.57063,13.19426],"rotation":{"angle":-22.5,"axis":"x","origin":[8,12.68272,12.38247]},"faces":{"north":{"uv":[6.25,2.25,8.25,3],"texture":"#0"},"east":{"uv":[8.5,8,9,8.75],"texture":"#0"},"south":{"uv":[6.25,5.25,8.25,6],"texture":"#0"},"west":{"uv":[8.75,0,9.25,0.75],"texture":"#0"},"up":{"uv":[7,7.25,5,6.75],"texture":"#0"},"down":{"uv":[9,6.75,7,7.25],"texture":"#0"}}},{"from":[4,9.97247,11.08748],"to":[12,12.97247,12.08748],"rotation":{"angle":-45,"axis":"x","origin":[8,12.68272,12.38247]},"faces":{"north":{"uv":[2.25,5,4.25,5.75],"texture":"#0"},"east":{"uv":[1.5,8.75,1.75,9.5],"texture":"#0"},"south":{"uv":[0,5.25,2,6],"texture":"#0"},"west":{"uv":[1.75,8.75,2,9.5],"texture":"#0"},"up":{"uv":[10,5.25,8,5],"texture":"#0"},"down":{"uv":[10,6,8,6.25],"texture":"#0"}}}],"gui_light":"front","display":{"thirdperson_righthand":{"rotation":[0,36,0],"translation":[0,-4,0],"scale":[0.8,0.8,0.8]},"thirdperson_lefthand":{"rotation":[0,36,0],"translation":[0,-4,0],"scale":[0.8,0.8,0.8]},"firstperson_righthand":{"rotation":[0,37,0],"translation":[2.75,-5.75,0],"scale":[0.8,0.8,0.8]},"firstperson_lefthand":{"rotation":[0,37,0],"translation":[2.75,-5.75,0],"scale":[0.8,0.8,0.8]},"ground":{"rotation":[20,64,0],"translation":[0,-2.75,0.75],"scale":[0.7,0.7,0.7]},"gui":{"rotation":[22.5,135,0],"translation":[0.5,-6.25,0],"scale":[0.9,0.9,0.9]},"head":{"translation":[0,-11,1],"scale":[1.84,1.84,1.84]},"fixed":{"translation":[0,-7.75,3.75]}}}