{"texture_size":[32,32],"elements":[{"from":[3,0.42702,-1.11941],"to":[13,5.42702,8.88059],"rotation":{"angle":45,"axis":"x","origin":[8,2.92702,3.88059]},"faces":{"north":{"uv":[5,0,10,2.5],"texture":"#0"},"east":{"uv":[5,2.5,10,5],"texture":"#0"},"south":{"uv":[5,5,10,7.5],"texture":"#0"},"west":{"uv":[5,7.5,10,10],"texture":"#0"},"up":{"uv":[5,5,0,0],"texture":"#0"},"down":{"uv":[5,5,0,10],"texture":"#0"}}},{"from":[2.25,0,4.24264],"to":[6.25,4,9.24264],"rotation":{"angle":-22.5,"axis":"y","origin":[4.25,2.5,6]},"faces":{"north":{"uv":[4.5,10,6.5,12],"texture":"#0"},"east":{"uv":[0,10,2.5,12],"texture":"#0"},"south":{"uv":[10,4.5,12,6.5],"texture":"#0"},"west":{"uv":[10,0,12.5,2],"texture":"#0"},"up":{"uv":[12,4.5,10,2],"texture":"#0"},"down":{"uv":[4.5,10,2.5,12.5],"texture":"#0"}}},{"from":[3.25,0.99,8.82843],"to":[5.25,2.99,12.82843],"rotation":{"angle":-22.5,"axis":"y","origin":[4.25,2.5,6]},"faces":{"north":{"uv":[9.5,10,10.5,11],"texture":"#0"},"east":{"uv":[6.5,10,8.5,11],"texture":"#0"},"south":{"uv":[10.5,9.5,11.5,10.5],"texture":"#0"},"west":{"uv":[10,6.5,12,7.5],"texture":"#0"},"up":{"uv":[11,9.5,10,7.5],"texture":"#0"},"down":{"uv":[9.5,10,8.5,12],"texture":"#0"}}},{"from":[-2.24264,1,9.49264],"to":[-0.24264,3,11.49264],"rotation":{"angle":22.5,"axis":"y","origin":[4.25,2.5,6]},"faces":{"north":{"uv":[10.5,10.5,11.5,11.5],"texture":"#0"},"east":{"uv":[6.5,11,7.5,12],"texture":"#0"},"south":{"uv":[7.5,11,8.5,12],"texture":"#0"},"west":{"uv":[11,7.5,12,8.5],"texture":"#0"},"up":{"uv":[12,9.5,11,8.5],"texture":"#0"},"down":{"uv":[10.5,11,9.5,12],"texture":"#0"}}},{"from":[-1.24264,1,10.49264],"to":[0.75736,3,12.49264],"rotation":{"angle":22.5,"axis":"y","origin":[4.25,2.5,6]},"faces":{"north":{"uv":[11.5,9.5,12.5,10.5],"texture":"#0"},"east":{"uv":[10.5,11.5,11.5,12.5],"texture":"#0"},"south":{"uv":[11.5,10.5,12.5,11.5],"texture":"#0"},"west":{"uv":[11.5,11.5,12.5,12.5],"texture":"#0"},"up":{"uv":[1,13,0,12],"texture":"#0"},"down":{"uv":[2,12,1,13],"texture":"#0"}}},{"from":[9.75,0,4.24264],"to":[13.75,4,9.24264],"rotation":{"angle":22.5,"axis":"y","origin":[11.75,2.5,6]},"faces":{"north":{"uv":[6.5,10,4.5,12],"texture":"#0"},"east":{"uv":[12.5,0,10,2],"texture":"#0"},"south":{"uv":[12,4.5,10,6.5],"texture":"#0"},"west":{"uv":[2.5,10,0,12],"texture":"#0"},"up":{"uv":[10,4.5,12,2],"texture":"#0"},"down":{"uv":[2.5,10,4.5,12.5],"texture":"#0"}}},{"from":[10.75,0.99,8.82843],"to":[12.75,2.99,12.82843],"rotation":{"angle":22.5,"axis":"y","origin":[11.75,2.5,6]},"faces":{"north":{"uv":[10.5,10,9.5,11],"texture":"#0"},"east":{"uv":[12,6.5,10,7.5],"texture":"#0"},"south":{"uv":[11.5,9.5,10.5,10.5],"texture":"#0"},"west":{"uv":[8.5,10,6.5,11],"texture":"#0"},"up":{"uv":[10,9.5,11,7.5],"texture":"#0"},"down":{"uv":[8.5,10,9.5,12],"texture":"#0"}}},{"from":[16.24264,1,9.49264],"to":[18.24264,3,11.49264],"rotation":{"angle":-22.5,"axis":"y","origin":[11.75,2.5,6]},"faces":{"north":{"uv":[11.5,10.5,10.5,11.5],"texture":"#0"},"east":{"uv":[12,7.5,11,8.5],"texture":"#0"},"south":{"uv":[8.5,11,7.5,12],"texture":"#0"},"west":{"uv":[7.5,11,6.5,12],"texture":"#0"},"up":{"uv":[11,9.5,12,8.5],"texture":"#0"},"down":{"uv":[9.5,11,10.5,12],"texture":"#0"}}},{"from":[15.24264,1,10.49264],"to":[17.24264,3,12.49264],"rotation":{"angle":-22.5,"axis":"y","origin":[11.75,2.5,6]},"faces":{"north":{"uv":[12.5,9.5,11.5,10.5],"texture":"#0"},"east":{"uv":[12.5,11.5,11.5,12.5],"texture":"#0"},"south":{"uv":[12.5,10.5,11.5,11.5],"texture":"#0"},"west":{"uv":[11.5,11.5,10.5,12.5],"texture":"#0"},"up":{"uv":[0,13,1,12],"texture":"#0"},"down":{"uv":[1,12,2,13],"texture":"#0"}}}],"gui_light":"front","display":{"thirdperson_righthand":{"rotation":[15,0,0],"translation":[0,2,1.5],"scale":[0.6,0.6,0.6]},"thirdperson_lefthand":{"rotation":[15,0,0],"translation":[0,2,1.5],"scale":[0.6,0.6,0.6]},"firstperson_righthand":{"rotation":[-50,0,0],"translation":[-1,5.5,0],"scale":[0.5,0.5,0.5]},"firstperson_lefthand":{"rotation":[-50,0,0],"translation":[-1,5.5,0],"scale":[0.5,0.5,0.5]},"ground":{"rotation":[-45,0,0],"translation":[0,4,-1],"scale":[0.7,0.7,0.7]},"gui":{"rotation":[70,150,-35],"translation":[-1.75,3.5,0],"scale":[0.8,0.8,0.8]},"head":{"rotation":[-39.25,0,0],"translation":[0,15,0],"scale":[1.61,1.61,1.61]}}}